1	-1235	4447	5682	ALE	0.9889	-	0.7801
1	5209	10593	5384	ALE	0.9932	-	0.3713
1	9020	14775	5755	ORYCO	0.9993	-	0.9924
1	14793	20076	5283	ALE	0.9884	-	0.6456
1	19948	26533	6585	ALE	0.9985	-	0.7461
1	26045	32174	6129	ALE	0.9955	-	0.6222
1	30838	35651	4813	ALE	0.9966	-	0.8469
1	34315	40077	5762	ORYCO	0.9962	-	0.4348
1	38597	43840	5243	ALE	0.9979	-	0.7943
1	41747	46565	4818	ALE	0.9870	-	0.7761
1	44564	49163	4599	BIANCA	0.9969	-	0.7071
1	41747	46565	4818	ALE	0.9870	-	0.7761
1	44564	49163	4599	BIANCA	0.9969	-	0.7071
1	48770	54259	5489	TORK	0.9326	-	0.7801
1	53572	58921	5349	REINA	0.9460	-	0.4256
1	57252	62953	5701	TORK	0.9602	-	0.9982
1	60451	65996	5545	ALE	0.9991	-	0.9404
1	66090	72655	6565	TORK	0.9916	-	0.4873
1	69432	77888	8456	DEL	0.9224	-	0.9688
1	74803	79945	5142	TORK	0.9984	-	0.9211
1	79533	84553	5020	ALE	0.9407	-	0.9962
1	83223	88524	5301	ALE	0.8705	-	0.8378
1	79533	84553	5020	ALE	0.9407	-	0.9761
1	83223	88524	5301	ALE	0.8705	-	0.8378
1	86440	91397	4957	REINA	0.9956	-	0.8515
1	91883	97700	5817	REINA	0.9863	-	0.4807
1	96276	101620	5344	ALE	0.9789	-	0.7812
1	99375	104064	4689	ALE	0.9923	-	0.8846
1	103362	108545	5183	ALE	0.9700	-	0.3281
1	106394	111209	4815	ALE	0.9562	-	0.5923
1	112986	117896	4910	ALE	0.9925	-	0.8353
1	116681	121561	4880	REINA	0.9123	-	0.9700
1	120426	130107	9681	DEL	0.9442	-	0.5899
1	127099	131109	4010	BIANCA	0.9124	-	0.4210
1	120426	130107	9681	DEL	0.9442	-	0.8920
1	129196	135379	6183	ALE	0.9971	-	0.9646
1	135454	140338	4884	ALE	0.9807	-	0.9751
1	138384	144631	6247	ALE	0.9951	-	0.8782
1	143770	149285	5515	ALE	0.9957	-	0.7735
1	149454	154735	5281	ALE	0.9850	-	0.9500
1	153956	159060	5104	ALE	0.9911	-	0.5578
1	157047	162292	5245	ALE	0.9756	-	0.4617
1	160641	166279	5638	DEL	0.7628	-	0.5037
1	163794	169112	5318	ALE	0.9894	-	0.7180
1	160641	166279	5638	DEL	0.7628	-	0.5255
1	163794	169112	5318	ALE	0.9894	-	0.7180
1	166815	175539	8724	ATHILA	0.9788	-	0.9393
1	172936	178604	5668	TORK	0.9301	-	0.6182
1	176148	181379	5231	TORK	0.9957	-	0.8440
1	180041	185752	5711	ALE	0.9985	-	0.9178
1	183560	188044	4484	ALE	0.7952	-	0.6298
1	187067	192606	5539	TORK	0.9902	-	0.4461
1	192148	197366	5218	ALE	0.9960	-	0.8438
1	196764	201614	4850	TORK	0.8873	-	0.6224
1	199164	205034	5870	REINA	0.9921	-	0.5345
1	204931	210363	5432	TORK	0.9676	-	0.9041
1	199164	205034	5870	REINA	0.9921	-	0.4356
1	204931	210363	5432	TORK	0.9676	-	0.9041
1	209819	216228	6409	TORK	0.9724	-	0.5770
1	215550	221652	6102	TORK	0.9950	-	0.2556
1	222234	227630	5396	TORK	0.9841	-	0.8809
1	225691	230359	4668	ALE	0.9213	-	0.8326
1	228896	234722	5826	ALE	0.9964	-	0.8737
1	233968	240135	6167	REINA	0.9984	-	0.5171
1	239081	244422	5341	ALE	0.9775	-	0.8060
1	242845	253286	10441	ATHILA	0.9924	-	0.8389
1	239081	244422	5341	ALE	0.9775	-	0.5244
1	242845	253286	10441	ATHILA	0.9924	-	0.8389
1	249606	255321	5715	TORK	0.9527	-	0.2563
1	252806	258084	5278	ALE	0.9986	-	0.6813
1	256142	260837	4695	ALE	0.9895	-	0.4447
1	259180	264770	5590	BIANCA	0.9883	-	0.4228
1	263984	272168	8184	DEL	0.9568	-	0.4277
1	268635	278319	9684	ATHILA	0.9957	-	0.7971
1	278058	283833	5775	ALE	0.9898	-	0.6811
1	281423	291157	9734	DEL	0.9681	-	0.2667
1	281423	291157	9734	DEL	0.9681	-	0.2667
1	290726	296133	5407	REINA	0.9676	-	0.3753
1	294164	299993	5829	ALE	0.9771	-	0.4993
1	298507	304148	5641	ALE	0.9633	-	0.8816
1	303170	308985	5815	REINA	0.9986	-	0.6852
1	306344	312852	6508	BIANCA	0.7797	-	0.5997
1	311646	317439	5793	ALE	0.9858	-	0.9944
1	317079	321835	4756	ALE	0.9826	-	0.6628
1	320617	325961	5344	ALE	0.9720	-	0.9339
1	325308	330490	5182	REINA	0.9935	-	0.9077
1	320617	325961	5344	ALE	0.9720	-	0.8975
1	325308	330490	5182	REINA	0.9935	-	0.9077
1	328226	335266	7040	DEL	0.7468	-	0.6023
1	332858	339190	6332	TORK	0.9283	-	0.7009
1	335185	347133	11948	DEL	0.9807	-	0.5910
1	345777	351406	5629	ORYCO	0.9981	-	0.6293
1	350523	361462	10939	TORK	0.9962	-	0.7709
1	361195	366670	5475	ALE	0.9360	-	0.5210
1	361195	366670	5475	ALE	0.9360	-	0.5239
1	367076	371738	4662	ALE	0.9836	-	0.9719
1	371298	378048	6750	TORK	0.9000	-	0.4128
1	375026	381587	6561	ALE	0.9927	-	0.5702
1	379129	383590	4461	BIANCA	0.8419	-	0.9615
1	381907	386703	4796	REINA	0.9807	-	0.4547
1	383994	392750	8756	SIRE	0.9877	-	0.9989
1	389747	394906	5159	REINA	0.9381	-	0.3871
1	393064	398954	5890	ALE	0.9233	-	0.7663
1	396650	404013	7363	ALE	0.9694	-	0.4835
1	401403	406819	5416	ALE	0.9759	-	0.9158
1	404070	411707	7637	DEL	0.9889	-	0.3314
1	401403	406819	5416	ALE	0.9759	-	0.9158
1	404070	411707	7637	DEL	0.9889	-	0.3314
1	409534	416017	6483	ALE	0.9678	-	0.6330
1	414767	421725	6958	BIANCA	0.9962	-	0.6001
1	419541	425145	5604	BIANCA	0.9961	-	0.9144
1	424885	431179	6294	ALE	0.9997	-	0.4600
1	431159	436957	5798	ALE	0.9984	-	0.6023
1	435407	440673	5266	ALE	0.9602	-	0.8462
1	442259	448475	6216	TORK	0.9982	-	0.2474
1	442259	448475	6216	TORK	0.9982	-	0.2474
1	445876	454924	9048	DEL	0.9950	-	0.7729
1	452458	458172	5714	ALE	0.9946	-	0.8648
1	456517	461958	5441	ALE	0.9950	-	0.9410
1	461151	466547	5396	REINA	0.9638	-	0.2901
1	466265	471596	5331	ALE	0.9963	-	0.7694
1	471444	476248	4804	ALE	0.9959	-	0.5942
1	476718	482724	6006	ALE	0.9817	-	0.9835
1	482124	487532	5408	ALE	0.9991	-	0.6460
1	485425	490423	4998	ALE	0.9833	-	0.7487
1	482124	487532	5408	ALE	0.9991	-	0.6460
1	485425	490423	4998	ALE	0.9833	-	0.7487
1	487609	496145	8536	DEL	0.7994	-	0.7125
1	493173	498175	5002	TORK	0.9835	-	0.4680
1	497274	502941	5667	ALE	0.9975	-	0.9311
1	500710	507621	6911	TORK	0.9432	-	0.9791
1	505303	510754	5451	ALE	0.9923	-	0.9143
1	510298	515047	4749	BIANCA	0.9974	-	0.5468
1	515520	519972	4452	ALE	0.9677	-	0.4540
1	520729	526437	5708	REINA	0.9978	-	0.3289
1	517779	523008	5229	ALE	0.7567	-	0.8679
1	520729	526437	5708	REINA	0.9978	-	0.3117
1	527024	535479	8455	SIRE	0.9819	-	0.8434
1	532437	537830	5393	ORYCO	0.9890	-	0.4367
1	537489	542772	5283	ALE	0.9713	-	0.3524
1	540667	545327	4660	ALE	0.9897	-	0.6435
1	542768	549576	6808	TORK	0.9996	-	0.9377
1	548928	553869	4941	TORK	0.9950	-	0.5794
1	553219	559628	6409	ALE	0.9975	-	0.8304
1	558251	563709	5458	TORK	0.9000	-	0.8915
1	561578	566992	5414	ALE	0.9783	-	0.5096
1	561578	566992	5414	ALE	0.9783	-	0.5096
1	569498	574925	5427	REINA	0.9933	-	0.9966
1	573186	580495	7309	SIRE	0.9861	-	0.3847
1	578908	584677	5769	ALE	0.9976	-	0.2481
1	582786	587414	4628	BIANCA	0.7572	-	0.7406
1	586533	592240	5707	ALE	0.9853	-	0.8273
1	589305	597007	7702	TORK	0.9949	-	0.6683
1	596349	601594	5245	ALE	0.9436	-	0.4392
1	599624	605105	5481	ALE	0.9958	-	0.9966
1	604929	610836	5907	ALE	0.9854	-	0.9375
1	599624	605105	5481	ALE	0.9958	-	0.8797
1	604929	610836	5907	ALE	0.9854	-	0.9375
1	610226	614885	4659	ALE	0.9625	-	0.9056
1	615083	621179	6096	ALE	0.9871	-	0.4342
1	618830	623902	5072	ALE	0.8678	-	0.7090
1	622012	627121	5109	ALE	0.9926	-	0.5436
1	627569	632592	5023	TORK	0.9960	-	0.6921
1	630995	635886	4891	ALE	0.9989	-	0.2821
1	634075	639338	5263	TORK	0.9592	-	0.9978
1	637016	642644	5628	ALE	0.9959	-	0.8635
1	642565	649422	6857	ALE	0.9947	-	0.4146
1	642565	649422	6857	ALE	0.9947	-	0.4146
1	647773	652995	5222	REINA	0.9271	-	0.5048
1	651217	656291	5074	ALE	0.9771	-	0.3557
1	655618	660529	4911	BIANCA	0.9903	-	0.6038
1	658131	664506	6375	ALE	0.9997	-	0.6916
1	662265	667314	5049	ALE	0.8154	-	0.4651
1	665549	671537	5988	TORK	0.9984	-	0.4928
1	674574	679877	5303	TORK	0.9743	-	0.4588
1	679235	684142	4907	ALE	0.9888	-	0.8292
1	681075	690404	9329	SIRE	0.9836	-	0.7492
1	679235	684142	4907	ALE	0.9888	-	0.9948
1	681075	690404	9329	SIRE	0.9836	-	0.7545
1	687494	693388	5894	TORK	0.8968	-	0.5182
1	690967	696461	5494	ALE	0.9967	-	0.6762
1	696624	702497	5873	ALE	0.9951	-	0.7111
1	700575	705528	4953	TORK	0.9917	-	0.8389
1	703112	709482	6370	ALE	0.9962	-	0.8736
1	708054	713262	5208	ALE	0.9956	-	0.6982
1	712537	718864	6327	ORYCO	0.9951	-	0.9943
1	716564	720819	4255	ALE	0.9737	-	0.9915
1	722104	728177	6073	ALE	0.9982	-	0.5713
1	722104	728177	6073	ALE	0.9982	-	0.5713
1	728105	734216	6111	BIANCA	0.9942	-	0.9047
1	731625	737682	6057	REINA	0.9911	-	0.9980
1	736130	741098	4968	ALE	0.9965	-	0.8734
1	740107	745460	5353	TORK	0.8495	-	0.5471
1	743096	748440	5344	TORK	0.9921	-	0.8366
1	746644	753387	6743	BIANCA	0.9528	-	0.6244
1	750646	755970	5324	TORK	0.9951	-	0.6652
1	755080	760983	5903	ALE	0.9948	-	0.4859
1	759653	764833	5180	REINA	0.9695	-	0.7220
1	764703	769998	5295	ALE	0.9961	-	0.9802
1	759653	764833	5180	REINA	0.9695	-	0.8946
1	764703	769998	5295	ALE	0.9961	-	0.9802
1	768778	773606	4828	ALE	0.9977	-	0.8454
1	771968	779886	7918	DEL	0.8225	-	0.5361
1	778470	784250	5780	TORK	0.9975	-	0.8649
1	781890	787570	5680	BIANCA	0.9934	-	0.9370
1	787013	792020	5007	ALE	0.9608	-	0.9974
1	790055	795748	5693	ALE	0.9992	-	0.9975
1	793808	799369	5561	ALE	0.9488	-	0.6563
1	797685	805878	8193	TORK	0.9764	-	0.7451
1	804563	811025	6462	BIANCA	0.9987	-	0.6340
1	797685	805878	8193	TORK	0.9764	-	0.9090
1	804563	811025	6462	BIANCA	0.9987	-	0.6340
1	808913	813586	4673	ANGELA	0.9155	-	0.7145
1	815691	821677	5986	ALE	0.9865	-	0.2306
1	819888	826223	6335	ALE	0.9937	-	0.5064
1	822683	832422	9739	ATHILA	0.9953	-	0.9272
1	832273	837474	5201	ALE	0.9940	-	0.5306
1	835219	842814	7595	SIRE	0.9676	-	0.8145
1	838839	849406	10567	SIRE	0.9804	-	0.3670
1	838839	849406	10567	SIRE	0.9804	-	0.9658
1	848469	853555	5086	ALE	0.9993	-	0.9878
1	853497	859469	5972	REINA	0.9949	-	0.8441
1	857553	863276	5723	TORK	0.9720	-	0.6620
1	861709	867972	6263	ALE	0.9996	-	0.9216
1	866698	871561	4863	ALE	0.9892	-	0.6874
1	869254	874526	5272	TORK	0.9989	-	0.9801
1	871592	880407	8815	ATHILA	0.9922	-	0.9275
1	877102	885909	8807	ATHILA	0.9643	-	0.6369
1	883534	889509	5975	ALE	0.9948	-	0.4037
1	877102	885909	8807	ATHILA	0.9643	-	0.5054
1	883534	889509	5975	ALE	0.9948	-	0.4037
1	886746	892927	6181	TORK	0.9107	-	0.4980
1	890150	900005	9855	DEL	0.9979	-	0.8227
1	897566	903156	5590	ALE	0.9703	-	0.8895
1	901054	906394	5340	ALE	0.8748	-	0.6418
1	904091	910004	5913	ALE	0.9972	-	0.8982
1	908985	914645	5660	ORYCO	0.9988	-	0.9016
1	913097	919349	6252	ALE	0.9164	-	0.9190
1	919397	924370	4973	ALE	0.9986	-	0.5139
1	923293	929327	6034	TORK	0.9439	-	0.9995
1	919397	924370	4973	ALE	0.9986	-	0.5173
1	923293	929327	6034	TORK	0.9439	-	0.9995
1	926891	931850	4959	TORK	0.9724	-	0.8312
1	929362	935226	5864	TORK	0.9094	-	0.8202
1	935030	940513	5483	ALE	0.9991	-	0.8339
1	941168	945686	4518	ALE	0.9843	-	0.9062
1	945290	950869	5579	ALE	0.9846	-	0.6018
1	949350	954688	5338	ALE	0.9964	-	0.9380
1	953859	958966	5107	ALE	0.9662	-	0.8970
1	957228	962774	5546	TORK	0.9871	-	0.5515
1	962654	968538	5884	REINA	0.9837	-	0.7624
1	962654	968538	5884	REINA	0.9837	-	0.7624
1	967716	973518	5802	ALE	0.9799	-	0.8310
1	973662	978963	5301	ALE	0.9904	-	0.9927
1	976649	984610	7961	TORK	0.7838	-	0.8784
1	981920	987471	5551	ALE	0.9828	-	0.5884
1	986255	991302	5047	ALE	0.9851	-	0.6646
1	989032	994333	5301	CRM	0.9762	-	0.5026
1	993197	1000001	6804	REINA	0.9887	-	0.9665
1	998369	1004079	5710	ALE	0.9853	-	0.4717
1	1001998	1014291	12293	SIRE	0.9959	-	0.4361
1	1001998	1014291	12293	SIRE	0.9959	-	0.4361
1	1010535	1016514	5979	ALE	0.9696	-	0.6285
1	1014903	1021333	6430	ALE	0.9875	-	0.8779
1	1018554	1027499	8945	TORK	0.9754	-	0.9993
1	1025369	1031393	6024	REINA	0.9912	-	0.6568
1	1029546	1035329	5783	ALE	0.9927	-	0.9883
1	1033775	1038251	4476	BIANCA	0.7675	-	0.6704
1	1037528	1042362	4834	ORYCO	0.9940	-	0.9642
1	1043274	1049108	5834	ALE	0.9629	-	0.6105
1	1043274	1049108	5834	ALE	0.9629	-	0.6105
1	1047187	1052664	5477	ALE	0.9945	-	0.4178
1	1050293	1055772	5479	TORK	0.9174	-	0.7542
1	1054665	1059943	5278	ALE	0.9940	-	0.5095
1	1057460	1065024	7564	TORK	0.9680	-	0.6680
1	1063713	1070789	7076	ALE	0.9953	-	0.6680
1	1068529	1074573	6044	ALE	0.9934	-	0.5124
1	1072424	1082878	10454	DEL	0.9569	-	0.6382
1	1082281	1087660	5379	ALE	0.9910	-	0.6327
1	1082281	1087660	5379	ALE	0.9910	-	0.6327
1	1084505	1093539	9034	SIRE	0.9844	-	0.2957
1	1092493	1098270	5777	ALE	0.9884	-	0.5427
1	1095033	1103360	8327	DEL	0.9806	-	0.7566
1	1100071	1106153	6082	ALE	0.9922	-	0.6951
1	1106431	1112015	5584	ALE	0.9927	-	0.8832
1	1109491	1117217	7726	TORK	0.9600	-	0.9291
1	1114403	1120287	5884	REINA	0.9993	-	0.3472
1	1118139	1123644	5505	ALE	0.8992	-	0.4307
1	1121662	1126160	4498	ALE	0.9921	-	0.9665
1	1124721	1130730	6009	TORK	0.9988	-	0.9231
1	1121662	1126160	4498	ALE	0.9921	-	0.9665
1	1124721	1130730	6009	TORK	0.9988	-	0.9231
1	1131104	1137203	6099	ALE	0.9988	-	0.4819
1	1135967	1145021	9054	ATHILA	0.9761	-	0.9999
1	1144182	1149746	5564	ALE	0.9994	-	0.4828
1	1147603	1153126	5523	TORK	0.7456	-	0.4351
1	1150965	1156901	5936	ALE	0.9978	-	0.2880
1	1155798	1161368	5570	ALE	0.9982	-	0.6206
1	1160360	1167044	6684	REINA	0.9896	-	0.6527
1	1160360	1167044	6684	REINA	0.9896	-	0.8716
1	1166661	1172130	5469	ALE	0.9926	-	0.4936
1	1170114	1175485	5371	ALE	0.9910	-	0.9036
1	1173201	1178320	5119	TORK	0.8762	-	0.8334
1	1175735	1184266	8531	TAT	0.9960	-	0.7317
1	1181766	1186342	4576	ALE	0.9730	-	0.3932
1	1186059	1191341	5282	TORK	0.9719	-	0.7488
1	1192818	1198798	5980	ALE	0.9975	-	0.6004
1	1196955	1203177	6222	TORK	0.9836	-	0.2270
1	1200526	1206076	5550	TORK	0.8120	-	0.5691
1	1204123	1209619	5496	ALE	0.9907	-	0.9855
1	1200526	1206076	5550	TORK	0.8120	-	0.5284
1	1204123	1209619	5496	ALE	0.9907	-	0.9855
1	1208217	1214662	6445	REINA	0.9348	-	0.9989
1	1212900	1218912	6012	TORK	0.9960	-	0.6315
1	1217758	1222111	4353	ALE	0.9842	-	0.4767
1	1222624	1227909	5285	ALE	0.9910	-	0.7867
1	1227396	1232193	4797	ALE	0.9766	-	0.5917
1	1230514	1236006	5492	ALE	0.9767	-	0.8563
1	1232721	1241814	9093	SIRE	0.7961	-	0.8800
1	1238685	1245239	6554	TORK	0.9978	-	0.4124
1	1246227	1251462	5235	ALE	0.9260	-	0.5947
1	1238685	1245239	6554	TORK	0.9978	-	0.5846
1	1248958	1254614	5656	ALE	0.9987	-	0.8444
1	1255052	1261049	5997	TORK	0.9673	-	0.5780
1	1259497	1264817	5320	ALE	0.7858	-	0.9890
1	1262391	1268460	6069	ALE	0.9919	-	0.5083
1	1266640	1272631	5991	TORK	0.8931	-	0.4351
1	1270465	1275781	5316	ALE	0.9957	-	0.5555
1	1273972	1278917	4945	ALE	0.9988	-	0.9269
1	1276434	1282503	6069	REINA	0.9056	-	0.9988
1	1280609	1285767	5158	BIANCA	0.9939	-	0.3564
1	1283712	1289543	5831	ALE	0.9772	-	0.4927
1	1280609	1285767	5158	BIANCA	0.9939	-	0.3276
1	1283712	1289543	5831	ALE	0.9772	-	0.4927
1	1287896	1292972	5076	BIANCA	0.8073	-	0.9960
1	1290844	1299885	9041	ATHILA	0.9848	-	0.5921
1	1298263	1304405	6142	ALE	0.9986	-	0.3097
1	1304095	1309909	5814	ALE	0.9928	-	0.4880
1	1307879	1313898	6019	ALE	0.9992	-	0.9985
1	1311370	1316875	5505	ALE	0.8328	-	0.7910
1	1315787	1321166	5379	ALE	0.9972	-	0.9768
1	1322761	1328563	5802	ALE	0.9933	-	0.4579
1	1322761	1328563	5802	ALE	0.9933	-	0.4579
1	1326928	1332112	5184	TORK	0.9746	-	0.3913
1	1331449	1336653	5204	ORYCO	0.9977	-	0.3598
1	1336775	1343364	6589	ALE	0.9938	-	0.4509
1	1342410	1349418	7008	SIRE	0.9680	-	0.9615
1	1346798	1351911	5113	REINA	0.9861	-	0.3981
1	1351193	1359710	8517	ATHILA	0.9620	-	0.4867
1	1357194	1362414	5220	ALE	0.9962	-	0.9915
1	1361663	1366231	4568	TORK	0.9474	-	0.7157
1	1364537	1369342	4805	ALE	0.9942	-	0.5296
1	1361663	1366231	4568	TORK	0.9474	-	0.7157
1	1364537	1369342	4805	ALE	0.9942	-	0.5296
1	1369794	1375748	5954	REINA	0.9958	-	0.9732
1	1374873	1379501	4628	ALE	0.9987	-	0.6063
1	1377767	1382619	4852	ALE	0.9641	-	0.3925
1	1380490	1385543	5053	TORK	0.9583	-	0.9657
1	1383319	1388290	4971	ALE	0.9805	-	0.6165
1	1386877	1391527	4650	BIANCA	0.9868	-	0.4839
1	1389469	1397930	8461	TAT	0.9792	-	0.5204
1	1395061	1400905	5844	TORK	0.8371	-	0.7408
1	1400157	1405763	5606	ALE	0.9884	-	0.9149
1	1406228	1411454	5226	ALE	0.9964	-	0.8126
1	1400157	1405763	5606	ALE	0.9884	-	0.8453
1	1406228	1411454	5226	ALE	0.9964	-	0.8126
1	1409674	1415535	5861	ALE	0.9925	-	0.6665
1	1412786	1421440	8654	TAT	0.9920	-	0.3438
1	1418206	1423725	5519	ALE	0.9850	-	0.5630
1	1422521	1427537	5016	ALE	0.9804	-	0.8529
1	1426446	1432119	5673	ALE	0.9698	-	0.4745
1	1430603	1435403	4800	ALE	0.9777	-	0.5628
1	1436907	1442628	5721	REINA	0.9889	-	0.7977
1	1439983	1446154	6171	ALE	0.9824	-	0.7995
1	1443558	1450769	7211	TORK	0.9357	-	0.9902
1	1439983	1446154	6171	ALE	0.9824	-	0.4883
1	1443558	1450769	7211	TORK	0.9357	-	0.9902
1	1447827	1453598	5771	ALE	0.8541	-	0.7091
1	1450990	1456946	5956	TORK	0.9968	-	0.7883
1	1454527	1461267	6740	TORK	0.9734	-	0.5601
1	1459416	1465526	6110	ALE	0.9861	-	0.3857
1	1463129	1468567	5438	TORK	0.7601	-	0.8295
1	1466565	1472588	6023	ALE	0.9900	-	0.3603
1	1472441	1477809	5368	ALE	0.9946	-	0.6923
1	1475205	1481721	6516	ORYCO	0.9999	-	0.9835
1	1478881	1486985	8104	DEL	0.8934	-	0.8314
1	1478881	1486985	8104	DEL	0.8934	-	0.7388
1	1484713	1491941	7228	SIRE	0.9763	-	0.5863
1	1491362	1496901	5539	ALE	0.9352	-	0.7811
1	1494938	1499811	4873	ALE	0.9788	-	0.7911
1	1497365	1506389	9024	SIRE	0.9987	-	0.4962
1	1503239	1507957	4718	ORYCO	0.9832	-	0.4209
1	1505778	1511639	5861	ORYCO	0.9968	-	0.8731
1	1509236	1514837	5601	REINA	0.9991	-	0.4360
1	1512577	1517511	4934	BIANCA	0.7602	-	0.4485
1	1515285	1521297	6012	ALE	0.9991	-	0.3780
1	1520991	1525981	4990	TORK	0.9654	-	0.4224
1	1520991	1525981	4990	TORK	0.9654	-	0.4268
1	1526495	1532134	5639	ALE	0.9920	-	0.9309
1	1530148	1535101	4953	ALE	0.9800	-	0.8708
1	1532897	1538352	5455	ALE	0.9379	-	0.9959
1	1536223	1541519	5296	ALE	0.9387	-	0.9186
1	1539183	1544136	4953	ALE	0.9897	-	0.5792
1	1544038	1549150	5112	ALE	0.9855	-	0.6963
1	1548930	1554156	5226	BIANCA	0.9939	-	0.5903
1	1554911	1559896	4985	ALE	0.9974	-	0.9585
1	1559738	1565066	5328	TORK	0.9769	-	0.5289
1	1565107	1570363	5256	ORYCO	0.9920	-	0.7423
1	1559738	1565066	5328	TORK	0.9769	-	0.5342
1	1565107	1570363	5256	ORYCO	0.9920	-	0.7423
1	1570966	1576581	5615	BIANCA	0.9883	-	0.3240
1	1576471	1581931	5460	ALE	0.9920	-	0.9891
1	1580560	1586682	6122	TORK	0.9925	-	0.9694
1	1586598	1592130	5532	ALE	0.9990	-	0.5777
1	1590707	1595704	4997	ALE	0.9131	-	0.9773
1	1595373	1600927	5554	ALE	0.9952	-	0.9644
1	1599346	1604682	5336	ORYCO	0.8449	-	0.6120
1	1602718	1608191	5473	ALE	0.9945	-	0.3446
1	1606374	1611252	4878	ALE	0.9844	-	0.5662
1	1599346	1604682	5336	ORYCO	0.8449	-	0.5018
1	1602718	1608191	5473	ALE	0.9945	-	0.3446
1	1606374	1611252	4878	ALE	0.9844	-	0.5662
1	1609569	1614872	5303	ALE	0.9901	-	0.5296
1	1613690	1619564	5874	ALE	0.9975	-	0.9775
1	1617049	1622333	5284	TORK	0.9400	-	0.9487
1	1621453	1626545	5092	ALE	0.9982	-	0.9411
1	1627243	1632757	5514	TORK	0.9979	-	0.4493
1	1631657	1637320	5663	REINA	0.9879	-	0.4341
1	1635186	1643532	8346	TAT	0.9710	-	0.5414
1	1643002	1648540	5538	ALE	0.9848	-	0.2562
1	1643002	1648540	5538	ALE	0.9848	-	0.2562
1	1648221	1653028	4807	BIANCA	0.9600	-	0.7869
1	1651751	1656343	4592	ALE	0.9971	-	0.6684
1	1655279	1660570	5291	ALE	0.9625	-	0.4218
1	1658004	1665843	7839	DEL	0.9924	-	0.9110
1	1666243	1671354	5111	ALE	0.9509	-	0.4367
1	1670043	1675124	5081	ALE	0.9992	-	0.6705
1	1673744	1679019	5275	ALE	0.9838	-	0.7857
1	1676435	1682592	6157	ALE	0.9754	-	0.9991
1	1678959	1688815	9856	TAT	0.9961	-	0.2459
1	1678959	1688815	9856	TAT	0.9961	-	0.9171
1	1686611	1693077	6466	TORK	0.9138	-	0.6553
1	1693339	1698905	5566	ALE	0.9782	-	0.9639
1	1697031	1702347	5316	TORK	0.9965	-	0.4814
1	1701979	1707612	5633	ALE	0.9635	-	0.7743
1	1706669	1711427	4758	ALE	0.9187	-	0.5313
1	1709245	1714090	4845	ALE	0.8702	-	0.9974
1	1712136	1717485	5349	ALE	0.9807	-	0.7612
1	1715201	1720380	5179	ALE	0.9501	-	0.5261
1	1721568	1727269	5701	BIANCA	0.9862	-	0.9325
1	1721568	1727269	5701	BIANCA	0.9862	-	0.9325
1	1726336	1732437	6101	TORK	0.9904	-	0.9764
1	1733910	1740800	6890	BIANCA	0.9800	-	0.8663
1	1738351	1743880	5529	ALE	0.9919	-	0.9360
1	1742027	1747744	5717	ALE	0.9844	-	0.9047
1	1745611	1750982	5371	ALE	0.9941	-	0.3315
1	1751299	1758454	7155	ALE	0.9997	-	0.5227
1	1756151	1761777	5626	ALE	0.9535	-	0.5269
1	1760195	1765335	5140	TORK	0.9854	-	0.9854
1	1762372	1771646	9274	DEL	0.9936	-	0.8639
1	1760195	1765335	5140	TORK	0.9854	-	0.5895
1	1762372	1771646	9274	DEL	0.9936	-	0.8639
1	1768912	1774088	5176	ALE	0.9287	-	0.8835
1	1771862	1777925	6063	ALE	0.9934	-	0.5693
1	1776790	1781945	5155	ALE	0.9928	-	0.3416
1	1779657	1786330	6673	BIANCA	0.8396	-	0.4847
1	1784749	1790661	5912	ALE	0.9651	-	0.6218
1	1788445	1794514	6069	ALE	0.9991	-	0.7766
1	1793238	1798298	5060	TORK	0.9877	-	0.5976
1	1795666	1802144	6478	TORK	0.7825	-	0.8396
1	1799288	1805967	6679	TORK	0.9945	-	0.6999
1	1803723	1809209	5486	ALE	0.9925	-	0.9982
1	1799288	1805967	6679	TORK	0.9945	-	0.3831
1	1803723	1809209	5486	ALE	0.9925	-	0.9982
1	1808053	1813235	5182	TORK	0.7682	-	0.9796
1	1810969	1816721	5752	ALE	0.9866	-	0.9934
1	1814539	1820148	5609	BIANCA	0.9922	-	0.8888
1	1820493	1825841	5348	REINA	0.9844	-	0.9502
1	1823587	1828603	5016	ALE	0.7985	-	0.9631
1	1826450	1834806	8356	TAT	0.9906	-	0.9597
1	1833518	1840354	6836	REINA	0.9963	-	0.4162
1	1840380	1845797	5417	ALE	0.9960	-	0.9673
1	1844994	1850404	5410	ALE	0.9713	-	0.2652
1	1840380	1845797	5417	ALE	0.9960	-	0.4985
1	1844994	1850404	5410	ALE	0.9713	-	0.2652
1	1848255	1853590	5335	ALE	0.9932	-	0.9488
1	1852727	1857719	4992	ALE	0.9527	-	0.9400
1	1857968	1862862	4894	TORK	0.9970	-	0.9337
1	1860742	1865601	4859	ALE	0.9553	-	0.9736
1	1865185	1872032	6847	ALE	0.9796	-	0.6090
1	1869394	1874573	5179	ALE	0.9985	-	0.4431
1	1875289	1880537	5248	TORK	0.9869	-	0.6430
1	1879160	1884803	5643	ALE	0.9993	-	0.5345
1	1882588	1888182	5594	ALE	0.9970	-	0.7321
1	1879160	1884803	5643	ALE	0.9993	-	0.4714
1	1882588	1888182	5594	ALE	0.9970	-	0.7321
1	1886829	1891853	5024	ALE	0.9936	-	0.8817
1	1889579	1896013	6434	ALE	0.9996	-	0.4924
1	1893792	1899420	5628	TORK	0.9439	-	0.8799
1	1898694	1904803	6109	TORK	0.9991	-	0.2929
1	1903286	1909491	6205	ORYCO	0.9917	-	0.6960
1	1907955	1913600	5645	ALE	0.9125	-	0.5315
1	1913366	1918173	4807	ALE	0.9752	-	0.8820
1	1917603	1923386	5783	ALE	0.9910	-	0.8969
1	1922441	1927378	4937	ALE	0.9543	-	0.6563
1	1922441	1927378	4937	ALE	0.9543	-	0.6563
1	1927682	1932399	4717	TORK	0.9801	-	0.9211
1	1932354	1936806	4452	ALE	0.9875	-	0.7598
1	1935855	1941292	5437	ALE	0.9931	-	0.5089
1	1939945	1945799	5854	ALE	0.9935	-	0.8935
1	1943708	1948594	4886	ALE	0.9862	-	0.4539
1	1945257	1955146	9889	DEL	0.9891	-	0.4944
1	1952552	1957907	5355	ALE	0.9872	-	0.6143
1	1957402	1962015	4613	ALE	0.9981	-	0.9415
1	1959857	1965479	5622	TORK	0.9392	-	0.5384
1	1966412	1970875	4463	ALE	0.9943	-	0.8267
1	1959857	1965479	5622	TORK	0.9392	-	0.3921
1	1966412	1970875	4463	ALE	0.9943	-	0.8267
1	1970487	1975196	4709	ALE	0.8005	-	0.9705
1	1973666	1979381	5715	ALE	0.9879	-	0.9562
1	1976670	1984959	8289	TORK	0.9958	-	0.9863
1	1982200	1991991	9791	TAT	0.9979	-	0.5828
1	1990689	1996637	5948	ORYCO	0.9926	-	0.2621
1	1994540	2000148	5608	ALE	0.9859	-	0.6489
1	1997786	2004176	6390	REINA	0.9976	-	0.6527
1	2004288	2009269	4981	TORK	0.9884	-	0.8114
1	2004288	2009269	4981	TORK	0.9884	-	0.8114
1	2009142	2015104	5962	ALE	0.9863	-	0.6793
1	2015712	2021717	6005	TORK	0.9727	-	0.7445
1	2019850	2025503	5653	TORK	0.9953	-	0.7631
1	2024724	2029801	5077	ALE	0.9748	-	0.9389
1	2027740	2033233	5493	TORK	0.9942	-	0.4226
1	2029946	2039738	9792	TORK	0.9539	-	0.5231
1	2036538	2041558	5020	ALE	0.9610	-	0.3058
1	2041496	2048091	6595	TORK	0.9876	-	0.5864
1	2041496	2048091	6595	TORK	0.9876	-	0.5864
1	2047696	2052574	4878	BIANCA	0.9963	-	0.5555
1	2053300	2058737	5437	ALE	0.9754	-	0.9621
1	2056502	2062189	5687	ALE	0.9973	-	0.4100
1	2060798	2066008	5210	ALE	0.9989	-	0.7469
1	2064950	2074115	9165	SIRE	0.9564	-	0.5468
1	2071147	2076787	5640	ALE	0.9994	-	0.9600
1	2074564	2081935	7371	ORYCO	0.9700	-	0.8594
1	2080271	2085117	4846	BIANCA	0.9885	-	0.9635
1	2085132	2090724	5592	TORK	0.9863	-	0.9546
1	2080271	2085117	4846	BIANCA	0.9885	-	0.9604
1	2085132	2090724	5592	TORK	0.9863	-	0.9546
1	2089291	2095169	5878	TORK	0.9908	-	0.8029
1	2094359	2098674	4315	TORK	0.9028	-	0.9132
1	2097383	2102751	5368	BIANCA	0.9958	-	0.7900
1	2103227	2108014	4787	CRM	0.9833	-	0.9238
1	2105376	2113812	8436	DEL	0.9842	-	0.7951
1	2111500	2117029	5529	ALE	0.9984	-	0.3726
1	2115448	2121241	5793	ALE	0.9045	-	0.5388
1	2119700	2125371	5671	TORK	0.9952	-	0.3598
1	2124558	2128928	4370	TORK	0.9458	-	0.9660
1	2119700	2125371	5671	TORK	0.9952	-	0.7615
1	2124558	2128928	4370	TORK	0.9458	-	0.9660
1	2127464	2132274	4810	ALE	0.9729	-	0.5505
1	2130285	2136149	5864	REINA	0.9947	-	0.3461
1	2135233	2140900	5667	ALE	0.9963	-	0.3839
1	2138591	2144241	5650	BIANCA	0.9932	-	0.9239
1	2141986	2147030	5044	BIANCA	0.8659	-	0.6341
1	2145113	2149925	4812	ALE	0.9963	-	0.9829
1	2145936	2158865	12929	TAT	0.9090	-	0.6194
1	2157235	2166203	8968	DEL	0.9818	-	0.8458
1	2164815	2169946	5131	ALE	0.9909	-	0.7005
1	2157235	2166203	8968	DEL	0.9818	-	0.3465
1	2164815	2169946	5131	ALE	0.9909	-	0.7005
1	2168613	2175584	6971	TORK	0.9605	-	0.2705
1	2174204	2179991	5787	ALE	0.9889	-	0.7286
1	2177961	2187343	9382	SIRE	0.9771	-	0.3789
1	2184903	2190215	5312	ALE	0.9677	-	0.2925
1	2189302	2193816	4514	ALE	0.9890	-	0.6011
1	2193425	2198959	5534	ORYCO	0.9854	-	0.8024
1	2196182	2204134	7952	SIRE	0.9585	-	0.3650
1	2201521	2206830	5309	ALE	0.9954	-	0.8948
1	2201521	2206830	5309	ALE	0.9954	-	0.8948
1	2206244	2212091	5847	TORK	0.8530	-	0.9414
1	2210401	2215271	4870	ALE	0.9811	-	0.9151
1	2212886	2219150	6264	ALE	0.9748	-	0.4887
1	2216834	2223513	6679	TORK	0.9974	-	0.5994
1	2222743	2227770	5027	ALE	0.9016	-	0.9927
1	2227805	2233503	5698	ALE	0.9920	-	0.4277
1	2233202	2238944	5742	ALE	0.9992	-	0.5937
1	2239113	2244013	4900	ALE	0.9980	-	0.6336
1	2245093	2250836	5743	TORK	0.9931	-	0.5330
1	2239113	2244013	4900	ALE	0.9980	-	0.9734
1	2245093	2250836	5743	TORK	0.9931	-	0.5330
1	2248203	2253925	5722	ALE	0.9731	-	0.5026
1	2251548	2256761	5213	ALE	0.9935	-	0.9156
1	2256052	2261498	5446	ALE	0.9651	-	0.2605
1	2258340	2266645	8305	DEL	0.9885	-	0.8194
1	2263669	2269647	5978	ALE	0.9298	-	0.3403
1	2268235	2273042	4807	ALE	0.9981	-	0.8573
1	2272243	2277241	4998	ALE	0.9947	-	0.4498
1	2275422	2280130	4708	ALE	0.9946	-	0.6459
1	2281087	2286386	5299	TORK	0.9982	-	0.9940
1	2281087	2286386	5299	TORK	0.9982	-	0.9944
1	2285647	2291879	6232	BIANCA	0.9134	-	0.8948
1	2291502	2298720	7218	ALE	0.9986	-	0.7942
1	2298684	2304401	5717	ALE	0.9990	-	0.5911
1	2303362	2311166	7804	TORK	0.9457	-	0.6681
1	2308730	2314522	5792	ORYCO	0.9997	-	0.4030
1	2314264	2318968	4704	ALE	0.9986	-	0.7774
1	2317700	2322600	4900	TORK	0.7059	-	0.5158
1	2320325	2326265	5940	TORK	0.9813	-	0.7591
1	2320325	2326265	5940	TORK	0.9813	-	0.7006
1	2326508	2332166	5658	ALE	0.9934	-	0.5884
1	2330917	2336386	5469	BIANCA	0.9806	-	0.5851
1	2334156	2339418	5262	BIANCA	0.9079	-	0.4507
1	2337964	2342618	4654	ALE	0.9962	-	0.9976
1	2343724	2349414	5690	ORYCO	0.9972	-	0.4518
1	2348120	2353911	5791	ALE	0.9963	-	0.5478
1	2355285	2360484	5199	ALE	0.9988	-	0.6101
1	2360213	2365410	5197	ALE	0.9985	-	0.3922
1	2360213	2365410	5197	ALE	0.9985	-	0.5939
1	2364202	2373428	9226	TORK	0.9969	-	0.5053
1	2373376	2378672	5296	ALE	0.9907	-	0.6143
1	2376495	2381071	4576	ALE	0.9559	-	0.5478
1	2380243	2385240	4997	BIANCA	0.9968	-	0.7139
1	2382913	2388592	5679	ALE	0.9805	-	0.3030
1	2386145	2391181	5036	ALE	0.9873	-	0.7485
1	2391545	2396424	4879	ALE	0.9809	-	0.9023
1	2396142	2402193	6051	TORK	0.8846	-	0.8297
1	2403521	2408503	4982	ALE	0.9789	-	0.6651
1	2403521	2408503	4982	ALE	0.9789	-	0.6651
1	2406868	2412073	5205	BIANCA	0.9375	-	0.6997
1	2409860	2415389	5529	ALE	0.9958	-	0.6583
1	2412992	2423279	10287	TAT	0.9876	-	0.9467
1	2420748	2426172	5424	TORK	0.7070	-	0.7966
1	2423668	2430010	6342	REINA	0.9860	-	0.8408
1	2428271	2434099	5828	BIANCA	0.9356	-	0.9961
1	2431745	2437545	5800	ALE	0.8731	-	0.4158
1	2435404	2441341	5937	REINA	0.9911	-	0.9151
1	2439194	2444540	5346	ALE	0.9976	-	0.9110
1	2441790	2448584	6794	TORK	0.9369	-	0.9836
1	2439194	2444540	5346	ALE	0.9976	-	0.9622
1	2441790	2448584	6794	TORK	0.9369	-	0.9836
1	2445103	2454514	9411	TORK	0.9697	-	0.4712
1	2450758	2462396	11638	ATHILA	0.9935	-	0.6505
1	2458336	2464839	6503	ALE	0.9966	-	0.5100
1	2462287	2468134	5847	ALE	0.9544	-	0.5485
1	2466631	2472343	5712	ALE	0.9823	-	0.9977
1	2470161	2475897	5736	ALE	0.9615	-	0.5123
1	2473807	2479892	6085	ALE	0.9971	-	0.6774
1	2480401	2486010	5609	ALE	0.9753	-	0.6588
1	2480401	2486010	5609	ALE	0.9753	-	0.9614
1	2486947	2492061	5114	ALE	0.9986	-	0.6874
1	2490861	2496214	5353	ALE	0.9600	-	0.6620
1	2494327	2500375	6048	ALE	0.9832	-	0.7234
1	2499891	2506547	6656	BIANCA	0.9944	-	0.9064
1	2505953	2511392	5439	ALE	0.9995	-	0.4358
1	2509028	2514666	5638	ALE	0.9964	-	0.9974
1	2512700	2517842	5142	ALE	0.9824	-	0.7875
1	2516029	2521539	5510	TORK	0.9962	-	0.4951
1	2519990	2524630	4640	ALE	0.9966	-	0.6057
1	2523726	2529786	6060	ALE	0.9710	-	0.7018
1	2519990	2524630	4640	ALE	0.9966	-	0.6787
1	2523726	2529786	6060	ALE	0.9710	-	0.7018
1	2527372	2532690	5318	ALE	0.9820	-	0.4388
1	2532010	2537153	5143	ORYCO	0.9971	-	0.7491
1	2535026	2540481	5455	TORK	0.7001	-	0.8965
1	2540039	2544264	4225	ALE	0.9915	-	0.3883
1	2542416	2546912	4496	BIANCA	0.9788	-	0.9488
1	2545220	2554494	9274	DEL	0.9795	-	0.9931
1	2552862	2558022	5160	ALE	0.9640	-	0.3726
1	2559723	2564942	5219	ALE	0.9953	-	0.5149
1	2564719	2570398	5679	ALE	0.9958	-	0.6393
1	2559723	2564942	5219	ALE	0.9953	-	0.8458
1	2564719	2570398	5679	ALE	0.9958	-	0.6393
1	2570904	2575961	5057	ALE	0.9270	-	0.2681
1	2573666	2579046	5380	ALE	0.9944	-	0.7296
1	2577404	2586236	8832	TORK	0.9857	-	0.5874
1	2585260	2590992	5732	ALE	0.9983	-	0.8608
1	2590804	2596222	5418	ALE	0.9853	-	0.6403
1	2595618	2601190	5572	ALE	0.9976	-	0.7761
1	2598691	2604791	6100	ALE	0.9892	-	0.4541
1	2602497	2609823	7326	DEL	0.9785	-	0.9628
1	2598691	2604791	6100	ALE	0.9892	-	0.5465
1	2602497	2609823	7326	DEL	0.9785	-	0.9628
1	2606946	2612458	5512	ALE	0.9591	-	0.9035
1	2611869	2616767	4898	ALE	0.9971	-	0.9997
1	2614315	2624428	10113	DEL	0.9864	-	0.9756
1	2623351	2628764	5413	ALE	0.9988	-	0.7367
1	2626592	2631621	5029	ALE	0.9966	-	0.7886
1	2630418	2635766	5348	ALE	0.9943	-	0.7225
1	2636203	2642961	6758	TORK	0.9994	-	0.5094
1	2644797	2650156	5359	ALE	0.9866	-	0.6716
1	2644797	2650156	5359	ALE	0.9866	-	0.6716
1	2648454	2653563	5109	TORK	0.8337	-	0.3850
1	2652475	2658514	6039	TORK	0.9959	-	0.9884
1	2655980	2662044	6064	ALE	0.7299	-	0.4805
1	2661292	2666373	5081	ALE	0.9978	-	0.9144
1	2664387	2669716	5329	ALE	0.7544	-	0.7943
1	2667261	2672986	5725	ALE	0.9981	-	0.8677
1	2670779	2678140	7361	ALE	0.9997	-	0.9857
1	2677921	2683470	5549	ALE	0.9988	-	0.9937
1	2681842	2691159	9317	SIRE	0.9756	-	0.4712
1	2681842	2691159	9317	SIRE	0.9756	-	0.4712
1	2688253	2693993	5740	ALE	0.9948	-	0.6552
1	2692222	2697600	5378	ALE	0.9944	-	0.5395
1	2695712	2701916	6204	ALE	0.9987	-	0.4217
1	2700590	2706063	5473	TORK	0.9583	-	0.6440
1	2705112	2715085	9973	ATHILA	0.9979	-	0.4342
1	2711833	2718051	6218	BIANCA	0.9855	-	0.9809
1	2715935	2720992	5057	ALE	0.8863	-	0.9005
1	2721159	2729597	8438	TORK	0.9931	-	0.9286
1	2721159	2729597	8438	TORK	0.9931	-	0.9293
1	2727795	2735683	7888	ATHILA	0.9226	-	0.6065
1	2734072	2740209	6137	ALE	0.9957	-	0.7350
1	2738654	2746030	7376	DEL	0.9900	-	0.7917
1	2744710	2750061	5351	ALE	0.9943	-	0.4161
1	2748091	2753233	5142	ALE	0.9846	-	0.3886
1	2751799	2756359	4560	ALE	0.9927	-	0.5073
1	2758453	2764119	5666	ALE	0.9954	-	0.5797
1	2763874	2769984	6110	REINA	0.9979	-	0.9898
1	2758453	2764119	5666	ALE	0.9954	-	0.4482
1	2763874	2769984	6110	REINA	0.9979	-	0.9898
1	2768830	2773999	5169	ALE	0.9722	-	0.7680
1	2773182	2779120	5938	ORYCO	0.9935	-	0.5565
1	2779473	2784732	5259	ORYCO	0.9686	-	0.6660
1	2784898	2790493	5595	TORK	0.9987	-	0.4846
1	2791751	2796708	4957	ALE	0.9245	-	0.5344
1	2795920	2801291	5371	ALE	0.8656	-	0.9095
1	2798922	2805698	6776	TORK	0.9995	-	0.7834
1	2803951	2809660	5709	ALE	0.9937	-	0.5489
1	2798922	2805698	6776	TORK	0.9995	-	0.9724
1	2803951	2809660	5709	ALE	0.9937	-	0.5489
1	2807841	2812269	4428	ALE	0.9921	-	0.4476
1	2810917	2817926	7009	ALE	0.9938	-	0.2619
1	2815075	2821675	6600	ALE	0.9988	-	0.4024
1	2823447	2828272	4825	ALE	0.9985	-	0.5348
1	2829251	2834096	4845	ALE	0.9581	-	0.5856
1	2832973	2838087	5114	ALE	0.9973	-	0.3242
1	2835771	2841278	5507	ALE	0.9874	-	0.5056
1	2841793	2847162	5369	ALE	0.9747	-	0.8435
1	2845583	2852101	6518	REINA	0.9959	-	0.5539
1	2841793	2847162	5369	ALE	0.9747	-	0.8435
1	2845583	2852101	6518	REINA	0.9959	-	0.5539
1	2849549	2854806	5257	ALE	0.9413	-	0.9218
1	2852715	2857712	4997	ALE	0.9912	-	0.3835
1	2855364	2863134	7770	SIRE	0.9709	-	0.9960
1	2859843	2866402	6559	ALE	0.9980	-	0.4254
1	2864949	2871385	6436	REINA	0.9993	-	0.6320
1	2869017	2875633	6616	BIANCA	0.9964	-	0.7190
1	2873854	2878254	4400	ALE	0.9911	-	0.9110
1	2876123	2882443	6320	TORK	0.9745	-	0.9565
1	2881972	2886852	4880	TORK	0.8824	-	0.6403
1	2884613	2890254	5641	ALE	0.9998	-	0.5141
1	2881972	2886852	4880	TORK	0.8824	-	0.6403
1	2884613	2890254	5641	ALE	0.9998	-	0.5141
1	2889909	2894495	4586	ALE	0.9953	-	0.3600
1	2893229	2898104	4875	ALE	0.8869	-	0.3577
1	2895900	2901953	6053	TORK	0.9917	-	0.8755
1	2899572	2904518	4946	REINA	0.9129	-	0.3683
1	2904170	2909925	5755	REINA	0.9994	-	0.7555
1	2909174	2914668	5494	TORK	0.9968	-	0.2940
1	2914935	2921262	6327	TORK	0.9954	-	0.7212
1	2920266	2925489	5223	REINA	0.9623	-	0.5838
1	2923568	2929561	5993	ALE	0.9813	-	0.4961
1	2920266	2925489	5223	REINA	0.9623	-	0.8587
1	2923568	2929561	5993	ALE	0.9813	-	0.4961
1	2929094	2933829	4735	BIANCA	0.9944	-	0.9370
1	2932917	2937203	4286	ALE	0.9579	-	0.5596
1	2936013	2944847	8834	DEL	0.9817	-	0.6604
1	2944522	2949803	5281	ALE	0.9631	-	0.2500
1	2947277	2955000	7723	DEL	0.9669	-	0.6682
1	2956100	2961177	5077	ALE	0.9915	-	0.9946
1	2959690	2965072	5382	TORK	0.9942	-	0.7574
1	2964383	2970636	6253	REINA	0.9976	-	0.6733
1	2959690	2965072	5382	TORK	0.9942	-	0.9177
1	2964383	2970636	6253	REINA	0.9976	-	0.6733
1	2971076	2976347	5271	TORK	0.9931	-	0.5039
1	2974169	2979298	5129	TORK	0.9913	-	0.8203
1	2979711	2986318	6607	ALE	0.9916	-	0.8448
1	2983910	2989685	5775	TORK	0.9943	-	0.5369
1	2988511	2994020	5509	ALE	0.9948	-	0.9900
1	2994396	3000259	5863	ALE	0.9996	-	0.9693
1	2999125	3006995	7870	TORK	0.8808	-	0.8183
1	3003140	3012210	9070	DEL	0.9859	-	0.5839
1	2999125	3006995	7870	TORK	0.8808	-	0.8744
1	3003140	3012210	9070	DEL	0.9859	-	0.5839
1	3012009	3018010	6001	TORK	0.9956	-	0.4122
1	3018779	3024054	5275	ALE	0.9986	-	0.7923
1	3021845	3026595	4750	ALE	0.9680	-	0.8271
1	3025206	3030902	5696	ALE	0.9968	-	0.5558
1	3030329	3035152	4823	ALE	0.9751	-	0.8879
1	3036333	3042141	5808	ALE	0.9992	-	0.4579
1	3040471	3047196	6725	TORK	0.9587	-	0.4669
1	3045493	3050924	5431	ALE	0.9984	-	0.4231
1	3040471	3047196	6725	TORK	0.9587	-	0.3968
1	3045493	3050924	5431	ALE	0.9984	-	0.4231
1	3050880	3056763	5883	ALE	0.9908	-	0.7793
1	3055368	3061272	5904	ALE	0.9829	-	0.3437
1	3058725	3064976	6251	ORYCO	0.9838	-	0.7072
1	3064553	3072008	7455	REINA	0.9721	-	0.5897
1	3070691	3076271	5580	BIANCA	0.9936	-	0.3112
1	3075964	3081034	5070	ORYCO	0.8370	-	0.9131
1	3079525	3084814	5289	ALE	0.9567	-	0.8674
1	3082439	3088483	6044	ALE	0.9919	-	0.5419
1	3079525	3084814	5289	ALE	0.9567	-	0.3498
1	3082439	3088483	6044	ALE	0.9919	-	0.5419
1	3088864	3093690	4826	ALE	0.9778	-	0.9246
1	3092381	3097893	5512	TORK	0.9330	-	0.6911
1	3096837	3104618	7781	TORK	0.9657	-	0.7109
1	3101942	3108446	6504	TORK	0.9907	-	0.5600
1	3106384	3116754	10370	TAT	0.9978	-	0.5676
1	3114715	3120127	5412	ALE	0.8604	-	0.8986
1	3120982	3126501	5519	TORK	0.9942	-	0.7523
1	3125720	3130240	4520	ORYCO	0.9792	-	0.7504
1	3120982	3126501	5519	TORK	0.9942	-	0.7638
1	3125720	3130240	4520	ORYCO	0.9792	-	0.7504
1	3129362	3135293	5931	TORK	0.9994	-	0.7778
1	3134381	3140151	5770	ALE	0.9929	-	0.3080
1	3137531	3144494	6963	TORK	0.9796	-	0.9804
1	3141621	3147341	5720	BIANCA	0.7276	-	0.3026
1	3144758	3151005	6247	ALE	0.9992	-	0.3302
1	3149810	3154731	4921	ALE	0.9693	-	0.6219
1	3153642	3159236	5594	ALE	0.9988	-	0.7451
1	3158364	3164091	5727	TORK	0.8780	-	0.3341
1	3162445	3168576	6131	ALE	0.9844	-	0.4988
1	3158364	3164091	5727	TORK	0.8780	-	0.7246
1	3162445	3168576	6131	ALE	0.9844	-	0.4988
1	3169307	3174207	4900	ALE	0.9854	-	0.3648
1	3173020	3177706	4686	ALE	0.9946	-	0.6369
1	3175673	3181304	5631	TORK	0.9588	-	0.7767
1	3179190	3186034	6844	TORK	0.8578	-	0.3112
1	3183431	3188746	5315	ALE	0.9938	-	0.8012
1	3188303	3193155	4852	ALE	0.9957	-	0.4587
1	3190993	3196583	5590	REINA	0.8455	-	0.4853
1	3195244	3200888	5644	ALE	0.9972	-	0.9355
1	3198891	3205441	6550	ALE	0.9720	-	0.8196
1	3202851	3208908	6057	ORYCO	0.8023	-	0.5470
1	3198891	3205441	6550	ALE	0.9720	-	0.6753
1	3202851	3208908	6057	ORYCO	0.8023	-	0.5470
1	3205558	3215017	9459	DEL	0.9976	-	0.7547
1	3212793	3219235	6442	TORK	0.9872	-	0.6637
1	3216134	3223489	7355	REINA	0.9687	-	0.9212
1	3221173	3227767	6594	ALE	0.9970	-	0.5597
1	3225149	3231295	6146	GALADRIEL	0.7609	-	0.8538
1	3228658	3233998	5340	ALE	0.9960	-	0.5158
1	3234357	3240251	5894	ALE	0.9974	-	0.4325
1	3237935	3243882	5947	ALE	0.8550	-	0.9146
1	3241315	3247489	6174	ALE	0.9915	-	0.7588
1	3244861	3250736	5875	TORK	0.9289	-	0.9709
1	3241315	3247489	6174	ALE	0.9915	-	0.7588
1	3244861	3250736	5875	TORK	0.9289	-	0.9709
1	3248482	3253948	5466	ALE	0.9845	-	0.8054
1	3252815	3257422	4607	ALE	0.9788	-	0.8743
1	3255606	3261521	5915	ALE	0.8940	-	0.6849
1	3260182	3265001	4819	ALE	0.9943	-	0.6916
1	3262713	3274610	11897	DEL	0.9740	-	0.9597
1	3272880	3279194	6314	REINA	0.9957	-	0.5283
1	3276491	3283990	7499	DEL	0.9119	-	0.6411
1	3282606	3287367	4761	ALE	0.9683	-	0.9979
1	3282606	3287367	4761	ALE	0.9683	-	0.9979
1	3287625	3292984	5359	TORK	0.9779	-	0.9331
1	3290524	3296160	5636	ALE	0.9906	-	0.6725
1	3294016	3299415	5399	ALE	0.9718	-	0.4735
1	3299497	3304868	5371	ALE	0.9840	-	0.3757
1	3304385	3309517	5132	ALE	0.9900	-	0.8407
1	3306969	3313100	6131	ALE	0.9771	-	0.9717
1	3311110	3316791	5681	ALE	0.9703	-	0.5986
1	3316045	3322169	6124	ALE	0.9933	-	0.2911
1	3321354	3326599	5245	ALE	0.9968	-	0.9767
1	3325271	3331140	5869	ALE	0.9990	-	0.8720
1	3321354	3326599	5245	ALE	0.9968	-	0.9767
1	3325271	3331140	5869	ALE	0.9990	-	0.8720
1	3327172	3339080	11908	TAT	0.7621	-	0.4311
1	3335142	3340743	5601	ALE	0.9880	-	0.9936
1	3339104	3344253	5149	REINA	0.9893	-	0.4864
1	3341700	3348047	6347	BIANCA	0.9759	-	0.6777
1	3345548	3351425	5877	ALE	0.9937	-	0.9155
1	3351774	3357044	5270	ALE	0.9943	-	0.9854
1	3357470	3363213	5743	ALE	0.9775	-	0.6002
1	3361284	3368012	6728	REINA	0.9946	-	0.8567
1	3361284	3368012	6728	REINA	0.9946	-	0.8565
1	3366697	3372738	6041	ALE	0.9439	-	0.3067
1	3371224	3377023	5799	ALE	0.9810	-	0.3673
1	3377895	3382917	5022	ALE	0.9989	-	0.6274
1	3381741	3387275	5534	ALE	0.9311	-	0.9128
1	3384702	3391066	6364	TORK	0.9979	-	0.3757
1	3390448	3396058	5610	REINA	0.9699	-	0.4548
1	3396244	3402155	5911	ALE	0.9989	-	0.5604
1	3399760	3404724	4964	ALE	0.9959	-	0.9165
1	3404321	3409167	4846	ALE	0.9722	-	0.8063
1	3399760	3404724	4964	ALE	0.9959	-	0.8055
1	3404321	3409167	4846	ALE	0.9722	-	0.8063
1	3406217	3414834	8617	ATHILA	0.7542	-	0.6288
1	3411513	3417518	6005	ALE	0.9993	-	0.5672
1	3416934	3423159	6225	ALE	0.9868	-	0.9094
1	3423548	3428989	5441	ALE	0.9993	-	0.9688
1	3430513	3437126	6613	BIANCA	0.9754	-	0.8125
1	3435442	3440533	5091	TORK	0.9705	-	0.8539
1	3438443	3444412	5969	BIANCA	0.9905	-	0.6124
1	3442078	3448522	6444	ALE	0.9965	-	0.9742
1	3438443	3444412	5969	BIANCA	0.9908	-	0.4738
1	3442078	3448522	6444	ALE	0.9965	-	0.9742
1	3448542	3453079	4537	ALE	0.9913	-	0.5738
1	3452196	3458873	6677	ALE	0.9306	-	0.9952
1	3455465	3463883	8418	TORK	0.9830	-	0.4234
1	3460948	3465967	5019	BIANCA	0.9873	-	0.4174
1	3466144	3471692	5548	REINA	0.9973	-	0.9053
1	3470320	3475709	5389	ALE	0.9935	-	0.5743
1	3475803	3480260	4457	ALE	0.9824	-	0.3665
1	3478833	3483947	5114	ALE	0.9921	-	0.8854
1	3478833	3483947	5114	ALE	0.9921	-	0.7012
1	3484643	3492762	8119	ATHILA	0.9964	-	0.6397
1	3490168	3496296	6128	DEL	0.8121	-	0.7232
1	3494206	3499858	5652	ALE	0.9847	-	0.9690
1	3498433	3503751	5318	ALE	0.9788	-	0.9993
1	3501810	3507596	5786	REINA	0.9353	-	0.9056
1	3505159	3510156	4997	ALE	0.9988	-	0.6021
1	3508307	3513958	5651	ORYCO	0.9129	-	0.7212
1	3512456	3517080	4624	TORK	0.9209	-	0.5011
1	3515699	3521136	5437	ALE	0.9975	-	0.3438
1	3518683	3524889	6206	TORK	0.9864	-	0.8551
1	3524086	3529000	4914	ALE	0.9982	-	0.7989
1	3518683	3524889	6206	TORK	0.9864	-	0.4073
1	3524086	3529000	4914	ALE	0.9982	-	0.7989
1	3527182	3531953	4771	ALE	0.8295	-	0.6575
1	3530018	3535665	5647	ALE	0.9912	-	0.7726
1	3534425	3544100	9675	TORK	0.9697	-	0.6620
1	3542321	3548446	6125	TORK	0.9948	-	0.5213
1	3546878	3552028	5150	ORYCO	0.9975	-	0.8499
1	3549793	3555913	6120	ALE	0.9925	-	0.5873
1	3554438	3559828	5390	ALE	0.9936	-	0.8575
1	3558566	3563719	5153	ALE	0.9840	-	0.4771
1	3561416	3567093	5677	ORYCO	0.9967	-	0.7623
1	3565276	3570732	5456	ALE	0.9846	-	0.8744
1	3561416	3567093	5677	ORYCO	0.9967	-	0.7623
1	3565276	3570732	5456	ALE	0.9846	-	0.8744
1	3570491	3575437	4946	ALE	0.9978	-	0.7152
1	3575828	3580682	4854	ALE	0.9878	-	0.6081
1	3579047	3586370	7323	TORK	0.7629	-	0.6873
1	3583661	3588776	5115	REINA	0.9913	-	0.9258
1	3588371	3594681	6310	ALE	0.9961	-	0.5242
1	3592400	3598277	5877	ALE	0.9929	-	0.8181
1	3599865	3605117	5252	ALE	0.9940	-	0.8288
1	3603032	3608267	5235	ALE	0.9978	-	0.4617
1	3596011	3601901	5890	DEL	0.9267	-	0.8984
1	3599865	3605117	5252	ALE	0.9940	-	0.6418
1	3603032	3608267	5235	ALE	0.9978	-	0.4617
1	3606180	3611691	5511	TORK	0.9930	-	0.8818
1	3609493	3617723	8230	DEL	0.8943	-	0.9270
1	3615055	3621443	6388	TORK	0.9564	-	0.9952
1	3620591	3626355	5764	ALE	0.9876	-	0.7904
1	3624576	3629993	5417	TORK	0.9849	-	0.5072
1	3630516	3635797	5281	ALE	0.9801	-	0.3383
1	3633928	3639772	5844	TORK	0.9454	-	0.8957
1	3638351	3643797	5446	ALE	0.9984	-	0.7998
1	3641684	3647796	6112	TORK	0.8798	-	0.8122
1	3641684	3647796	6112	TORK	0.8798	-	0.8122
1	3645228	3652992	7764	ATHILA	0.9666	-	0.6151
1	3650589	3659086	8497	TORK	0.9955	-	0.3578
1	3655940	3661276	5336	TORK	0.9983	-	0.7880
1	3659404	3664344	4940	ALE	0.9654	-	0.3686
1	3665331	3670782	5451	REINA	0.9930	-	0.5797
1	3671053	3677131	6078	ALE	0.9969	-	0.3859
1	3675015	3680214	5199	ALE	0.9702	-	0.8869
1	3678532	3684429	5897	BIANCA	0.8030	-	0.5334
1	3681870	3687821	5951	ALE	0.9901	-	0.7075
1	3678532	3684429	5897	BIANCA	0.8030	-	0.8861
1	3681870	3687821	5951	ALE	0.9901	-	0.7075
1	3686414	3691786	5372	ALE	0.8243	-	0.9331
1	3690388	3695879	5491	ALE	0.9804	-	0.7680
1	3693278	3699280	6002	TORK	0.9835	-	0.9772
1	3696822	3701933	5111	TORK	0.7690	-	0.9984
1	3699927	3705268	5341	REINA	0.9992	-	0.3620
1	3702581	3710229	7648	TORK	0.8462	-	0.3395
1	3707401	3713083	5682	ALE	0.9994	-	0.9140
1	3710499	3716148	5649	ALE	0.9844	-	0.8506
1	3714534	3720447	5913	ALE	0.8505	-	0.6671
1	3717813	3723351	5538	ALE	0.9984	-	0.6706
1	3721074	3726475	5401	TORK	0.9432	-	0.7967
1	3723358	3733610	10252	ATHILA	0.9742	-	0.5241
1	3721074	3726475	5401	TORK	0.9432	-	0.7983
1	3723358	3733610	10252	ATHILA	0.9742	-	0.5241
1	3730268	3738690	8422	ATHILA	0.9951	-	0.2318
1	3738814	3743787	4973	ALE	0.9982	-	0.5814
1	3743025	3750886	7861	TAT	0.9524	-	0.7599
1	3748138	3753363	5225	ALE	0.9866	-	0.3618
1	3753729	3758510	4781	ALE	0.9914	-	0.5116
1	3759653	3764757	5104	ALE	0.9961	-	0.5362
1	3763818	3770244	6426	BIANCA	0.9690	-	0.5688
1	3759653	3764757	5104	ALE	0.9961	-	0.9988
1	3763818	3770244	6426	BIANCA	0.9690	-	0.5688
1	3769765	3775121	5356	ALE	0.9976	-	0.6520
1	3774805	3780397	5592	ALE	0.9678	-	0.8025
1	3778105	3783268	5163	ALE	0.9855	-	0.3875
1	3781094	3786987	5893	SIRE	0.9270	-	0.9269
1	3784803	3789827	5024	ALE	0.9595	-	0.6424
1	3788334	3794147	5813	ALE	0.9829	-	0.7041
1	3794785	3801011	6226	ALE	0.9989	-	0.1842
1	3798726	3803806	5080	ALE	0.9560	-	0.3215
1	3802102	3807653	5551	ALE	0.9994	-	0.9981
1	3798726	3803806	5080	ALE	0.9560	-	0.9941
1	3802102	3807653	5551	ALE	0.9994	-	0.9981
1	3806017	3812953	6936	ALE	0.8698	-	0.5524
1	3811361	3816749	5388	ALE	0.9996	-	0.4882
1	3814924	3820427	5503	ALE	0.9710	-	0.9559
1	3819421	3824669	5248	ALE	0.9802	-	0.6481
1	3822968	3828706	5738	ALE	0.9945	-	0.9776
1	3826749	3831774	5025	TORK	0.9949	-	0.9659
1	3829888	3834410	4522	ALE	0.9438	-	0.5759
1	3832380	3837742	5362	ALE	0.9488	-	0.9969
1	3836192	3842656	6464	ALE	0.9924	-	0.5712
1	3840962	3846279	5317	REINA	0.8775	-	0.3637
1	3843977	3848896	4919	ALE	0.9938	-	0.4845
1	3840962	3846279	5317	REINA	0.8775	-	0.3878
1	3843977	3848896	4919	ALE	0.9938	-	0.4845
1	3849110	3854562	5452	ALE	0.9941	-	0.9962
1	3853470	3858993	5523	ALE	0.9956	-	0.5133
1	3859793	3863741	3948	ALE	0.9540	-	0.5542
1	3866779	3871300	4521	BIANCA	0.9786	-	0.7948
1	3871590	3877109	5519	ALE	0.9966	-	0.7513
1	3877326	3882913	5587	ALE	0.9616	-	0.9745
1	3880731	3886770	6039	ALE	0.9804	-	0.4068
1	3884791	3890088	5297	ALE	0.9908	-	0.4576
1	3880731	3886770	6039	ALE	0.9804	-	0.3991
1	3884791	3890088	5297	ALE	0.9908	-	0.4576
1	3889666	3894564	4898	ALE	0.9970	-	0.5955
1	3894310	3899285	4975	ALE	0.9440	-	0.5118
1	3899131	3904904	5773	ALE	0.9641	-	0.4806
1	3903668	3908784	5116	ALE	0.8452	-	0.8237
1	3908475	3916146	7671	SIRE	0.9800	-	0.4451
1	3914163	3919304	5141	BIANCA	0.7601	-	0.6722
1	3917773	3923717	5944	ALE	0.9989	-	0.4248
1	3924967	3929975	5008	ALE	0.9919	-	0.9122
1	3924967	3929975	5008	ALE	0.9919	-	0.9122
1	3931117	3937373	6256	ALE	0.9940	-	0.9741
1	3935223	3941220	5997	ALE	0.9716	-	0.5987
1	3940089	3945233	5144	ALE	0.9905	-	0.4936
1	3945457	3950544	5087	ALE	0.9675	-	0.7391
1	3949547	3955042	5495	ALE	0.9952	-	0.3779
1	3955957	3960945	4988	BIANCA	0.9935	-	0.8896
1	3959250	3965138	5888	ALE	0.9942	-	0.8921
1	3964405	3970483	6078	TORK	0.8323	-	0.9786
1	3959250	3965138	5888	ALE	0.9942	-	0.6556
1	3964405	3970483	6078	TORK	0.8323	-	0.9786
1	3968323	3972999	4676	ALE	0.9937	-	0.7347
1	3972414	3978254	5840	ALE	0.9867	-	0.3772
1	3977107	3982839	5732	ALE	0.9948	-	0.5098
1	3980769	3986458	5689	ALE	0.9808	-	0.4005
1	3987262	3991980	4718	TORK	0.9742	-	0.5412
1	3990732	3996562	5830	ALE	0.9948	-	0.5783
1	3995180	4000724	5544	ALE	0.9946	-	0.9952
1	3998371	4003138	4767	ALE	0.9803	-	0.4267
1	4001179	4010348	9169	TORK	0.9616	-	0.8480
1	4001179	4010348	9169	TORK	0.9616	-	0.8487
1	4009190	4016255	7065	REINA	0.9414	-	0.6287
1	4013341	4021489	8148	DEL	0.9650	-	0.4481
1	4018597	4024266	5669	ALE	0.9968	-	0.8211
1	4024396	4029666	5270	ALE	0.9950	-	0.5652
1	4027745	4032357	4612	ALE	0.9678	-	0.9321
1	4030669	4035521	4852	ALE	0.9989	-	0.7954
1	4035107	4041571	6464	TORK	0.9971	-	0.9851
1	4039021	4044524	5503	BIANCA	0.7245	-	0.9279
1	4043518	4048845	5327	ALE	0.9888	-	0.3723
1	4039021	4044524	5503	BIANCA	0.7245	-	0.9155
1	4043518	4048845	5327	ALE	0.9888	-	0.3723
1	4047179	4052717	5538	ALE	0.9951	-	0.8176
1	4053477	4058474	4997	ALE	0.9950	-	0.5489
1	4056517	4061933	5416	ALE	0.9987	-	0.7313
1	4061188	4066052	4864	ALE	0.9812	-	0.7682
1	4063858	4069554	5696	ALE	0.9673	-	0.9918
1	4067299	4071926	4627	ALE	0.7108	-	0.8275
1	4070535	4078332	7797	TORK	0.9776	-	0.9766
1	4076479	4081912	5433	ALE	0.9959	-	0.6333
1	4081669	4086703	5034	ALE	0.9974	-	0.9498
1	4086006	4092243	6237	ALE	0.9651	-	0.7363
1	4081669	4086703	5034	ALE	0.9974	-	0.9498
1	4090415	4096196	5781	ALE	0.9979	-	0.8829
1	4093918	4099698	5780	BIANCA	0.7823	-	0.7506
1	4097462	4103027	5565	ALE	0.9978	-	0.4907
1	4101586	4106135	4549	ALE	0.9635	-	0.7073
1	4104441	4109977	5536	BIANCA	0.7480	-	0.6272
1	4107566	4113218	5652	ALE	0.9982	-	0.8558
1	4113802	4118719	4917	ALE	0.9994	-	0.9884
1	4118924	4124641	5717	ALE	0.9921	-	0.9604
1	4122287	4128715	6428	ALE	0.9983	-	0.3759
1	4118924	4124641	5717	ALE	0.9921	-	0.6353
1	4122287	4128715	6428	ALE	0.9983	-	0.3759
1	4126355	4132195	5840	ALE	0.9983	-	0.6970
1	4131113	4137334	6221	BIANCA	0.9972	-	0.5656
1	4136103	4142302	6199	BIANCA	0.9425	-	0.9208
1	4139859	4145224	5365	TORK	0.9989	-	0.6220
1	4143560	4148735	5175	ALE	0.9931	-	0.6821
1	4149128	4153930	4802	ALE	0.9944	-	0.3294
1	4151887	4156935	5048	ALE	0.8661	-	0.9993
1	4155862	4160437	4575	ALE	0.8522	-	0.9768
1	4160615	4166336	5721	ORYCO	0.9948	-	0.7911
1	4163854	4169237	5383	ALE	0.9990	-	0.9166
1	4160615	4166336	5721	ORYCO	0.9948	-	0.8517
1	4163854	4169237	5383	ALE	0.9990	-	0.9166
1	4167480	4172971	5491	ALE	0.9931	-	0.9240
1	4172841	4177152	4311	ALE	0.9616	-	0.5496
1	4176122	4181634	5512	REINA	0.9939	-	0.4369
1	4180206	4186975	6769	ALE	0.9988	-	0.2912
1	4185213	4190953	5740	ALE	0.9532	-	0.4912
1	4189764	4195541	5777	ALE	0.9970	-	0.4591
1	4193427	4200297	6870	ORYCO	0.9945	-	0.9833
1	4199958	4205007	5049	ALE	0.9532	-	0.9772
1	4202097	4211491	9394	BIANCA	0.8619	-	0.7766
1	4199958	4205007	5049	ALE	0.9532	-	0.6856
1	4202097	4211491	9394	BIANCA	0.8619	-	0.7766
1	4208238	4212941	4703	ALE	0.9892	-	0.4236
1	4210775	4217374	6599	TORK	0.8721	-	0.7055
1	4214680	4220215	5535	BIANCA	0.9911	-	0.5766
1	4219884	4224720	4836	ALE	0.9914	-	0.6402
1	4223531	4228393	4862	ALE	0.9891	-	0.3962
1	4225906	4232134	6228	ALE	0.9992	-	0.9977
1	4232403	4238068	5665	TORK	0.9901	-	0.9820
1	4236997	4242549	5552	TORK	0.9510	-	0.4950
1	4241483	4246785	5302	ALE	0.9652	-	0.6076
1	4244449	4249436	4987	ALE	0.9300	-	0.6165
1	4241483	4246785	5302	ALE	0.9652	-	0.6076
1	4244449	4249436	4987	ALE	0.9300	-	0.6165
1	4248244	4257236	8992	SIRE	0.9989	-	0.5151
1	4256982	4261951	4969	ALE	0.9947	-	0.8133
1	4261911	4267669	5758	ORYCO	0.9979	-	0.7161
1	4267391	4273024	5633	TORK	0.9986	-	0.5487
1	4271532	4276888	5356	TORK	0.9558	-	0.9974
1	4273773	4283257	9484	SIRE	0.9920	-	0.4700
1	4283327	4288798	5471	ALE	0.9805	-	0.4651
1	4283327	4288798	5471	ALE	0.9805	-	0.4651
1	4289928	4295611	5683	TORK	0.9937	-	0.6547
1	4295109	4301423	6314	ALE	0.9989	-	0.9824
1	4299719	4305212	5493	ALE	0.9799	-	0.8793
1	4305044	4310060	5016	ALE	0.9971	-	0.9369
1	4310421	4315934	5513	ALE	0.9822	-	0.5432
1	4313645	4319565	5920	ALE	0.9858	-	0.8789
1	4318514	4325361	6847	ALE	0.9981	-	0.9437
1	4323766	4328947	5181	ALE	0.9892	-	0.9774
1	4323766	4328947	5181	ALE	0.9892	-	0.9774
1	4327090	4332804	5714	ALE	0.9977	-	0.4716
1	4331638	4336643	5005	ALE	0.9910	-	0.5917
1	4335659	4341168	5509	TORK	0.9970	-	0.5974
1	4339689	4344736	5047	ALE	0.9633	-	0.4325
1	4341425	4351148	9723	TORK	0.9818	-	0.8603
1	4347351	4356781	9430	DEL	0.9944	-	0.6216
1	4354482	4359889	5407	TORK	0.9256	-	0.4816
1	4357797	4363257	5460	ALE	0.9889	-	0.9704
1	4362909	4368299	5390	ALE	0.9853	-	0.7650
1	4366332	4370827	4495	REINA	0.9632	-	0.8879
1	4362909	4368299	5390	ALE	0.9853	-	0.7650
1	4368877	4374623	5746	ALE	0.9979	-	0.7994
1	4372759	4377899	5140	ALE	0.9936	-	0.8626
1	4376360	4381789	5429	TORK	0.9773	-	0.9341
1	4380015	4387530	7515	ALE	0.9830	-	0.8479
1	4386993	4392373	5380	ALE	0.9909	-	0.4429
1	4390210	4395344	5134	ALE	0.8878	-	0.5900
1	4395014	4400333	5319	ALE	0.9932	-	0.4646
1	4401238	4405492	4254	ALE	0.9934	-	0.9687
1	4403914	4409199	5285	ORYCO	0.9848	-	0.6803
1	4401238	4405492	4254	ALE	0.9934	-	0.9687
1	4403914	4409199	5285	ORYCO	0.9848	-	0.6803
1	4408941	4414918	5977	ALE	0.9994	-	0.4994
1	4413621	4419226	5605	ALE	0.9971	-	0.9889
1	4418920	4424161	5241	TORK	0.9817	-	0.4663
1	4423701	4428747	5046	ALE	0.9667	-	0.6760
1	4428199	4434009	5810	ALE	0.9996	-	0.6255
1	4431984	4437823	5839	BIANCA	0.9412	-	0.6144
1	4435632	4443299	7667	TORK	0.9926	-	0.9773
1	4441104	4449576	8472	SIRE	0.9671	-	0.6797
1	4441104	4449576	8472	SIRE	0.9671	-	0.6785
1	4446635	4451897	5262	BIANCA	0.7204	-	0.4738
1	4449607	4455517	5910	ALE	0.9891	-	0.8091
1	4454766	4459928	5162	ALE	0.9737	-	0.4807
1	4458471	4465241	6770	ALE	0.9651	-	0.6614
1	4464673	4473747	9074	TORK	0.9666	-	0.2731
1	4470520	4476689	6169	TORK	0.9792	-	0.9573
1	4475217	4481332	6115	TORK	0.8348	-	0.9516
1	4480075	4486224	6149	REINA	0.9957	-	0.4674
1	4483586	4489596	6010	ALE	0.9995	-	0.7250
1	4480075	4486224	6149	REINA	0.9957	-	0.9957
1	4483586	4489596	6010	ALE	0.9995	-	0.7250
1	4490980	4496750	5770	ALE	0.9988	-	0.5956
1	4496715	4501955	5240	TORK	0.9958	-	0.8294
1	4501424	4506485	5061	ALE	0.9805	-	0.8396
1	4504595	4510106	5511	ALE	0.9965	-	0.9857
1	4510442	4516044	5602	ALE	0.9884	-	0.4571
1	4514936	4520335	5399	ORYCO	0.9749	-	0.9816
1	4517736	4523723	5987	TORK	0.9986	-	0.9752
1	4522852	4531013	8161	DEL	0.9936	-	0.6780
1	4522852	4531013	8161	DEL	0.9936	-	0.6780
1	4528796	4533686	4890	ALE	0.9965	-	0.4484
1	4531440	4536577	5137	ALE	0.9287	-	0.9474
1	4534205	4539923	5718	ALE	0.8006	-	0.6988
1	4537853	4544288	6435	TORK	0.9902	-	0.3149
1	4541941	4546830	4889	ALE	0.9413	-	0.9679
1	4544896	4549855	4959	ALE	0.9846	-	0.7983
1	4547734	4552497	4763	ALE	0.9614	-	0.6900
1	4550987	4557032	6045	ALE	0.9966	-	0.8810
1	4556593	4561857	5264	ALE	0.9815	-	0.5677
1	4560253	4566385	6132	REINA	0.9916	-	0.4034
1	4563573	4569754	6181	ALE	0.9985	-	0.8254
1	4560253	4566385	6132	REINA	0.9916	-	0.3960
1	4563573	4569754	6181	ALE	0.9985	-	0.8254
1	4569331	4574352	5021	ALE	0.9752	-	0.4461
1	4573471	4579378	5907	ALE	0.8964	-	0.9952
1	4577503	4583266	5763	ALE	0.9961	-	0.8580
1	4581327	4587944	6617	TORK	0.9960	-	0.9842
1	4586437	4592403	5966	BIANCA	0.8185	-	0.8665
1	4590784	4596668	5884	ALE	0.9987	-	0.6963
1	4594507	4600776	6269	ALE	0.9930	-	0.9932
1	4598420	4603322	4902	TORK	0.9888	-	0.6456
1	4603215	4608051	4836	REINA	0.9819	-	0.7308
1	4603215	4608051	4836	REINA	0.9819	-	0.7308
1	4606241	4610771	4530	ALE	0.8537	-	0.6937
1	4607803	4616524	8721	TORK	0.9966	-	0.4262
1	4613407	4619001	5594	ALE	0.9959	-	0.5322
1	4616934	4621800	4866	ALE	0.9931	-	0.4050
1	4619514	4625529	6015	ALE	0.9772	-	0.5390
1	4623057	4628090	5033	REINA	0.9980	-	0.9572
1	4626433	4631379	4946	ALE	0.9181	-	0.9094
1	4628911	4634712	5801	ALE	0.9933	-	0.2986
1	4634692	4639858	5166	ALE	0.9873	-	0.7963
1	4639749	4646409	6660	TORK	0.9595	-	0.5964
1	4644011	4650835	6824	ALE	0.9999	-	0.8150
1	4639749	4646409	6660	TORK	0.9595	-	0.8354
1	4644011	4650835	6824	ALE	0.9999	-	0.8150
1	4649047	4654611	5564	ALE	0.9953	-	0.9784
1	4652878	4659106	6228	ALE	0.9978	-	0.9754
1	4657130	4662760	5630	ALE	0.9971	-	0.6315
1	4660942	4666121	5179	ALE	0.9976	-	0.6312
1	4666097	4671913	5816	ALE	0.9934	-	0.9703
1	4671274	4677582	6308	TORK	0.9853	-	0.4304
1	4677864	4683178	5314	ALE	0.9998	-	0.7057
1	4683191	4688319	5128	TORK	0.9622	-	0.7903
1	4683191	4688319	5128	TORK	0.9622	-	0.7903
1	4687551	4693201	5650	TORK	0.9364	-	0.6344
1	4691221	4696048	4827	ALE	0.9383	-	0.5353
1	4694028	4699049	5021	ALE	0.9984	-	0.6795
1	4696868	4701951	5083	ALE	0.9793	-	0.4533
1	4699580	4704900	5320	ALE	0.9945	-	0.9874
1	4704151	4709894	5743	ALE	0.9970	-	0.6203
1	4707999	4713641	5642	ALE	0.9877	-	0.7542
1	4711602	4717815	6213	TORK	0.9885	-	0.6073
1	4717214	4721502	4288	ALE	0.9837	-	0.4034
1	4718985	4725672	6687	TORK	0.7432	-	0.8325
1	4723209	4729404	6195	ALE	0.9994	-	0.8773
1	4718985	4725672	6687	TORK	0.7432	-	0.6933
1	4723209	4729404	6195	ALE	0.9994	-	0.8773
1	4727335	4734587	7252	TORK	0.9635	-	0.9100
1	4732580	4737843	5263	ALE	0.9910	-	0.6734
1	4735657	4741118	5461	ALE	0.8721	-	0.6425
1	4738545	4744254	5709	ALE	0.9979	-	0.4338
1	4741197	4749202	8005	TORK	0.9452	-	0.5360
1	4746275	4751128	4853	TORK	0.9304	-	0.4385
1	4749713	4754811	5098	ALE	0.9956	-	0.4904
1	4753205	4758387	5182	ALE	0.9792	-	0.6775
1	4759138	4765690	6552	ALE	0.9905	-	0.9899
1	4764652	4770183	5531	ALE	0.9991	-	0.7488
1	4759138	4765690	6552	ALE	0.9905	-	0.5696
1	4764652	4770183	5531	ALE	0.9991	-	0.7488
1	4767939	4773474	5535	ALE	0.9957	-	0.8326
1	4773710	4778162	4452	TORK	0.9575	-	0.7862
1	4777843	4783075	5232	ALE	0.9983	-	0.9636
1	4783705	4788969	5264	ALE	0.9963	-	0.7526
1	4787936	4793054	5118	ALE	0.9722	-	0.4932
1	4793899	4799503	5604	ALE	0.9859	-	0.8757
1	4797482	4802740	5258	TORK	0.8629	-	0.8460
1	4799485	4812070	12585	DEL	0.9951	-	0.4851
1	4799485	4812070	12585	DEL	0.9951	-	0.3698
1	4809678	4817062	7384	DEL	0.9214	-	0.4454
1	4817656	4822831	5175	ALE	0.9822	-	0.9433
1	4822125	4828149	6024	ALE	0.9997	-	0.9984
1	4826135	4836161	10026	SIRE	0.9433	-	0.2387
1	4835012	4840533	5521	ALE	0.9679	-	0.5272
1	4838326	4842910	4584	TORK	0.9828	-	0.5145
1	4841623	4847510	5887	ALE	0.9977	-	0.9809
1	4845873	4851158	5285	ALE	0.9962	-	0.9495
1	4841623	4847510	5887	ALE	0.9977	-	0.9809
1	4845873	4851158	5285	ALE	0.9962	-	0.9495
1	4849404	4854970	5566	ALE	0.9874	-	0.7714
1	4853352	4859537	6185	BIANCA	0.9988	-	0.7728
1	4857097	4862938	5841	BIANCA	0.9882	-	0.8623
1	4861520	4868100	6580	ALE	0.9990	-	0.3061
1	4867672	4873014	5342	BIANCA	0.9868	-	0.6064
1	4870627	4875950	5323	ALE	0.8930	-	0.9714
1	4874970	4880307	5337	ALE	0.9946	-	0.8679
1	4878914	4884993	6079	REINA	0.9968	-	0.3999
1	4882627	4887689	5062	ALE	0.9583	-	0.6217
1	4878914	4884993	6079	REINA	0.9968	-	0.9002
1	4882627	4887689	5062	ALE	0.9583	-	0.6217
1	4887084	4892179	5095	BIANCA	0.9993	-	0.5659
1	4891486	4896900	5414	ALE	0.9862	-	0.8067
1	4897540	4902096	4556	ALE	0.9950	-	0.5481
1	4899989	4904926	4937	ALE	0.7048	-	0.5420
1	4902727	4907794	5067	ALE	0.9960	-	0.9639
1	4906283	4911500	5217	ALE	0.9739	-	0.4464
1	4912935	4918286	5351	ALE	0.9816	-	0.7536
1	4916485	4922533	6048	REINA	0.8127	-	0.7292
1	4920865	4926368	5503	ALE	0.9990	-	0.4319
1	4925526	4931207	5681	ALE	0.9920	-	0.9326
1	4920865	4926368	5503	ALE	0.9990	-	0.4329
1	4925526	4931207	5681	ALE	0.9920	-	0.9326
1	4931243	4937021	5778	ALE	0.9853	-	0.5065
1	4934544	4940325	5781	BIANCA	0.9953	-	0.5231
1	4938399	4944267	5868	ALE	0.9979	-	0.9668
1	4942895	4948067	5172	ALE	0.9432	-	0.8205
1	4945872	4951751	5879	ALE	0.9991	-	0.9938
1	4950985	4957388	6403	TORK	0.9908	-	0.7388
1	4957161	4962891	5730	REINA	0.9999	-	0.3593
1	4961908	4966852	4944	ALE	0.9798	-	0.5767
1	4961908	4966852	4944	ALE	0.9798	-	0.5767
1	4966378	4972195	5817	REINA	0.9985	-	0.8451
1	4971039	4976269	5230	ALE	0.9854	-	0.7846
1	4974602	4979759	5157	ALE	0.9993	-	0.9020
1	4979548	4985852	6304	REINA	0.9986	-	0.9727
1	4983468	4988529	5061	REINA	0.9397	-	0.8137
1	4987039	4992430	5391	ALE	0.9979	-	0.3555
1	4992327	4997263	4936	ALE	0.9743	-	0.3895
1	4995197	5000906	5709	ALE	0.9643	-	0.9933
1	4999169	5003969	4800	ALE	0.9939	-	0.3451
1	5001835	5006788	4953	ALE	0.9522	-	0.9461
1	5005187	5010897	5710	ALE	0.9802	-	0.8241
1	4999169	5003969	4800	ALE	0.9939	-	0.4982
1	5001835	5006788	4953	ALE	0.9522	-	0.9461
1	5005187	5010897	5710	ALE	0.9802	-	0.8241
1	5008318	5014538	6220	ALE	0.9959	-	0.6521
1	5014523	5020476	5953	ALE	0.9945	-	0.4600
1	5020258	5025899	5641	TORK	0.9964	-	0.9570
1	5023828	5029760	5932	ALE	0.9819	-	0.9623
1	5028475	5035225	6750	TORK	0.9975	-	0.8854
1	5034783	5039764	4981	ALE	0.9365	-	0.3664
1	5038741	5043639	4898	ALE	0.7828	-	0.8445
1	5041401	5046917	5516	ALE	0.9993	-	0.3039
1	5045197	5049906	4709	ALE	0.9969	-	0.9840
1	5038741	5043639	4898	ALE	0.7828	-	0.4101
1	5041401	5046917	5516	ALE	0.9993	-	0.3039
1	5045197	5049906	4709	ALE	0.9969	-	0.9840
1	5048127	5053372	5245	ALE	0.9817	-	0.3416
1	5052300	5057788	5488	TORK	0.9582	-	0.9103
1	5055571	5060982	5411	ALE	0.9933	-	0.9524
1	5059277	5063953	4676	ALE	0.9724	-	0.4552
1	5062711	5068342	5631	REINA	0.9793	-	0.5663
1	5066260	5071152	4892	ALE	0.9317	-	0.9955
1	5069412	5078279	8867	SIRE	0.9666	-	0.7180
1	5075824	5080891	5067	ALE	0.9931	-	0.6267
1	5079746	5084868	5122	BIANCA	0.9937	-	0.7995
1	5082455	5088119	5664	TORK	0.9883	-	0.3743
1	5079746	5084868	5122	BIANCA	0.9937	-	0.7957
1	5082455	5088119	5664	TORK	0.9883	-	0.3743
1	5086277	5091196	4919	ALE	0.9905	-	0.8895
1	5089174	5094069	4895	TORK	0.7777	-	0.9807
1	5091692	5097148	5456	TORK	0.9346	-	0.4558
1	5097469	5102262	4793	ALE	0.9956	-	0.8169
1	5100180	5105917	5737	ALE	0.9947	-	0.9849
1	5105325	5111455	6130	REINA	0.9734	-	0.6709
1	5109657	5115601	5944	REINA	0.9515	-	0.2144
1	5113230	5119932	6702	ALE	0.9962	-	0.9118
1	5117373	5122833	5460	REINA	0.8498	-	0.3621
1	5121114	5125865	4751	BIANCA	0.9907	-	0.5089
1	5124450	5129915	5465	ALE	0.9933	-	0.9994
1	5121114	5125865	4751	BIANCA	0.9907	-	0.5087
1	5124450	5129915	5465	ALE	0.9933	-	0.9994
1	5128605	5135106	6501	ALE	0.9890	-	0.9922
1	5132891	5138194	5303	ALE	0.9677	-	0.9624
1	5134591	5145505	10914	TAT	0.9952	-	0.7882
1	5143175	5148373	5198	ALE	0.9629	-	0.4008
1	5146045	5151438	5393	ALE	0.8533	-	0.9317
1	5149328	5154755	5427	ALE	0.9995	-	0.3308
1	5153611	5158509	4898	ALE	0.9899	-	0.9956
1	5156427	5161475	5048	ALE	0.9678	-	0.9993
1	5159041	5165264	6223	ALE	0.9974	-	0.9851
1	5164433	5169128	4695	REINA	0.9617	-	0.8878
1	5159041	5165264	6223	ALE	0.9974	-	0.9607
1	5164433	5169128	4695	REINA	0.9617	-	0.8878
1	5168675	5174323	5648	REINA	0.9989	-	0.7521
1	5172062	5176772	4710	TORK	0.9566	-	0.7427
1	5174655	5181217	6562	TORK	0.9880	-	0.6215
1	5179306	5184750	5444	REINA	0.9580	-	0.3738
1	5182124	5188510	6386	ALE	0.9990	-	0.8142
1	5186017	5190885	4868	BIANCA	0.8250	-	0.9568
1	5189402	5195467	6065	ALE	0.9989	-	0.9465
1	5194886	5200997	6111	ALE	0.9985	-	0.5736
1	5201330	5206681	5351	ALE	0.9933	-	0.3673
1	5204811	5210448	5637	ALE	0.9411	-	0.6268
1	5201330	5206681	5351	ALE	0.9933	-	0.3673
1	5204811	5210448	5637	ALE	0.9411	-	0.6268
1	5208273	5212959	4686	ALE	0.9971	-	0.9881
1	5211919	5218875	6956	ALE	0.9527	-	0.6383
1	5217963	5226400	8437	SIRE	0.9904	-	0.4713
1	5223439	5229038	5599	REINA	0.8164	-	0.9757
1	5226666	5232478	5812	ALE	0.9993	-	0.6227
1	5231114	5236609	5495	TORK	0.9276	-	0.5174
1	5236146	5241697	5551	BIANCA	0.9963	-	0.8235
1	5242008	5248852	6844	ALE	0.9938	-	0.4783
1	5242008	5248852	6844	ALE	0.9938	-	0.4783
1	5247140	5255462	8322	SIRE	0.9918	-	0.9000
1	5252802	5258741	5939	REINA	0.9466	-	0.8890
1	5257350	5263493	6143	BIANCA	0.8908	-	0.4794
1	5260864	5266382	5518	TORK	0.9944	-	0.5375
1	5266044	5271947	5903	ALE	0.9946	-	0.7975
1	5270927	5276265	5338	REINA	0.8104	-	0.6840
1	5273779	5280382	6603	ALE	0.9914	-	0.7511
1	5277279	5284798	7519	DEL	0.9539	-	0.9251
1	5284052	5289180	5128	ALE	0.9947	-	0.6955
1	5277279	5284798	7519	DEL	0.9539	-	0.9841
1	5284052	5289180	5128	ALE	0.9947	-	0.6955
1	5288677	5294822	6145	ALE	0.9984	-	0.6158
1	5293957	5303851	9894	ATHILA	0.9662	-	0.7751
1	5300614	5305819	5205	TORK	0.9832	-	0.7923
1	5305086	5315129	10043	DEL	0.9815	-	0.3662
1	5311329	5318321	6992	BIANCA	0.9880	-	0.8080
1	5317050	5321820	4770	ORYCO	0.9230	-	0.3931
1	5321439	5330427	8988	SIRE	0.9917	-	0.9767
1	5321439	5330427	8988	SIRE	0.9917	-	0.9767
1	5327392	5332532	5140	ORYCO	0.9247	-	0.6205
1	5330536	5338725	8189	DEL	0.9441	-	0.3768
1	5336573	5341826	5253	TORK	0.9857	-	0.7424
1	5339152	5347256	8104	DEL	0.8022	-	0.2882
1	5344183	5349849	5666	ALE	0.9975	-	0.9351
1	5348012	5353062	5050	ALE	0.9875	-	0.9434
1	5350844	5355836	4992	ALE	0.9938	-	0.4631
1	5354528	5360308	5780	ALE	0.9980	-	0.4085
1	5358029	5362768	4739	ALE	0.9975	-	0.7022
1	5362657	5367476	4819	TORK	0.9920	-	0.6377
1	5366056	5371710	5654	ALE	0.9976	-	0.9341
1	5362657	5367476	4819	TORK	0.9920	-	0.6377
1	5366056	5371710	5654	ALE	0.9976	-	0.9341
1	5371830	5376175	4345	ALE	0.9845	-	0.4167
1	5374720	5379117	4397	TORK	0.9313	-	0.3746
1	5376770	5382767	5997	ALE	0.9982	-	0.4149
1	5382899	5387837	4938	BIANCA	0.9599	-	0.8479
1	5384420	5395347	10927	TAT	0.9860	-	0.7958
1	5392660	5398410	5750	ALE	0.9977	-	0.5671
1	5399214	5404860	5646	REINA	0.8726	-	0.8957
1	5402384	5409779	7395	TORK	0.9613	-	0.8364
1	5399214	5404860	5646	REINA	0.8726	-	0.8557
1	5402384	5409779	7395	TORK	0.9613	-	0.8364
1	5407990	5417095	9105	ATHILA	0.9955	-	0.9509
1	5414059	5418756	4697	ALE	0.8231	-	0.4480
1	5417073	5422594	5521	ALE	0.9931	-	0.6686
1	5421497	5427449	5952	ALE	0.9993	-	0.9689
1	5427260	5432744	5484	ALE	0.9940	-	0.4670
1	5434351	5440082	5731	ALE	0.9991	-	0.9304
1	5437775	5444281	6506	BIANCA	0.9361	-	0.5755
1	5443070	5448187	5117	BIANCA	0.7340	-	0.5220
1	5443070	5448187	5117	BIANCA	0.7340	-	0.5220
1	5447938	5453014	5076	TORK	0.9932	-	0.3971
1	5453119	5461096	7977	TORK	0.9941	-	0.8781
1	5460270	5466244	5974	ALE	0.9803	-	0.5732
1	5466156	5471796	5640	ALE	0.9938	-	0.6157
1	5470168	5475528	5360	ALE	0.7763	-	0.9471
1	5474558	5481074	6516	ALE	0.9938	-	0.7813
1	5480691	5488531	7840	SIRE	0.9426	-	0.6136
1	5480691	5488531	7840	SIRE	0.9426	-	0.6955
1	5488664	5494087	5423	REINA	0.9950	-	0.4174
1	5494995	5499934	4939	ALE	0.9726	-	0.7060
1	5499734	5505225	5491	ORYCO	0.9990	-	0.4439
1	5504043	5509030	4987	BIANCA	0.8343	-	0.5843
1	5506699	5511925	5226	ALE	0.9959	-	0.6934
1	5509730	5514866	5136	REINA	0.9831	-	0.9713
1	5511850	5520253	8403	TAT	0.9646	-	0.7122
1	5519216	5524695	5479	ALE	0.9977	-	0.9960
1	5522298	5527898	5600	REINA	0.8811	-	0.3565
1	5519216	5524695	5479	ALE	0.9977	-	0.7958
1	5522298	5527898	5600	REINA	0.8811	-	0.3565
1	5528182	5533629	5447	TORK	0.9361	-	0.9473
1	5531598	5537620	6022	TORK	0.9937	-	0.9271
1	5536506	5541233	4727	BIANCA	0.9728	-	0.8741
1	5539610	5544666	5056	ALE	0.9497	-	0.3850
1	5542602	5547735	5133	ALE	0.9978	-	0.7244
1	5546270	5555649	9379	DEL	0.9828	-	0.5641
1	5551771	5559683	7912	TORK	0.9660	-	0.3090
1	5558160	5563986	5826	ALE	0.9851	-	0.4478
1	5564783	5570801	6018	TORK	0.9959	-	0.8681
1	5564783	5570801	6018	TORK	0.9959	-	0.8681
1	5568778	5573441	4663	BIANCA	0.9577	-	0.4498
1	5573513	5578605	5092	REINA	0.8788	-	0.7140
1	5576401	5585265	8864	TORK	0.9985	-	0.5566
1	5583163	5589176	6013	BIANCA	0.9364	-	0.5173
1	5587495	5593340	5845	ALE	0.9963	-	0.3922
1	5590592	5596670	6078	ALE	0.9991	-	0.7253
1	5595094	5600106	5012	REINA	0.9696	-	0.5904
1	5598979	5605147	6168	ALE	0.9930	-	0.9220
1	5604596	5609653	5057	ALE	0.9925	-	0.8795
1	5598979	5605147	6168	ALE	0.9930	-	0.4080
1	5604596	5609653	5057	ALE	0.9925	-	0.8795
1	5607584	5612442	4858	TORK	0.9910	-	0.9362
1	5611624	5617475	5851	REINA	0.9901	-	0.9973
1	5615449	5622138	6689	BIANCA	0.7797	-	0.4807
1	5619599	5624592	4993	ALE	0.9963	-	0.4638
1	5627667	5634279	6612	TORK	0.9271	-	0.7359
1	5631638	5637688	6050	TORK	0.9957	-	0.9387
1	5636913	5642280	5367	BIANCA	0.9808	-	0.8351
1	5640642	5645402	4760	ALE	0.9913	-	0.6113
1	5643617	5649103	5486	TORK	0.9332	-	0.9886
1	5640642	5645402	4760	ALE	0.9913	-	0.4846
1	5643617	5649103	5486	TORK	0.9332	-	0.9886
1	5647499	5652388	4889	ALE	0.9648	-	0.9909
1	5650584	5656797	6213	TORK	0.9972	-	0.3337
1	5655777	5661370	5593	ALE	0.9687	-	0.7010
1	5658891	5665061	6170	REINA	0.9605	-	0.9685
1	5665473	5673717	8244	DEL	0.9656	-	0.5986
1	5671748	5676872	5124	ALE	0.9913	-	0.9269
1	5677381	5683533	6152	ORYCO	0.9767	-	0.4690
1	5680767	5688641	7874	ALE	0.9997	-	0.3619
1	5680767	5688641	7874	ALE	0.9997	-	0.4304
1	5686329	5691982	5653	ALE	0.9924	-	0.4909
1	5689399	5694973	5574	ALE	0.9137	-	0.6910
1	5694233	5699899	5666	REINA	0.9951	-	0.4859
1	5698016	5704430	6414	ALE	0.9862	-	0.8860
1	5702193	5706971	4778	TORK	0.9559	-	0.6843
1	5704807	5709828	5021	REINA	0.9890	-	0.6669
1	5711016	5715680	4664	REINA	0.9880	-	0.4558
1	5715565	5721075	5510	TORK	0.9538	-	0.2812
1	5719398	5725363	5965	REINA	0.9999	-	0.3882
1	5724510	5730488	5978	TORK	0.8234	-	0.8535
1	5719398	5725363	5965	REINA	0.9999	-	0.5711
1	5724510	5730488	5978	TORK	0.8234	-	0.8535
1	5728651	5734702	6051	ALE	0.9980	-	0.9804
1	5732398	5741238	8840	DEL	0.9763	-	0.9169
1	5738830	5744069	5239	ALE	0.9382	-	0.8486
1	5741675	5750558	8883	ATHILA	0.9967	-	0.8293
1	5748574	5754380	5806	ALE	0.9799	-	0.2513
1	5754761	5760632	5871	ALE	0.9966	-	0.6154
1	5759661	5765526	5865	TORK	0.9306	-	0.4546
1	5763688	5769474	5786	ALE	0.9964	-	0.9344
1	5759661	5765526	5865	TORK	0.9306	-	0.9898
1	5763688	5769474	5786	ALE	0.9964	-	0.9344
1	5768161	5773543	5382	ALE	0.9711	-	0.7924
1	5773923	5779627	5704	ALE	0.9882	-	0.5699
1	5777822	5784002	6180	ALE	0.9987	-	0.6838
1	5781440	5786864	5424	BIANCA	0.9741	-	0.5135
1	5786291	5791600	5309	BIANCA	0.9942	-	0.9518
1	5790453	5795615	5162	ALE	0.9864	-	0.6893
1	5793940	5799830	5890	ALE	0.9935	-	0.6460
1	5798621	5804063	5442	ALE	0.9951	-	0.9912
1	5801687	5810338	8651	SIRE	0.9564	-	0.8452
1	5798621	5804063	5442	ALE	0.9951	-	0.7647
1	5801687	5810338	8651	SIRE	0.9564	-	0.8452
1	5807241	5812389	5148	BIANCA	0.9887	-	0.8258
1	5811711	5816675	4964	ALE	0.9945	-	0.9854
1	5813691	5822847	9156	DEL	0.9810	-	0.8753
1	5821736	5827280	5544	TORK	0.9704	-	0.9555
1	5824723	5831216	6493	TORK	0.9845	-	0.7410
1	5829957	5835538	5581	BIANCA	0.9919	-	0.6085
1	5834665	5840438	5773	ALE	0.9976	-	0.9512
1	5838739	5843601	4862	TORK	0.9937	-	0.4499
1	5843580	5849740	6160	TORK	0.9726	-	0.9769
1	5838739	5843601	4862	TORK	0.9937	-	0.5746
1	5843580	5849740	6160	TORK	0.9726	-	0.9769
1	5847925	5853667	5742	ALE	0.9931	-	0.8068
1	5851541	5856574	5033	REINA	0.9967	-	0.4801
1	5856357	5861660	5303	ALE	0.9789	-	0.6597
1	5860212	5865214	5002	ALE	0.9556	-	0.7117
1	5863685	5872098	8413	SIRE	0.9866	-	0.9498
1	5870886	5876415	5529	ALE	0.9924	-	0.9642
1	5874385	5879373	4988	ALE	0.9849	-	0.9825
1	5878145	5883738	5593	BIANCA	0.9975	-	0.3509
1	5881151	5887882	6731	ALE	0.9977	-	0.9339
1	5884878	5891222	6344	TORK	0.7084	-	0.2927
1	5881151	5887882	6731	ALE	0.9977	-	0.9354
1	5884878	5891222	6344	TORK	0.7084	-	0.2927
1	5888006	5897853	9847	DEL	0.9881	-	0.7961
1	5896263	5901645	5382	ORYCO	0.9844	-	0.5035
1	5901481	5910336	8855	SIRE	0.9945	-	0.4435
1	5907968	5912622	4654	ALE	0.9970	-	0.8185
1	5913535	5919408	5873	TORK	0.9777	-	0.5853
1	5916983	5922468	5485	ALE	0.9967	-	0.7027
1	5920487	5926926	6439	TORK	0.9950	-	0.5428
1	5924987	5930144	5157	ALE	0.9792	-	0.5574
1	5920487	5926926	6439	TORK	0.9950	-	0.4162
1	5924987	5930144	5157	ALE	0.9792	-	0.5574
1	5928968	5933460	4492	ALE	0.9519	-	0.7669
1	5932417	5937844	5427	ALE	0.9986	-	0.9959
1	5936677	5942447	5770	TORK	0.9798	-	0.4143
1	5941201	5947363	6162	REINA	0.9943	-	0.6123
1	5946754	5951934	5180	ORYCO	0.9985	-	0.9043
1	5951336	5957430	6094	ALE	0.9969	-	0.6454
1	5955204	5959948	4744	ALE	0.7508	-	0.8693
1	5958781	5964062	5281	ALE	0.9711	-	0.5640
1	5962729	5967051	4322	ALE	0.9932	-	0.8481
1	5966091	5971006	4915	ALE	0.9474	-	0.9980
1	5958781	5964062	5281	ALE	0.9711	-	0.9233
1	5962729	5967051	4322	ALE	0.9932	-	0.8481
1	5966091	5971006	4915	ALE	0.9474	-	0.9980
1	5970511	5977074	6563	ALE	0.9797	-	0.8716
1	5974166	5983631	9465	DEL	0.9785	-	0.8755
1	5983918	5990000	6082	TORK	0.9904	-	0.9871
1	5988093	5993723	5630	TORK	0.9798	-	0.3911
1	5992853	5998028	5175	ALE	0.8799	-	0.4433
1	5995610	6001117	5507	REINA	0.9640	-	0.7339
1	5999095	6004629	5534	ALE	0.9960	-	0.7992
1	6003675	6008826	5151	TORK	0.8937	-	0.7058
1	5999095	6004629	5534	ALE	0.9960	-	0.6136
1	6003675	6008826	5151	TORK	0.8937	-	0.7058
1	6006997	6012739	5742	BIANCA	0.9539	-	0.6992
1	6010860	6016649	5789	ORYCO	0.9471	-	0.9110
1	6014240	6019953	5713	ALE	0.9965	-	0.9098
1	6019621	6025087	5466	ALE	0.9984	-	0.6331
1	6023529	6028897	5368	ALE	0.9951	-	0.8218
1	6030093	6035506	5413	ALE	0.9860	-	0.7332
1	6033845	6043028	9183	ATHILA	0.9961	-	0.9004
1	6041224	6047322	6098	BIANCA	0.9928	-	0.9036
1	6045587	6051519	5932	REINA	0.9837	-	0.9498
1	6041224	6047322	6098	BIANCA	0.9928	-	0.9036
1	6045587	6051519	5932	REINA	0.9837	-	0.9498
1	6050318	6061280	10962	DEL	0.9935	-	0.9816
1	6058555	6064769	6214	ALE	0.9749	-	0.6177
1	6062617	6067458	4841	REINA	0.9516	-	0.2885
1	6065305	6071167	5862	ALE	0.9972	-	0.9039
1	6071979	6076894	4915	ALE	0.9744	-	0.5737
1	6074834	6079603	4769	ALE	0.9899	-	0.9988
1	6077011	6085037	8026	SIRE	0.8935	-	0.7014
1	6082278	6087914	5636	ALE	0.9989	-	0.6692
1	6085634	6090802	5168	BIANCA	0.9152	-	0.5010
1	6082278	6087914	5636	ALE	0.9989	-	0.6692
1	6085634	6090802	5168	BIANCA	0.9152	-	0.5010
1	6089055	6094379	5324	ALE	0.9957	-	0.8781
1	6092827	6098765	5938	REINA	0.9903	-	0.9967
1	6098106	6103754	5648	ALE	0.9871	-	0.5589
1	6102521	6107571	5050	BIANCA	0.9927	-	0.7179
1	6109192	6115099	5907	BIANCA	0.9938	-	0.6864
1	6112545	6119079	6534	ALE	0.7519	-	0.6900
1	6117477	6122647	5170	ALE	0.9905	-	0.5163
1	6123185	6128440	5255	ALE	0.9951	-	0.9718
1	6123185	6128440	5255	ALE	0.9951	-	0.9718
1	6127116	6132224	5108	ALE	0.8971	-	0.8519
1	6131635	6137400	5765	ALE	0.9949	-	0.4649
1	6135374	6141167	5793	ALE	0.9974	-	0.6277
1	6141688	6146152	4464	REINA	0.9653	-	0.5997
1	6146326	6151718	5392	ALE	0.9928	-	0.9126
1	6150955	6156375	5420	ALE	0.9922	-	0.5189
1	6154366	6160059	5693	ALE	0.9994	-	0.8009
1	6158480	6163401	4921	ALE	0.9894	-	0.9695
1	6162137	6168189	6052	ALE	0.9889	-	0.5262
1	6162137	6168189	6052	ALE	0.9889	-	0.5262
1	6166425	6171823	5398	BIANCA	0.9316	-	0.5296
1	6170863	6176374	5511	ALE	0.9948	-	0.3267
1	6174292	6179605	5313	ALE	0.9863	-	0.9963
1	6179594	6184795	5201	BIANCA	0.9965	-	0.4306
1	6183408	6188882	5474	TORK	0.9364	-	0.8946
1	6187158	6193738	6580	BIANCA	0.9065	-	0.2670
1	6191907	6197342	5435	ALE	0.9890	-	0.4767
1	6196375	6201648	5273	TORK	0.9118	-	0.2640
1	6202396	6207334	4938	ALE	0.9920	-	0.8022
1	6202396	6207334	4938	ALE	0.9920	-	0.8022
1	6207021	6217495	10474	DEL	0.9778	-	0.3567
1	6214528	6220084	5556	BIANCA	0.8410	-	0.8611
1	6218437	6223461	5024	ALE	0.9991	-	0.8197
1	6221006	6227336	6330	ALE	0.9972	-	0.6104
1	6224698	6230892	6194	TORK	0.9208	-	0.4969
1	6229809	6234740	4931	ALE	0.9906	-	0.5211
1	6235164	6239848	4684	ALE	0.9933	-	0.6138
1	6239889	6245594	5705	ALE	0.9987	-	0.9781
1	6245185	6250126	4941	ALE	0.9968	-	0.9392
1	6239889	6245594	5705	ALE	0.9987	-	0.7832
1	6245185	6250126	4941	ALE	0.9968	-	0.9392
1	6248255	6256013	7758	TORK	0.9604	-	0.9106
1	6253616	6258277	4661	BIANCA	0.9849	-	0.7872
1	6256460	6261906	5446	ALE	0.9961	-	0.8367
1	6262010	6267533	5523	BIANCA	0.9798	-	0.4539
1	6267860	6272946	5086	ALE	0.9978	-	0.4153
1	6271021	6276511	5490	ALE	0.9701	-	0.5144
1	6275427	6281126	5699	ALE	0.9506	-	0.8487
1	6282763	6289711	6948	BIANCA	0.9929	-	0.6822
1	6282763	6289711	6948	BIANCA	0.9929	-	0.6822
1	6289726	6296202	6476	ORYCO	0.9914	-	0.4547
1	6295006	6299906	4900	ALE	0.9959	-	0.5040
1	6299276	6304685	5409	REINA	0.9728	-	0.9984
1	6302829	6309133	6304	TORK	0.9992	-	0.9535
1	6309321	6315464	6143	ALE	0.9957	-	0.4898
1	6313209	6317699	4490	ALE	0.9632	-	0.8165
1	6318261	6323730	5469	TORK	0.9863	-	0.3124
1	6321234	6327088	5854	ALE	0.9872	-	0.5486
1	6321234	6327088	5854	ALE	0.9872	-	0.5489
1	6325643	6333834	8191	DEL	0.8781	-	0.9185
1	6331089	6337189	6100	ALE	0.9965	-	0.9791
1	6337826	6344213	6387	REINA	0.9991	-	0.6206
1	6341385	6348219	6834	DEL	0.8145	-	0.3567
1	6347406	6352837	5431	ALE	0.9944	-	0.9435
1	6352624	6358038	5414	ALE	0.9918	-	0.4454
1	6357290	6362876	5586	ALE	0.9751	-	0.5413
1	6360274	6369580	9306	DEL	0.9929	-	0.8896
1	6360274	6369580	9306	DEL	0.9929	-	0.6433
1	6367192	6373593	6401	TORK	0.9863	-	0.5792
1	6372237	6378237	6000	BIANCA	0.9048	-	0.4109
1	6377420	6382810	5390	ALE	0.9760	-	0.8334
1	6380907	6386233	5326	ALE	0.9912	-	0.9373
1	6384056	6390541	6485	TORK	0.9909	-	0.4374
1	6389391	6395292	5901	ALE	0.9975	-	0.4178
1	6392896	6398084	5188	ALE	0.9653	-	0.6244
1	6397174	6402748	5574	TORK	0.9941	-	0.7122
1	6402683	6408800	6117	ALE	0.9977	-	0.3715
1	6402683	6408800	6117	ALE	0.9977	-	0.3715
1	6406702	6412312	5610	ALE	0.9955	-	0.3891
1	6411094	6416483	5389	REINA	0.9973	-	0.6578
1	6416090	6421228	5138	ALE	0.9828	-	0.6652
1	6420687	6426749	6062	ALE	0.9969	-	0.8941
1	6425670	6431424	5754	ALE	0.9831	-	0.9317
1	6430030	6434731	4701	ALE	0.9900	-	0.8007
1	6433694	6440028	6334	BIANCA	0.9183	-	0.4145
1	6439426	6444940	5514	ORYCO	0.9994	-	0.8261
1	6443023	6448346	5323	ALE	0.9710	-	0.9081
1	6445878	6451583	5705	ALE	0.9952	-	0.7616
1	6439426	6444940	5514	ORYCO	0.9994	-	0.3809
1	6443023	6448346	5323	ALE	0.9710	-	0.9081
1	6445878	6451583	5705	ALE	0.9952	-	0.7616
1	6450586	6456145	5559	ALE	0.9981	-	0.8935
1	6453961	6458804	4843	ALE	0.8643	-	0.9465
1	6456792	6462185	5393	CRM	0.9761	-	0.5856
1	6459816	6465160	5344	TORK	0.9823	-	0.4783
1	6465305	6470922	5617	ALE	0.9992	-	0.7405
1	6468913	6474175	5262	ALE	0.9819	-	0.3134
1	6473327	6478724	5397	ORYCO	0.9986	-	0.2808
1	6477465	6483715	6250	ALE	0.9903	-	0.9820
1	6481062	6486505	5443	ALE	0.9944	-	0.9746
1	6484361	6490222	5861	ALE	0.9715	-	0.8194
1	6481062	6486505	5443	ALE	0.9944	-	0.9757
1	6484361	6490222	5861	ALE	0.9715	-	0.8194
1	6489000	6494013	5013	ALE	0.9944	-	0.8142
1	6491915	6497508	5593	ALE	0.9809	-	0.5513
1	6495234	6501487	6253	ALE	0.9992	-	0.9982
1	6501096	6506400	5304	ALE	0.9986	-	0.9298
1	6506176	6512049	5873	ALE	0.9937	-	0.4906
1	6510123	6515216	5093	ALE	0.9899	-	0.8140
1	6513541	6518410	4869	ALE	0.9451	-	0.8441
1	6516567	6522234	5667	ALE	0.9495	-	0.5374
1	6521199	6527674	6475	ALE	0.9949	-	0.6774
1	6525545	6530659	5114	ALE	0.9966	-	0.7709
1	6521199	6527674	6475	ALE	0.9949	-	0.6766
1	6525545	6530659	5114	ALE	0.9966	-	0.7709
1	6532113	6538127	6014	REINA	0.9777	-	0.8888
1	6535864	6541308	5444	ALE	0.9891	-	0.8893
1	6538639	6544941	6302	ALE	0.9986	-	0.9984
1	6545585	6551205	5620	TORK	0.9894	-	0.8350
1	6549463	6554890	5427	TORK	0.9923	-	0.4284
1	6553341	6557886	4545	ALE	0.9857	-	0.4163
1	6555993	6561897	5904	ORYCO	0.9997	-	0.5149
1	6560973	6566033	5060	ALE	0.9992	-	0.8885
1	6565043	6571045	6002	ALE	0.9982	-	0.9656
1	6560973	6566033	5060	ALE	0.9992	-	0.8844
1	6565043	6571045	6002	ALE	0.9982	-	0.9656
1	6569590	6575450	5860	ALE	0.9924	-	0.6728
1	6575329	6580737	5408	ALE	0.9981	-	0.9193
1	6579704	6585127	5423	ALE	0.9792	-	0.7125
1	6582364	6589836	7472	ALE	0.9999	-	0.6424
1	6588559	6593047	4488	REINA	0.9360	-	0.4988
1	6591353	6596251	4898	ALE	0.9910	-	0.2600
1	6594911	6600497	5586	ALE	0.9930	-	0.5350
1	6598736	6604275	5539	BIANCA	0.9984	-	0.7913
1	6604821	6610406	5585	ALE	0.9975	-	0.5975
1	6598736	6604275	5539	BIANCA	0.9984	-	0.2990
1	6604821	6610406	5585	ALE	0.9975	-	0.5975
1	6607357	6615651	8294	DEL	0.8848	-	0.8196
1	6614563	6620971	6408	BIANCA	0.9966	-	0.5341
1	6621159	6626255	5096	ALE	0.9927	-	0.9191
1	6625452	6636054	10602	DEL	0.9992	-	0.9190
1	6635109	6640826	5717	ALE	0.9972	-	0.5935
1	6640457	6645997	5540	ALE	0.9983	-	0.8854
1	6643492	6650134	6642	ALE	0.9819	-	0.4699
1	6640457	6645997	5540	ALE	0.9983	-	0.4962
1	6643492	6650134	6642	ALE	0.9819	-	0.4699
1	6650475	6655896	5421	ALE	0.8291	-	0.7471
1	6653731	6659625	5894	ALE	0.9769	-	0.6056
1	6657334	6663088	5754	ALE	0.9981	-	0.9015
1	6660524	6669992	9468	TORK	0.9971	-	0.4357
1	6668146	6672712	4566	ALE	0.9627	-	0.4807
1	6670726	6676468	5742	ALE	0.9989	-	0.9972
1	6674954	6680138	5184	ALE	0.9452	-	0.7714
1	6679850	6685390	5540	ALE	0.9895	-	0.5387
1	6685401	6690335	4934	ORYCO	0.9792	-	0.9631
1	6679850	6685390	5540	ALE	0.9895	-	0.4226
1	6685401	6690335	4934	ORYCO	0.9792	-	0.9631
1	6687118	6697655	10537	DEL	0.9990	-	0.4069
1	6694692	6699501	4809	REINA	0.9869	-	0.3435
1	6697675	6703428	5753	ALE	0.9921	-	0.6036
1	6703527	6709099	5572	ALE	0.9969	-	0.3052
1	6708284	6713330	5046	BIANCA	0.8527	-	0.6185
1	6711375	6716920	5545	ALE	0.9849	-	0.8259
1	6715112	6720553	5441	ALE	0.9979	-	0.5409
1	6718499	6722936	4437	ALE	0.9210	-	0.9398
1	6721404	6726599	5195	ALE	0.9910	-	0.8369
1	6725026	6730718	5692	REINA	0.9956	-	0.4369
1	6721404	6726599	5195	ALE	0.9910	-	0.8369
1	6725026	6730718	5692	REINA	0.9956	-	0.4369
1	6729218	6735064	5846	ALE	0.9986	-	0.5451
1	6735177	6740761	5584	ALE	0.9961	-	0.8880
1	6739998	6745835	5837	BIANCA	0.9769	-	0.9637
1	6743112	6749229	6117	DEL	0.7994	-	0.5807
1	6746810	6752372	5562	ALE	0.9525	-	0.9728
1	6750981	6757064	6083	ALE	0.9865	-	0.5163
1	6754927	6760940	6013	ALE	0.9998	-	0.8132
1	6760983	6766701	5718	ALE	0.9981	-	0.5188
1	6760983	6766701	5718	ALE	0.9981	-	0.5256
1	6767044	6771895	4851	ALE	0.9959	-	0.5010
1	6771261	6779895	8634	ATHILA	0.9968	-	0.7233
1	6779729	6785443	5714	TORK	0.9870	-	0.2125
1	6785139	6790745	5606	ALE	0.9842	-	0.6306
1	6789718	6795253	5535	ALE	0.9954	-	0.5875
1	6793000	6797875	4875	ALE	0.9897	-	0.9764
1	6798441	6803809	5368	TORK	0.9787	-	0.6042
1	6804436	6815360	10924	DEL	0.9972	-	0.9041
1	6811440	6817960	6520	ALE	0.9818	-	0.9230
1	6816997	6821650	4653	ALE	0.9964	-	0.6843
1	6819710	6825867	6157	ORYCO	0.9989	-	0.7882
1	6826837	6831691	4854	ALE	0.9967	-	0.3929
1	6831325	6836355	5030	ALE	0.9798	-	0.5224
1	6835091	6840252	5161	ALE	0.9969	-	0.5867
1	6838274	6844008	5734	ALE	0.9943	-	0.9466
1	6842759	6852293	9534	TORK	0.9824	-	0.9506
1	6842759	6852293	9534	TORK	0.9824	-	0.9506
1	6849365	6854506	5141	ALE	0.9869	-	0.5594
1	6853376	6862413	9037	SIRE	0.9592	-	0.5990
1	6861928	6866838	4910	ALE	0.9944	-	0.4281
1	6867018	6872416	5398	ALE	0.9938	-	0.4293
1	6871440	6876783	5343	TORK	0.9875	-	0.9984
1	6875348	6880845	5497	ALE	0.9995	-	0.9299
1	6880135	6884524	4389	ALE	0.8967	-	0.8936
1	6882669	6887920	5251	ALE	0.9629	-	0.6270
1	6885738	6890772	5034	ALE	0.9821	-	0.9992
1	6880135	6884524	4389	ALE	0.8967	-	0.7995
1	6882669	6887920	5251	ALE	0.9629	-	0.6270
1	6885738	6890772	5034	ALE	0.9821	-	0.9992
1	6890873	6896991	6118	TORK	0.9296	-	0.9667
1	6895542	6901280	5738	ALE	0.9941	-	0.4007
1	6899426	6904147	4721	ALE	0.9919	-	0.8372
1	6903664	6910281	6617	DEL	0.9461	-	0.6600
1	6908468	6913470	5002	TORK	0.9632	-	0.7870
1	6912016	6917211	5195	REINA	0.9735	-	0.7095
1	6914981	6921208	6227	ALE	0.9528	-	0.6351
1	6918294	6924728	6434	ALE	0.9856	-	0.9038
1	6924773	6929720	4947	ALE	0.9784	-	0.9727
1	6924773	6929720	4947	ALE	0.9784	-	0.9727
1	6928470	6933712	5242	ALE	0.9971	-	0.9500
1	6933375	6938561	5186	ALE	0.9972	-	0.9321
1	6936848	6942104	5256	ALE	0.9910	-	0.4200
1	6942436	6947720	5284	ALE	0.9979	-	0.4893
1	6947770	6954240	6470	TORK	0.9964	-	0.9927
1	6951920	6958086	6166	ALE	0.9893	-	0.6029
1	6956192	6961532	5340	REINA	0.9334	-	0.6371
1	6960815	6965882	5067	ALE	0.9915	-	0.9044
1	6965637	6971027	5390	TORK	0.9899	-	0.8830
1	6960815	6965882	5067	ALE	0.9915	-	0.8892
1	6965637	6971027	5390	TORK	0.9899	-	0.8830
1	6972073	6977333	5260	ORYCO	0.9908	-	0.8639
1	6977019	6982804	5785	ALE	0.9983	-	0.6784
1	6981894	6987261	5367	TORK	0.9968	-	0.5722
1	6988006	6993044	5038	ALE	0.9554	-	0.7386
1	6991223	6996780	5557	ALE	0.9992	-	0.4769
1	6997654	7002495	4841	ALE	0.9927	-	0.5135
1	7000371	7005069	4698	REINA	0.9705	-	0.8592
1	7004142	7009874	5732	ALE	0.9732	-	0.8357
1	7000371	7005069	4698	REINA	0.9705	-	0.3023
1	7004142	7009874	5732	ALE	0.9732	-	0.8357
1	7009197	7015071	5874	ALE	0.9919	-	0.9485
1	7013894	7019338	5444	ALE	0.9408	-	0.6037
1	7017920	7023665	5745	ALE	0.9994	-	0.5806
1	7022172	7030037	7865	ALE	1.0000	-	0.6417
1	7028072	7034063	5991	TORK	0.9840	-	0.3980
1	7034041	7038951	4910	TORK	0.9943	-	0.5242
1	7038974	7044608	5634	TORK	0.9944	-	0.9479
1	7042711	7048548	5837	ALE	0.9651	-	0.4326
1	7037690	7041028	3338	ALE	0.8440	-	0.6544
1	7038974	7044608	5634	TORK	0.9944	-	0.9454
1	7042711	7048548	5837	ALE	0.9651	-	0.4326
1	7048413	7054215	5802	ALE	0.9989	-	0.9961
1	7052246	7058263	6017	ALE	0.9905	-	0.8128
1	7057494	7062918	5424	TORK	0.9806	-	0.7624
1	7060381	7066709	6328	TORK	0.9962	-	0.8232
1	7065132	7078932	13800	TAT	0.9599	-	0.4023
1	7075508	7081430	5922	ALE	0.9991	-	0.9936
1	7078939	7084153	5214	TORK	0.9294	-	0.8603
1	7083392	7087874	4482	ALE	0.9966	-	0.9315
1	7078939	7084153	5214	TORK	0.9294	-	0.8368
1	7083392	7087874	4482	ALE	0.9966	-	0.9315
1	7086192	7092001	5809	BIANCA	0.8678	-	0.4657
1	7089676	7095016	5340	ALE	0.9965	-	0.8060
1	7097381	7103020	5639	ALE	0.8946	-	0.3318
1	7103344	7109295	5951	ORYCO	0.9893	-	0.6551
1	7108209	7113866	5657	ALE	0.9917	-	0.8304
1	7112053	7118041	5988	BIANCA	0.7342	-	0.5154
1	7116109	7120863	4754	ALE	0.9912	-	0.8146
1	7118887	7124495	5608	BIANCA	0.7793	-	0.6937
1	7123719	7128940	5221	ALE	0.9965	-	0.4911
1	7118887	7124495	5608	BIANCA	0.7793	-	0.7185
1	7123719	7128940	5221	ALE	0.9965	-	0.4911
1	7127517	7133280	5763	ORYCO	0.9981	-	0.9373
1	7131259	7136526	5267	TORK	0.9963	-	0.4098
1	7134989	7141273	6284	ALE	0.9977	-	0.6430
1	7138451	7144420	5969	ALE	0.9972	-	0.5907
1	7144271	7150029	5758	ALE	0.8815	-	0.7709
1	7148156	7153299	5143	ALE	0.9873	-	0.4159
1	7151337	7157525	6188	ALE	0.9990	-	0.7380
1	7155606	7161190	5584	ALE	0.8640	-	0.4942
1	7159516	7164727	5211	ORYCO	0.9669	-	0.9433
1	7162689	7169541	6852	TORK	0.9846	-	0.6111
1	7159516	7164727	5211	ORYCO	0.9669	-	0.9386
1	7162689	7169541	6852	TORK	0.9846	-	0.6111
1	7166968	7172112	5144	ALE	0.9854	-	0.5824
1	7169774	7174937	5163	ORYCO	0.9931	-	0.7059
1	7173199	7178059	4860	ALE	0.9665	-	0.4878
1	7175992	7181977	5985	TORK	0.9725	-	0.9274
1	7179794	7184972	5178	ALE	0.9996	-	0.7750
1	7185315	7190616	5301	ALE	0.9927	-	0.9682
1	7188498	7193039	4541	ALE	0.8611	-	0.5494
1	7190775	7196222	5447	ALE	0.8674	-	0.9562
1	7194474	7199362	4888	ALE	0.9876	-	0.3357
1	7200200	7206450	6250	ALE	0.9976	-	0.5545
1	7203022	7211649	8627	BIANCA	0.8152	-	0.9893
1	7200200	7206450	6250	ALE	0.9976	-	0.8427
1	7203022	7211649	8627	BIANCA	0.8152	-	0.9893
1	7209686	7214890	5204	ALE	0.9900	-	0.5928
1	7212751	7218883	6132	ALE	0.9974	-	0.9947
1	7215335	7225013	9678	DEL	0.9641	-	0.9796
1	7223064	7228834	5770	TORK	0.9956	-	0.9320
1	7228018	7236839	8821	ATHILA	0.9974	-	0.6256
1	7234097	7238364	4267	ALE	0.9916	-	0.9617
1	7238107	7243408	5301	ALE	0.9916	-	0.8022
1	7241947	7248033	6086	ORYCO	0.9640	-	0.5403
1	7241947	7248033	6086	ORYCO	0.9640	-	0.5403
1	7246222	7252166	5944	ALE	0.9892	-	0.4480
1	7252650	7257883	5233	ALE	0.9807	-	0.4112
1	7258998	7264414	5416	TORK	0.9090	-	0.7922
1	7264269	7268726	4457	ALE	0.9886	-	0.5339
1	7266655	7271675	5020	ALE	0.9324	-	0.5329
1	7270358	7275705	5347	ALE	0.9914	-	0.6628
1	7274058	7279709	5651	ALE	0.9996	-	0.5088
1	7280465	7285857	5392	TORK	0.9796	-	0.5311
1	7280465	7285857	5392	TORK	0.9796	-	0.4949
1	7286767	7293354	6587	ALE	0.9864	-	0.7209
1	7291827	7297014	5187	TORK	0.8588	-	0.5429
1	7294409	7301073	6664	CRM	0.9472	-	0.5117
1	7298960	7304421	5461	ALE	0.9985	-	0.9733
1	7305857	7311506	5649	ALE	0.9993	-	0.3994
1	7309654	7314794	5140	ALE	0.9894	-	0.9878
1	7312154	7319186	7032	ATHILA	0.9351	-	0.7887
1	7316495	7322361	5866	ALE	0.9997	-	0.5531
1	7322184	7328212	6028	ALE	0.9884	-	0.9599
1	7326125	7331304	5179	BIANCA	0.9975	-	0.4580
1	7322184	7328212	6028	ALE	0.9884	-	0.9599
1	7326125	7331304	5179	BIANCA	0.9975	-	0.4580
1	7331716	7337335	5619	ALE	0.9915	-	0.3336
1	7334114	7343801	9687	TORK	0.9963	-	0.7145
1	7340375	7346808	6433	TORK	0.9313	-	0.7841
1	7345450	7351499	6049	REINA	0.9919	-	0.8564
1	7349291	7355382	6091	ALE	0.9440	-	0.8684
1	7354819	7360532	5713	REINA	0.9844	-	0.4241
1	7363924	7368820	4896	ALE	0.9990	-	0.4249
1	7363924	7368820	4896	ALE	0.9990	-	0.4249
1	7368283	7374158	5875	ALE	0.9991	-	0.5710
1	7372068	7376764	4696	TORK	0.8491	-	0.5608
1	7374690	7379780	5090	ALE	0.9943	-	0.4661
1	7377855	7383645	5790	ALE	0.9990	-	0.7548
1	7381837	7386782	4945	ALE	0.9986	-	0.7332
1	7386194	7391476	5282	ALE	0.9567	-	0.4653
1	7390796	7396230	5434	ALE	0.9964	-	0.6112
1	7395369	7400655	5286	BIANCA	0.9947	-	0.3930
1	7400267	7406212	5945	ALE	0.9976	-	0.9378
1	7405995	7411071	5076	ALE	0.9990	-	0.8636
1	7400267	7406212	5945	ALE	0.9976	-	0.9770
1	7405995	7411071	5076	ALE	0.9990	-	0.8636
1	7409240	7415398	6158	TORK	0.9978	-	0.9893
1	7412870	7418528	5658	ALE	0.9938	-	0.9665
1	7416933	7422430	5497	ALE	0.7380	-	0.7839
1	7420483	7425454	4971	TORK	0.9695	-	0.8297
1	7427220	7432093	4873	TORK	0.8796	-	0.5140
1	7429985	7435402	5417	ALE	0.9920	-	0.6894
1	7432015	7441512	9497	TORK	0.9654	-	0.6939
1	7441314	7446080	4766	ALE	0.9854	-	0.4838
1	7445805	7450835	5030	BIANCA	0.9750	-	0.8733
1	7441314	7446080	4766	ALE	0.9854	-	0.4838
1	7445805	7450835	5030	BIANCA	0.9750	-	0.8733
1	7450115	7456718	6603	ALE	0.9968	-	0.5753
1	7455138	7460832	5694	ALE	0.9963	-	0.5066
1	7459928	7464990	5062	ALE	0.9659	-	0.9748
1	7463234	7467677	4443	ALE	0.9746	-	0.3576
1	7467137	7473731	6594	ALE	0.9958	-	0.5183
1	7470853	7476748	5895	TORK	0.9063	-	0.9534
1	7474104	7482214	8110	ATHILA	0.9776	-	0.6915
1	7479339	7484770	5431	ALE	0.9884	-	0.8192
1	7483022	7488913	5891	REINA	0.7724	-	0.9969
1	7486274	7491997	5723	ALE	0.9986	-	0.9810
1	7479339	7484770	5431	ALE	0.9884	-	0.3357
1	7483022	7488913	5891	REINA	0.7724	-	0.9969
1	7486274	7491997	5723	ALE	0.9986	-	0.9810
1	7489863	7496154	6291	TORK	0.9828	-	0.9960
1	7494108	7498943	4835	ALE	0.9852	-	0.6485
1	7497163	7503603	6440	ALE	0.9980	-	0.5555
1	7500985	7506297	5312	ALE	0.9710	-	0.5550
1	7505187	7514008	8821	ATHILA	0.9898	-	0.9734
1	7512055	7516672	4617	ALE	0.9797	-	0.6964
1	7515949	7520758	4809	BIANCA	0.9876	-	0.8567
1	7519812	7525716	5904	ALE	0.9978	-	0.3278
1	7524660	7530267	5607	REINA	0.9977	-	0.4161
1	7519812	7525716	5904	ALE	0.9978	-	0.5024
1	7524660	7530267	5607	REINA	0.9977	-	0.4161
1	7528394	7533089	4695	ORYCO	0.9624	-	0.8936
1	7532240	7538995	6755	ALE	0.9974	-	0.9145
1	7537340	7542061	4721	ALE	0.9873	-	0.4967
1	7540904	7546317	5413	ALE	0.9801	-	0.7148
1	7545607	7550775	5168	TORK	0.8123	-	0.3055
1	7550538	7555700	5162	ALE	0.9977	-	0.5761
1	7553241	7559255	6014	TORK	0.9579	-	0.7246
1	7557055	7563096	6041	TORK	0.9768	-	0.9637
1	7560989	7566811	5822	ALE	0.9960	-	0.3050
1	7565715	7571861	6146	ORYCO	0.9983	-	0.9019
1	7560989	7566811	5822	ALE	0.9960	-	0.2988
1	7565715	7571861	6146	ORYCO	0.9983	-	0.9019
1	7569546	7575030	5484	TORK	0.9099	-	0.9957
1	7573359	7578671	5312	TORK	0.9595	-	0.5036
1	7578061	7583551	5490	ALE	0.9981	-	0.5195
1	7584037	7590005	5968	REINA	0.9883	-	0.4785
1	7587258	7594653	7395	CRM	0.9728	-	0.8962
1	7592334	7597677	5343	ALE	0.9890	-	0.7272
1	7596385	7602268	5883	BIANCA	0.9624	-	0.9867
1	7600048	7606613	6565	ALE	0.9699	-	0.9482
1	7604382	7609355	4973	REINA	0.9973	-	0.8435
1	7600048	7606613	6565	ALE	0.9699	-	0.9910
1	7604382	7609355	4973	REINA	0.9973	-	0.8435
1	7610366	7617860	7494	SIRE	0.9511	-	0.6177
1	7614815	7624098	9283	SIRE	0.9994	-	0.5774
1	7625962	7630986	5024	ORYCO	0.9907	-	0.6548
1	7630337	7635227	4890	BIANCA	0.9880	-	0.5127
1	7634104	7639355	5251	ALE	0.9933	-	0.7545
1	7638180	7643770	5590	ALE	0.9943	-	0.9673
1	7642918	7648002	5084	ALE	0.9901	-	0.5613
1	7642918	7648002	5084	ALE	0.9901	-	0.5613
1	7646911	7651163	4252	ALE	0.9550	-	0.9708
1	7652677	7657823	5146	ALE	0.9854	-	0.5539
1	7655192	7661658	6466	ALE	0.9985	-	0.9900
1	7660735	7666606	5871	ALE	0.9945	-	0.9691
1	7664540	7669407	4867	TORK	0.9320	-	0.9221
1	7667857	7672327	4470	BIANCA	0.9509	-	0.8944
1	7670440	7677231	6791	ALE	0.9955	-	0.9752
1	7675026	7679983	4957	ALE	0.9981	-	0.9868
1	7678341	7684672	6331	REINA	0.8778	-	0.9901
1	7683893	7689887	5994	ALE	0.9978	-	0.2881
1	7678341	7684672	6331	REINA	0.8778	-	0.8041
1	7683893	7689887	5994	ALE	0.9978	-	0.2881
1	7689947	7696290	6343	ALE	0.9955	-	0.9780
1	7695887	7701267	5380	ALE	0.9970	-	0.8471
1	7699515	7704453	4938	ALE	0.9865	-	0.9249
1	7704852	7710188	5336	ALE	0.9896	-	0.6161
1	7708185	7713497	5312	ALE	0.9990	-	0.8990
1	7713442	7717934	4492	TORK	0.9767	-	0.9776
1	7716610	7723035	6425	ALE	0.9997	-	0.9336
1	7720407	7726446	6039	ALE	0.8397	-	0.8801
1	7724350	7729292	4942	TORK	0.9889	-	0.6172
1	7720407	7726446	6039	ALE	0.8397	-	0.3575
1	7724350	7729292	4942	TORK	0.9889	-	0.6172
1	7728865	7734510	5645	ALE	0.9975	-	0.6981
1	7732081	7738338	6257	ALE	0.9783	-	0.9160
1	7737017	7742446	5429	ALE	0.9985	-	0.7237
1	7742519	7748035	5516	ALE	0.9979	-	0.7511
1	7747956	7753556	5600	TORK	0.9982	-	0.9860
1	7751114	7756606	5492	ALE	0.9940	-	0.9866
1	7754731	7760175	5444	ALE	0.9106	-	0.4825
1	7758598	7763990	5392	ALE	0.9897	-	0.6297
1	7762196	7768409	6213	ALE	0.9983	-	0.7607
1	7758598	7763990	5392	ALE	0.9896	-	0.8849
1	7762196	7768409	6213	ALE	0.9983	-	0.7607
1	7769143	7775160	6017	TORK	0.9941	-	0.7823
1	7772520	7778132	5612	TORK	0.8495	-	0.9630
1	7775836	7780494	4658	REINA	0.9989	-	0.5873
1	7780384	7785500	5116	ALE	0.9924	-	0.6953
1	7784362	7789805	5443	ALE	0.9655	-	0.8937
1	7787335	7792909	5574	TORK	0.9980	-	0.4906
1	7790608	7796693	6085	TORK	0.9961	-	0.3697
1	7797574	7802956	5382	ALE	0.9996	-	0.6600
1	7801139	7806389	5250	ALE	0.9704	-	0.7533
1	7804884	7809922	5038	REINA	0.9944	-	0.8295
1	7801139	7806389	5250	ALE	0.9704	-	0.7537
1	7804884	7809922	5038	REINA	0.9944	-	0.8295
1	7807785	7813443	5658	ALE	0.9979	-	0.3812
1	7813980	7820210	6230	ORYCO	0.9917	-	0.7231
1	7819104	7824244	5140	TORK	0.7938	-	0.9586
1	7821905	7828085	6180	ALE	0.9997	-	0.8597
1	7825769	7831302	5533	ALE	0.7325	-	0.8674
1	7828767	7835359	6592	ALE	0.9995	-	0.2846
1	7832545	7838487	5942	ALE	0.9868	-	0.9341
1	7837942	7843686	5744	ALE	0.9939	-	0.5814
1	7843414	7848630	5216	ALE	0.9929	-	0.9820
1	7843414	7848630	5216	ALE	0.9929	-	0.9820
1	7847058	7851893	4835	ALE	0.9982	-	0.8433
1	7849555	7855091	5536	ALE	0.9974	-	0.9716
1	7855588	7860798	5210	ALE	0.9991	-	0.8560
1	7859535	7865126	5591	REINA	0.9606	-	0.4591
1	7862855	7867286	4431	REINA	0.9758	-	0.6082
1	7867668	7873790	6122	TORK	0.9933	-	0.4951
1	7871248	7876614	5366	ALE	0.9975	-	0.8249
1	7876957	7882635	5678	REINA	0.9939	-	0.5158
1	7880130	7886167	6037	ALE	0.9983	-	0.4504
1	7886512	7891058	4546	ALE	0.9947	-	0.6204
1	7880130	7886167	6037	ALE	0.9983	-	0.8585
1	7886512	7891058	4546	ALE	0.9947	-	0.6204
1	7892548	7898381	5833	ALE	0.9904	-	0.2799
1	7900589	7905868	5279	ALE	0.9793	-	0.8774
1	7904271	7910049	5778	REINA	0.9649	-	0.4404
1	7907345	7913289	5944	REINA	0.9991	-	0.9824
1	7912054	7917333	5279	ORYCO	0.9925	-	0.6203
1	7915058	7921354	6296	ALE	0.9993	-	0.6533
1	7918794	7924896	6102	ALE	0.9996	-	0.8232
1	7925770	7930917	5147	ALE	0.9935	-	0.4025
1	7925770	7930917	5147	ALE	0.9935	-	0.4025
1	7929923	7934841	4918	ALE	0.9885	-	0.9037
1	7932127	7939485	7358	ALE	0.9909	-	0.9958
1	7937646	7942818	5172	TORK	0.9926	-	0.6540
1	7942393	7948205	5812	ALE	0.9967	-	0.6140
1	7945949	7952127	6178	BIANCA	0.8788	-	0.6540
1	7950512	7956839	6327	ALE	0.9988	-	0.3872
1	7955265	7961818	6553	CRM	0.7862	-	0.5595
1	7959041	7964695	5654	ALE	0.9976	-	0.7032
1	7965600	7971685	6085	BIANCA	0.9846	-	0.5701
1	7959041	7964695	5654	ALE	0.9976	-	0.7666
1	7965600	7971685	6085	BIANCA	0.9846	-	0.5701
1	7969429	7978105	8676	SIRE	0.9797	-	0.4063
1	7976118	7981738	5620	ALE	0.9897	-	0.5763
1	7981528	7987880	6352	ALE	0.9944	-	0.9766
1	7987899	7992633	4734	ALE	0.9154	-	0.3617
1	7991330	7996648	5318	ALE	0.9951	-	0.8702
1	7995259	8001496	6237	TORK	0.9134	-	0.8486
1	7998859	8004364	5505	ALE	0.9980	-	0.6129
1	8002999	8007972	4973	ALE	0.9775	-	0.7089
1	7998859	8004364	5505	ALE	0.9980	-	0.8199
1	8002999	8007972	4973	ALE	0.9775	-	0.7089
1	8007088	8012307	5219	ALE	0.9944	-	0.9788
1	8010229	8014734	4505	ALE	0.9364	-	0.6741
1	8013610	8017702	4092	ALE	0.9613	-	0.5333
1	8016872	8023021	6149	ALE	0.9959	-	0.3911
1	8021641	8027467	5826	ALE	0.9959	-	0.8114
1	8027524	8033083	5559	ALE	0.9991	-	0.5365
1	8030828	8036310	5482	ALE	0.9856	-	0.5559
1	8034800	8039402	4602	BIANCA	0.9436	-	0.8860
1	8037107	8042927	5820	ALE	0.9992	-	0.9759
1	8040722	8046531	5809	ALE	0.9954	-	0.5024
1	8043911	8051246	7335	REINA	0.7470	-	0.7659
1	8040722	8046531	5809	ALE	0.9954	-	0.5538
1	8043911	8051246	7335	REINA	0.7470	-	0.7659
1	8048793	8054325	5532	ALE	0.9961	-	0.5301
1	8053749	8060376	6627	ALE	0.9974	-	0.3969
1	8058248	8063191	4943	BIANCA	0.7052	-	0.7056
1	8060676	8066715	6039	ALE	0.9821	-	0.4176
1	8065810	8071968	6158	ALE	0.9766	-	0.3592
1	8069993	8074776	4783	BIANCA	0.9966	-	0.4545
1	8073684	8079415	5731	ALE	0.9850	-	0.9306
1	8077714	8082648	4934	REINA	0.8191	-	0.9146
1	8079491	8089660	10169	SIRE	0.9914	-	0.7798
1	8079491	8089660	10169	SIRE	0.9914	-	0.9467
1	8090236	8095271	5035	TORK	0.9963	-	0.7406
1	8092913	8098330	5417	REINA	0.9866	-	0.9244
1	8097556	8103053	5497	ALE	0.9987	-	0.9273
1	8101155	8105738	4583	ALE	0.9794	-	0.9984
1	8104385	8109857	5472	ALE	0.9966	-	0.6516
1	8110390	8115099	4709	ALE	0.9749	-	0.2885
1	8114148	8119657	5509	ALE	0.9953	-	0.5200
1	8118855	8128907	10052	DEL	0.9985	-	0.3311
1	8118855	8128907	10052	DEL	0.9985	-	0.6356
1	8127809	8133604	5795	ALE	0.9987	-	0.5456
1	8131333	8136217	4884	TORK	0.9550	-	0.7257
1	8135264	8140598	5334	ALE	0.9976	-	0.8741
1	8140057	8145328	5271	TORK	0.9986	-	0.7136
1	8143848	8149767	5919	TORK	0.9707	-	0.5462
1	8149116	8155647	6531	ALE	0.9977	-	0.9783
1	8153437	8158916	5479	TORK	0.9535	-	0.7410
1	8157325	8162656	5331	ALE	0.9586	-	0.7948
1	8161156	8166233	5077	ALE	0.8012	-	0.9958
1	8164032	8169379	5347	ALE	0.9950	-	0.9983
1	8161156	8166233	5077	ALE	0.8012	-	0.9958
1	8164032	8169379	5347	ALE	0.9950	-	0.9983
1	8167618	8172750	5132	ALE	0.9053	-	0.7325
1	8170675	8175130	4455	ALE	0.9780	-	0.5723
1	8175894	8180882	4988	ALE	0.9937	-	0.9588
1	8179078	8183550	4472	ALE	0.7581	-	0.7136
1	8181906	8186961	5055	ALE	0.9974	-	0.3699
1	8185378	8189828	4450	ALE	0.8484	-	0.4761
1	8189128	8194401	5273	ALE	0.9938	-	0.4199
1	8191968	8197586	5618	TORK	0.9327	-	0.6763
1	8195309	8200203	4894	ALE	0.9272	-	0.9491
1	8197960	8203180	5220	REINA	0.9897	-	0.9993
1	8200846	8205953	5107	ALE	0.9925	-	0.5248
1	8205000	8210222	5222	ALE	0.9990	-	0.9129
1	8200846	8205953	5107	ALE	0.9925	-	0.5045
1	8205000	8210222	5222	ALE	0.9990	-	0.9129
1	8209467	8214990	5523	ALE	0.9880	-	0.9975
1	8213006	8218707	5701	REINA	0.9756	-	0.7300
1	8216437	8222612	6175	BIANCA	0.9562	-	0.7854
1	8221547	8226879	5332	ALE	0.9976	-	0.7184
1	8227902	8233174	5272	ORYCO	0.9970	-	0.9875
1	8232133	8237713	5580	ALE	0.9781	-	0.3898
1	8235608	8241633	6025	ALE	0.9833	-	0.4886
1	8241229	8246649	5420	ALE	0.9967	-	0.3793
1	8244883	8249810	4927	BIANCA	0.9440	-	0.7067
1	8241229	8246649	5420	ALE	0.9967	-	0.3820
1	8244883	8249810	4927	BIANCA	0.9440	-	0.7067
1	8248605	8256026	7421	TORK	0.9766	-	0.8581
1	8253133	8258553	5420	ALE	0.9997	-	0.8521
1	8258966	8264278	5312	ALE	0.9909	-	0.9880
1	8266445	8271819	5374	ALE	0.9673	-	0.5411
1	8269929	8275897	5968	BIANCA	0.9747	-	0.7430
1	8276221	8280769	4548	ALE	0.9794	-	0.3579
1	8278343	8284608	6265	ALE	0.8076	-	0.9539
1	8281705	8288189	6484	BIANCA	0.9867	-	0.9010
1	8285380	8291293	5913	ALE	0.9918	-	0.4355
1	8281705	8288189	6484	BIANCA	0.9867	-	0.9010
1	8285380	8291293	5913	ALE	0.9918	-	0.4355
1	8289340	8294818	5478	ALE	0.9940	-	0.9997
1	8295832	8300597	4765	ALE	0.9663	-	0.9941
1	8298543	8303488	4945	ALE	0.9883	-	0.6210
1	8301890	8306696	4806	ALE	0.9689	-	0.4302
1	8304832	8310192	5360	ALE	0.9075	-	0.5569
1	8308793	8313674	4881	ALE	0.9989	-	0.9594
1	8312904	8317957	5053	ALE	0.9955	-	0.4037
1	8317652	8323699	6047	BIANCA	0.9935	-	0.4668
1	8323545	8328688	5143	ALE	0.9811	-	0.9748
1	8323545	8328688	5143	ALE	0.9811	-	0.9748
1	8330926	8336467	5541	ALE	0.9922	-	0.9278
1	8335584	8340729	5145	ALE	0.8877	-	0.9077
1	8338871	8344079	5208	ORYCO	0.9984	-	0.4651
1	8341959	8348099	6140	TORK	0.9961	-	0.9041
1	8347329	8353267	5938	TORK	0.9988	-	0.5020
1	8350640	8358680	8040	ATHILA	0.9663	-	0.6761
1	8356463	8361141	4678	ALE	0.9729	-	0.4553
1	8361988	8366689	4701	TORK	0.9933	-	0.8520
1	8364704	8370288	5584	REINA	0.9808	-	0.9087
1	8361988	8366689	4701	TORK	0.9933	-	0.8520
1	8364704	8370288	5584	REINA	0.9808	-	0.9087
1	8368771	8374206	5435	TORK	0.9653	-	0.7037
1	8373595	8379470	5875	ALE	0.9968	-	0.8396
1	8377366	8382752	5386	TORK	0.9942	-	0.9287
1	8382646	8389167	6521	TORK	0.9971	-	0.9282
1	8389528	8395430	5902	ALE	0.9873	-	1.0000
1	8393933	8399197	5264	ALE	0.8279	-	0.6200
1	8398423	8404633	6210	ALE	0.9935	-	0.8733
1	8402744	8412073	9329	ANGELA	0.9499	-	0.6081
1	8398423	8404633	6210	ALE	0.9935	-	0.5508
1	8402744	8412073	9329	ANGELA	0.9499	-	0.6081
1	8410946	8416550	5604	REINA	0.9658	-	0.9303
1	8414371	8418945	4574	ALE	0.9940	-	0.4633
1	8416807	8422894	6087	ALE	0.9995	-	0.9550
1	8423522	8428596	5074	ALE	0.9922	-	0.7694
1	8427776	8432729	4953	BIANCA	0.9633	-	0.5014
1	8430894	8437593	6699	REINA	0.9972	-	0.8933
1	8434742	8440857	6115	REINA	0.9987	-	0.4283
1	8440970	8446488	5518	ALE	0.9974	-	0.5921
1	8444507	8450565	6058	TORK	0.9970	-	0.7664
1	8440970	8446488	5518	ALE	0.9974	-	0.5877
1	8444507	8450565	6058	TORK	0.9970	-	0.7664
1	8448146	8453004	4858	ALE	0.8579	-	0.5714
1	8450619	8456761	6142	ALE	0.9960	-	0.9987
1	8454683	8459705	5022	ALE	0.9192	-	0.8126
1	8457368	8463735	6367	ALE	0.9912	-	0.9517
1	8461701	8467129	5428	ALE	0.9914	-	0.6365
1	8464137	8472046	7909	TORK	0.9579	-	0.4973
1	8470301	8476373	6072	ALE	0.9984	-	0.5547
1	8474085	8479937	5852	ALE	0.9346	-	0.9460
1	8477946	8484145	6199	TORK	0.9705	-	0.8371
1	8483036	8488070	5034	ORYCO	0.9970	-	0.7091
1	8483036	8488070	5034	ORYCO	0.9970	-	0.7091
1	8486866	8492351	5485	ALE	0.9885	-	0.5573
1	8492325	8498397	6072	TORK	0.9977	-	0.4948
1	8495934	8501063	5129	TORK	0.8485	-	0.8176
1	8498769	8510079	11310	SIRE	0.9977	-	0.9494
1	8508615	8514216	5601	ALE	0.9885	-	0.7069
1	8511930	8516873	4943	ALE	0.9918	-	0.7509
1	8514801	8520551	5750	ALE	0.9987	-	0.3450
1	8520011	8528524	8513	ATHILA	0.9979	-	0.5253
1	8525336	8531355	6019	ALE	0.8513	-	0.9806
1	8520011	8528524	8513	ATHILA	0.9979	-	0.4134
1	8525336	8531355	6019	ALE	0.8513	-	0.9806
1	8528606	8535274	6668	TORK	0.9894	-	0.5971
1	8533415	8537957	4542	ALE	0.8557	-	0.6475
1	8536114	8541036	4922	ALE	0.9993	-	0.9516
1	8541418	8546425	5007	ALE	0.9942	-	0.4371
1	8544401	8550282	5881	ALE	0.9947	-	0.9009
1	8549601	8554132	4531	TORK	0.9199	-	0.9468
1	8551687	8558939	7252	TORK	0.9956	-	0.7763
1	8557847	8564043	6196	TORK	0.9863	-	0.5187
1	8561476	8567584	6108	TORK	0.9971	-	0.7469
1	8561476	8567584	6108	TORK	0.9971	-	0.7469
1	8567597	8572226	4629	ORYCO	0.9990	-	0.9588
1	8571437	8576909	5472	ALE	0.9947	-	0.4649
1	8575177	8580025	4848	ALE	0.9686	-	0.8245
1	8579755	8584977	5222	REINA	0.9990	-	0.6850
1	8583457	8588196	4739	ALE	0.9601	-	0.9368
1	8588186	8593477	5291	TORK	0.9790	-	0.7210
1	8592510	8597739	5229	ALE	0.9994	-	0.6178
1	8597187	8602107	4920	TORK	0.9837	-	0.5184
1	8599639	8606144	6505	TORK	0.9112	-	0.4907
1	8603958	8609090	5132	ALE	0.9977	-	0.2866
1	8599639	8606144	6505	TORK	0.9112	-	0.5135
1	8603958	8609090	5132	ALE	0.9977	-	0.2866
1	8608309	8614172	5863	TORK	0.9934	-	0.3581
1	8615196	8620500	5304	ORYCO	0.9683	-	0.5542
1	8619920	8625024	5104	ALE	0.9960	-	0.6027
1	8624800	8629403	4603	ALE	0.9663	-	0.5384
1	8629810	8635546	5736	ORYCO	0.9482	-	0.6422
1	8635903	8641743	5840	BIANCA	0.9901	-	0.4728
1	8639149	8647617	8468	SIRE	0.9673	-	0.8618
1	8644325	8650626	6301	ALE	0.9978	-	0.5123
1	8639149	8647617	8468	SIRE	0.9673	-	0.9418
1	8644325	8650626	6301	ALE	0.9978	-	0.5123
1	8648566	8652949	4383	ALE	0.8919	-	0.3480
1	8653296	8659482	6186	ALE	0.9989	-	0.4598
1	8657441	8662697	5256	ALE	0.9992	-	0.5239
1	8661687	8666844	5157	TORK	0.9812	-	0.8714
1	8666443	8677007	10564	DEL	0.9964	-	0.4876
1	8675597	8680299	4702	BIANCA	0.9738	-	0.6939
1	8678704	8683178	4474	ALE	0.9871	-	0.7117
1	8682970	8688285	5315	TORK	0.9925	-	0.3037
1	8682970	8688285	5315	TORK	0.9925	-	0.3037
1	8686489	8692048	5559	ALE	0.9950	-	0.6347
1	8692495	8697780	5285	ALE	0.9945	-	0.4312
1	8695911	8701279	5368	ALE	0.9916	-	0.9816
1	8697902	8707249	9347	SIRE	0.7702	-	0.9879
1	8703831	8709837	6006	ALE	0.9943	-	0.4903
1	8708167	8712827	4660	ALE	0.9673	-	0.3792
1	8710894	8715933	5039	ALE	0.9912	-	0.8566
1	8714144	8719917	5773	TORK	0.8871	-	0.6715
1	8718026	8723473	5447	ORYCO	0.9974	-	0.9915
1	8721304	8728064	6760	TORK	0.8702	-	0.4154
1	8721304	8728064	6760	TORK	0.8702	-	0.4154
1	8726455	8736179	9724	DEL	0.9976	-	0.9195
1	8733090	8739704	6614	TORK	0.9658	-	0.7464
1	8739355	8743760	4405	ALE	0.9924	-	0.9957
1	8741115	8749551	8436	DEL	0.9621	-	0.4648
1	8746443	8752306	5863	ALE	0.9936	-	0.5588
1	8750176	8755120	4944	TORK	0.9672	-	0.5427
1	8754147	8759512	5365	ALE	0.9540	-	0.3002
1	8757252	8763321	6069	ALE	0.9984	-	0.9660
1	8762101	8767485	5384	ALE	0.9947	-	0.3673
1	8762101	8767485	5384	ALE	0.9947	-	0.3673
1	8766243	8771351	5108	ORYCO	0.7912	-	0.3381
1	8770586	8776627	6041	REINA	0.9757	-	0.8523
1	8774204	8780146	5942	ALE	0.8584	-	0.3835
1	8777828	8783012	5184	REINA	0.9671	-	0.9727
1	8783696	8789280	5584	ALE	0.9973	-	0.4549
1	8787258	8792474	5216	TORK	0.9671	-	0.4879
1	8790271	8795700	5429	ALE	0.9983	-	0.9376
1	8795078	8800019	4941	TORK	0.9924	-	0.3232
1	8799673	8804963	5290	ALE	0.9797	-	0.3246
1	8801879	8812722	10843	DEL	0.9993	-	0.5262
1	8799673	8804963	5290	ALE	0.9797	-	0.9808
1	8801879	8812722	10843	DEL	0.9993	-	0.5262
1	8810471	8816037	5566	ALE	0.9938	-	0.4766
1	8813866	8824857	10991	ATHILA	0.9746	-	0.9818
1	8821052	8827182	6130	BIANCA	0.8240	-	0.7755
1	8824830	8830592	5762	BIANCA	0.9927	-	0.6071
1	8830433	8841433	11000	TAT	0.9986	-	0.4098
1	8837757	8842783	5026	ALE	0.9892	-	0.9952
1	8840651	8846466	5815	ALE	0.8528	-	0.6159
1	8844069	8849053	4984	ORYCO	0.9942	-	0.4205
1	8840651	8846466	5815	ALE	0.8528	-	0.7507
1	8844069	8849053	4984	ORYCO	0.9942	-	0.4205
1	8849422	8854879	5457	ALE	0.9985	-	0.9275
1	8852577	8858459	5882	TORK	0.9993	-	0.4980
1	8857398	8862419	5021	ALE	0.9607	-	0.9845
1	8859820	8866100	6280	ALE	0.9994	-	0.9819
1	8866453	8872017	5564	TORK	0.9959	-	0.4436
1	8870716	8876216	5500	TORK	0.9955	-	0.9706
1	8875057	8880867	5810	ALE	0.9989	-	0.3966
1	8881227	8886471	5244	ALE	0.9911	-	0.7645
1	8885648	8891274	5626	ALE	0.9844	-	0.4321
1	8881227	8886471	5244	ALE	0.9911	-	0.7649
1	8885648	8891274	5626	ALE	0.9844	-	0.4321
1	8889699	8894712	5013	ALE	0.9948	-	0.9170
1	8892298	8898905	6607	TORK	0.7668	-	0.6896
1	8896882	8901797	4915	ALE	0.9923	-	0.4851
1	8899868	8904328	4460	ORYCO	0.7215	-	0.9867
1	8902575	8908289	5714	ALE	0.9986	-	0.3711
1	8906885	8912968	6083	ALE	0.9903	-	0.5891
1	8911263	8916520	5257	ALE	0.9879	-	0.8433
1	8917394	8922780	5386	ALE	0.9889	-	0.5065
1	8920402	8925616	5214	BIANCA	0.8662	-	0.9879
1	8923276	8929189	5913	TORK	0.9990	-	0.8050
1	8920402	8925616	5214	BIANCA	0.8662	-	0.9785
1	8923276	8929189	5913	TORK	0.9990	-	0.8050
1	8926913	8932870	5957	BIANCA	0.9368	-	0.8763
1	8931521	8936632	5111	ALE	0.9978	-	0.9480
1	8934691	8940142	5451	TORK	0.9910	-	0.2858
1	8938225	8943931	5706	ALE	0.9955	-	0.3266
1	8941557	8946241	4684	TORK	0.8466	-	0.9008
1	8943566	8953437	9871	SIRE	0.9816	-	0.5890
1	8951731	8957626	5895	ALE	0.9892	-	0.5414
1	8955846	8960588	4742	ALE	0.9357	-	0.7254
1	8958548	8963187	4639	BIANCA	0.9902	-	0.8790
1	8961555	8966692	5137	ALE	0.9532	-	0.6414
1	8961555	8966692	5137	ALE	0.9532	-	0.6414
1	8966789	8972816	6027	ORYCO	0.9995	-	0.8775
1	8972533	8978135	5602	BIANCA	0.9438	-	0.9810
1	8976793	8981773	4980	ALE	0.9991	-	0.8621
1	8983401	8988463	5062	ALE	0.9992	-	0.9851
1	8988528	8995179	6651	ALE	0.9997	-	0.8701
1	8992801	8998103	5302	ALE	0.9597	-	0.8620
1	8995719	9001102	5383	REINA	0.8202	-	0.8188
1	8998889	9004500	5611	TORK	0.9965	-	0.4486
1	9002415	9010244	7829	DEL	0.9944	-	0.8283
1	8998889	9004500	5611	TORK	0.9965	-	0.6408
1	9002415	9010244	7829	DEL	0.9944	-	0.8283
1	9011507	9016791	5284	BIANCA	0.9279	-	0.9112
1	9015597	9021535	5938	TORK	0.9276	-	0.5754
1	9019528	9024395	4867	ALE	0.9707	-	0.5594
1	9024489	9030505	6016	TORK	0.9950	-	0.7548
1	9027888	9033599	5711	ALE	0.9455	-	0.8796
1	9032506	9037568	5062	REINA	0.9964	-	0.7642
1	9036813	9042510	5697	ALE	0.9972	-	0.9692
1	9041195	9047230	6035	ALE	0.9943	-	0.4456
1	9041195	9047230	6035	ALE	0.9943	-	0.4466
1	9048250	9053622	5372	ALE	0.9975	-	0.9767
1	9052002	9057660	5658	ALE	0.9987	-	0.9069
1	9058318	9063327	5009	BIANCA	0.9950	-	0.3604
1	9063613	9069332	5719	ALE	0.9969	-	0.7860
1	9068457	9074036	5579	ALE	0.9954	-	0.4563
1	9071917	9077829	5912	ALE	0.9970	-	0.5230
1	9075507	9082496	6989	ORYCO	0.9982	-	0.9499
1	9083118	9088987	5869	REINA	0.9975	-	0.3038
1	9083118	9088987	5869	REINA	0.9975	-	0.3038
1	9086984	9092012	5028	ALE	0.9941	-	0.6633
1	9091199	9096590	5391	ALE	0.9728	-	0.5890
1	9095028	9101602	6574	ALE	0.9982	-	0.5627
1	9099222	9105123	5901	TORK	0.9093	-	0.4673
1	9103602	9112765	9163	ATHILA	0.9767	-	0.6461
1	9113479	9119748	6269	TORK	0.9846	-	0.9927
1	9119844	9128030	8186	DEL	0.9678	-	0.7877
1	9126001	9132740	6739	TORK	0.9893	-	0.6952
1	9119844	9128030	8186	DEL	0.9678	-	0.7788
1	9132208	9137522	5314	ALE	0.9159	-	0.3825
1	9135741	9140980	5239	ALE	0.9966	-	0.5016
1	9138558	9144158	5600	REINA	0.9729	-	0.7224
1	9142050	9148766	6716	ALE	0.9929	-	0.5374
1	9146907	9153805	6898	BIANCA	0.9767	-	0.9616
1	9153858	9159252	5394	ALE	0.9992	-	0.4049
1	9157092	9162488	5396	ALE	0.9969	-	0.7593
1	9162999	9167696	4697	BIANCA	0.9819	-	0.7316
1	9166133	9170929	4796	ALE	0.9058	-	0.5272
1	9162999	9167696	4697	BIANCA	0.9819	-	0.7316
1	9166133	9170929	4796	ALE	0.9058	-	0.5272
1	9169827	9175846	6019	TORK	0.9987	-	0.4925
1	9175215	9180656	5441	ALE	0.9993	-	0.9784
1	9178553	9186527	7974	TORK	0.8508	-	0.5044
1	9183684	9189060	5376	TORK	0.9862	-	0.2853
1	9187216	9192854	5638	TORK	0.9953	-	0.7099
1	9190734	9196213	5479	ALE	0.9900	-	0.9373
1	9197309	9203001	5692	ALE	0.9718	-	0.8980
1	9202712	9207398	4686	ALE	0.9908	-	0.6758
1	9205956	9210243	4287	ALE	0.9855	-	0.8879
1	9202712	9207398	4686	ALE	0.9908	-	0.6758
1	9205956	9210243	4287	ALE	0.9855	-	0.8879
1	9211853	9217113	5260	ALE	0.9694	-	0.3233
1	9216283	9222037	5754	ALE	0.9977	-	0.7817
1	9220813	9226399	5586	BIANCA	0.9533	-	0.9089
1	9223814	9229561	5747	TORK	0.9938	-	0.5260
1	9227728	9232869	5141	ALE	0.9370	-	0.5628
1	9230433	9235981	5548	BIANCA	0.9922	-	0.9296
1	9236315	9242082	5767	TORK	0.9956	-	0.9366
1	9239797	9244029	4232	ALE	0.7598	-	0.9383
1	9241898	9247171	5273	ALE	0.9866	-	0.7488
1	9239797	9244029	4232	ALE	0.7598	-	0.7391
1	9241898	9247171	5273	ALE	0.9866	-	0.7488
1	9246169	9255843	9674	SIRE	0.9984	-	0.9928
1	9253167	9259034	5867	ALE	0.9991	-	0.7190
1	9255627	9264600	8973	SIRE	0.9461	-	0.5985
1	9262295	9267701	5406	ALE	0.9951	-	0.5397
1	9267423	9272582	5159	ALE	0.9973	-	0.8952
1	9270242	9275485	5243	ALE	0.8587	-	0.9985
1	9273038	9278570	5532	ALE	0.9852	-	0.7962
1	9276208	9281221	5013	ALE	0.9943	-	0.9161
1	9279387	9285599	6212	ALE	0.9938	-	0.4883
1	9282885	9289185	6300	ALE	0.9983	-	0.8444
1	9279387	9285599	6212	ALE	0.9938	-	0.9974
1	9282885	9289185	6300	ALE	0.9983	-	0.8444
1	9288380	9294110	5730	ALE	0.9996	-	0.3669
1	9294132	9299718	5586	TORK	0.9527	-	0.8618
1	9297318	9302478	5160	ALE	0.9538	-	0.7025
1	9299944	9305860	5916	ALE	0.9926	-	0.8404
1	9303669	9310069	6400	ALE	0.9995	-	0.9747
1	9307473	9313445	5972	ALE	0.9992	-	0.9154
1	9310890	9316263	5373	TORK	0.7131	-	0.4143
1	9315105	9320436	5331	ALE	0.9942	-	0.8169
1	9317844	9323948	6104	ALE	0.9952	-	0.4177
1	9321683	9326594	4911	ALE	0.9673	-	0.3483
1	9325222	9330954	5732	ALE	0.9985	-	0.3903
1	9321683	9326594	4911	ALE	0.9673	-	0.3483
1	9325222	9330954	5732	ALE	0.9985	-	0.3903
1	9328466	9334122	5656	ALE	0.9946	-	0.5686
1	9332880	9339068	6188	ALE	0.9988	-	0.8624
1	9337727	9343598	5871	ALE	0.9998	-	0.7206
1	9344008	9349665	5657	BIANCA	0.9970	-	0.6720
1	9347854	9354033	6179	ALE	0.9967	-	0.2584
1	9352420	9358790	6370	ALE	0.9955	-	0.5811
1	9357862	9362609	4747	ALE	0.9978	-	0.9758
1	9361103	9365746	4643	ALE	0.8198	-	0.3205
1	9364544	9369733	5189	ALE	0.9776	-	0.2072
1	9361103	9365746	4643	ALE	0.8198	-	0.3238
1	9364544	9369733	5189	ALE	0.9776	-	0.2072
1	9369982	9375815	5833	TORK	0.9968	-	0.7202
1	9373518	9379114	5596	REINA	0.9943	-	0.9182
1	9377130	9383054	5924	BIANCA	0.9354	-	0.9686
1	9381707	9387653	5946	TORK	0.9840	-	0.7912
1	9386418	9391867	5449	ORYCO	0.9905	-	0.7664
1	9390879	9396251	5372	REINA	0.9318	-	0.6917
1	9393958	9400102	6144	ALE	0.9988	-	0.7924
1	9397744	9402679	4935	ALE	0.9873	-	0.4606
1	9401819	9408108	6289	REINA	0.8879	-	0.4441
1	9405878	9413176	7298	ALE	0.9986	-	0.9728
1	9401819	9408108	6289	REINA	0.8879	-	0.4441
1	9405878	9413176	7298	ALE	0.9986	-	0.9728
1	9411334	9416896	5562	ORYCO	0.9993	-	0.9935
1	9417598	9423003	5405	ALE	0.9983	-	0.5207
1	9420936	9426021	5085	TORK	0.7161	-	0.4923
1	9424282	9429859	5577	BIANCA	0.9899	-	0.5411
1	9429495	9434758	5263	ALE	0.9874	-	0.5475
1	9433681	9439573	5892	TORK	0.8488	-	0.6563
1	9436986	9443542	6556	REINA	0.9993	-	0.8082
1	9439973	9449730	9757	DEL	0.9616	-	0.8999
1	9446267	9451770	5503	TORK	0.9819	-	0.8695
1	9439973	9449730	9757	DEL	0.9616	-	0.5808
1	9450706	9455672	4966	ALE	0.9973	-	0.2600
1	9457861	9463385	5524	ALE	0.9972	-	0.9989
1	9463260	9468047	4787	ALE	0.9966	-	0.8044
1	9467799	9474240	6441	TORK	0.9984	-	0.9975
1	9473559	9479295	5736	TORK	0.9101	-	0.8690
1	9478047	9483403	5356	TORK	0.9792	-	0.4831
1	9481627	9486689	5062	ALE	0.9919	-	0.8114
1	9484502	9489500	4998	ALE	0.9996	-	0.3027
1	9481627	9486689	5062	ALE	0.9919	-	0.8114
1	9484502	9489500	4998	ALE	0.9996	-	0.3027
1	9487353	9492939	5586	TORK	0.8625	-	0.9397
1	9490981	9495784	4803	ALE	0.9970	-	0.4255
1	9493332	9499532	6200	ALE	0.9808	-	0.4130
1	9498036	9503462	5426	ALE	0.9949	-	0.5378
1	9501709	9506234	4525	ALE	0.9354	-	0.7926
1	9504065	9509425	5360	TORK	0.9522	-	0.5711
1	9507168	9513720	6552	ALE	0.9986	-	0.4480
1	9511840	9516741	4901	ALE	0.9903	-	0.4734
1	9518353	9523672	5319	ALE	0.9839	-	0.8006
1	9524541	9530216	5675	TORK	0.9986	-	0.5573
1	9524541	9530216	5675	TORK	0.9986	-	0.5573
1	9528030	9533347	5317	ALE	0.8603	-	0.6409
1	9531342	9537095	5753	TORK	0.9645	-	0.3300
1	9535681	9545605	9924	ATHILA	0.9917	-	0.8812
1	9546454	9552020	5566	ALE	0.9890	-	0.8040
1	9551880	9555647	3767	ALE	0.9048	-	0.8606
1	9554424	9560232	5808	ALE	0.9975	-	0.8661
1	9559328	9564590	5262	TORK	0.9630	-	0.4730
1	9564537	9569492	4955	ALE	0.9915	-	0.7163
1	9559328	9564590	5262	TORK	0.9630	-	0.5963
1	9564537	9569492	4955	ALE	0.9915	-	0.7163
1	9567966	9573768	5802	TORK	0.9939	-	0.9386
1	9571372	9576369	4997	ALE	0.7763	-	0.4777
1	9574222	9580123	5901	ALE	0.9977	-	0.4007
1	9577877	9583498	5621	ALE	0.9976	-	0.2845
1	9581555	9586901	5346	ALE	0.9836	-	0.4800
1	9585710	9591067	5357	BIANCA	0.9974	-	0.9015
1	9592940	9598127	5187	ALE	0.9957	-	0.5286
1	9598473	9604049	5576	ALE	0.9983	-	0.8685
1	9604381	9609717	5336	ALE	0.9875	-	0.6911
1	9604381	9609717	5336	ALE	0.9875	-	0.6911
1	9610691	9615767	5076	ALE	0.9928	-	0.7130
1	9614114	9619256	5142	ALE	0.9058	-	0.3622
1	9617107	9622437	5330	ALE	0.9936	-	0.7006
1	9619961	9625795	5834	ORYCO	0.9979	-	0.4475
1	9623443	9629088	5645	BIANCA	0.9571	-	0.9593
1	9627206	9632068	4862	ALE	0.9655	-	0.5998
1	9632510	9637740	5230	ALE	0.9962	-	0.9735
1	9636676	9641830	5154	ALE	0.9563	-	0.4375
1	9641578	9647338	5760	ALE	0.9927	-	0.9130
1	9641578	9647338	5760	ALE	0.9927	-	0.9130
1	9647134	9652612	5478	ALE	0.9927	-	0.5046
1	9650374	9655648	5274	TORK	0.7706	-	0.7318
1	9653372	9658448	5076	TORK	0.9878	-	0.7959
1	9656335	9661632	5297	ORYCO	0.9936	-	0.9945
1	9662273	9667860	5587	ALE	0.9945	-	0.8533
1	9665852	9670843	4991	ALE	0.9974	-	0.6909
1	9670888	9676301	5413	TORK	0.9504	-	0.9726
1	9675423	9681255	5832	ORYCO	0.9964	-	0.7505
1	9678841	9683799	4958	ALE	0.9869	-	0.6945
1	9678841	9683799	4958	ALE	0.9869	-	0.5384
1	9685194	9692091	6897	DEL	0.9632	-	0.8741
1	9689767	9694717	4950	ALE	0.8459	-	0.5138
1	9693007	9698692	5685	REINA	0.9894	-	0.8192
1	9699885	9705292	5407	ALE	0.9961	-	0.3230
1	9703006	9709576	6570	ALE	0.9529	-	0.7791
1	9708356	9713233	4877	TORK	0.9953	-	0.9987
1	9712781	9717579	4798	BIANCA	0.9443	-	0.7448
1	9715574	9720667	5093	ALE	0.9844	-	0.3564
1	9719522	9724267	4745	REINA	0.9736	-	0.6952
1	9724324	9730443	6119	TORK	0.9870	-	0.7409
1	9719522	9724267	4745	REINA	0.9736	-	0.8937
1	9724324	9730443	6119	TORK	0.9870	-	0.7409
1	9730075	9735435	5360	ALE	0.9654	-	0.6076
1	9732745	9739659	6914	TORK	0.9859	-	0.9970
1	9737117	9742041	4924	BIANCA	0.9910	-	0.2756
1	9740563	9747252	6689	REINA	0.9866	-	0.9663
1	9745617	9750719	5102	ALE	0.9446	-	0.7075
1	9750429	9755875	5446	TORK	0.9943	-	0.2715
1	9754383	9760333	5950	ALE	0.9644	-	0.9748
1	9758917	9764328	5411	ALE	0.9989	-	0.9981
1	9762598	9768496	5898	TORK	0.9849	-	0.4415
1	9758917	9764328	5411	ALE	0.9989	-	0.5669
1	9762598	9768496	5898	TORK	0.9849	-	0.4415
1	9768771	9774019	5248	ALE	0.9840	-	0.5540
1	9771963	9778174	6211	TORK	0.8743	-	0.5032
1	9775632	9782074	6442	TORK	0.9839	-	0.4714
1	9781232	9786829	5597	ALE	0.9963	-	0.7989
1	9784911	9790916	6005	TORK	0.9045	-	0.3563
1	9789046	9795401	6355	ALE	0.9990	-	0.7368
1	9792874	9798060	5186	ALE	0.9339	-	0.4866
1	9796693	9802271	5578	ALE	0.9885	-	0.8085
1	9801529	9811841	10312	SIRE	0.9931	-	0.7173
1	9801529	9811841	10312	SIRE	0.9931	-	0.7173
1	9808993	9814344	5351	ALE	0.9939	-	0.5672
1	9812232	9817494	5262	ALE	0.9928	-	0.9247
1	9816713	9821948	5235	ALE	0.9697	-	0.9286
1	9821502	9827823	6321	ALE	0.9811	-	0.8522
1	9826696	9831903	5207	ALE	0.9956	-	0.9142
1	9829778	9834223	4445	ALE	0.9627	-	0.8061
1	9834585	9840129	5544	ALE	0.9941	-	0.5810
1	9840425	9846659	6234	BIANCA	0.9217	-	0.9006
1	9845446	9850701	5255	ALE	0.9838	-	0.8571
1	9840425	9846659	6234	BIANCA	0.9217	-	0.7198
1	9845446	9850701	5255	ALE	0.9838	-	0.8571
1	9850889	9856805	5916	ALE	0.9734	-	0.6674
1	9854844	9863956	9112	SIRE	0.9913	-	0.4117
1	9862142	9868098	5956	ALE	0.9964	-	0.9906
1	9866524	9871829	5305	REINA	0.9957	-	0.8739
1	9870121	9875044	4923	ALE	0.9784	-	0.4148
1	9874325	9879945	5620	ORYCO	0.9984	-	0.5334
1	9878656	9883744	5088	ALE	0.9995	-	0.9956
1	9881838	9887249	5411	ALE	0.8930	-	0.9317
1	9885484	9890291	4807	ALE	0.9916	-	0.8088
1	9881838	9887249	5411	ALE	0.8930	-	0.9317
1	9885484	9890291	4807	ALE	0.9916	-	0.8088
1	9889266	9894466	5200	ALE	0.9865	-	0.9523
1	9892556	9898134	5578	ALE	0.9849	-	0.9837
1	9896600	9902722	6122	ALE	0.9993	-	0.9498
1	9902583	9908063	5480	REINA	0.9980	-	0.9856
1	9907369	9912044	4675	ALE	0.9087	-	0.6473
1	9910088	9915973	5885	ORYCO	0.9994	-	0.9382
1	9915224	9921143	5919	ALE	0.9742	-	0.7194
1	9919335	9924485	5150	ALE	0.9961	-	0.8347
1	9922140	9928042	5902	BIANCA	0.9775	-	0.5121
1	9919335	9924485	5150	ALE	0.9961	-	0.5108
1	9922140	9928042	5902	BIANCA	0.9775	-	0.5121
1	9926454	9932330	5876	ALE	0.9979	-	0.7868
1	9930289	9936622	6333	ALE	0.9822	-	0.9341
1	9934345	9939803	5458	ALE	0.9781	-	0.2500
1	9938501	9943543	5042	TORK	0.9967	-	0.4070
1	9941001	9947199	6198	BIANCA	0.7397	-	0.4967
1	9944850	9951110	6260	REINA	0.9954	-	0.4329
1	9949020	9954737	5717	ORYCO	0.9776	-	0.5947
1	9952211	9958254	6043	ALE	0.9930	-	0.7558
1	9956506	9962852	6346	ALE	0.9985	-	0.4309
1	9960180	9965942	5762	TORK	0.9647	-	0.5943
1	9963871	9970070	6199	ALE	0.9856	-	0.6379
1	9960180	9965942	5762	TORK	0.9647	-	0.8233
1	9963871	9970070	6199	ALE	0.9856	-	0.6379
1	9968801	9977354	8553	DEL	0.9942	-	0.5638
1	9975846	9981315	5469	TORK	0.9918	-	0.8445
1	9980498	9987777	7279	ATHILA	0.9393	-	0.5445
1	9985191	9989921	4730	ALE	0.9956	-	0.5286
1	9989302	9994589	5287	ALE	0.9827	-	0.4337
1	9992227	9997631	5404	ALE	0.9994	-	0.6661
1	9996972	10002040	5068	ALE	0.9528	-	0.4685
1	9999762	10005022	5260	ALE	0.9861	-	0.4522
1	10003321	10008848	5527	ALE	0.8176	-	0.4400
1	9999762	10005022	5260	ALE	0.9861	-	0.5206
1	10003321	10008848	5527	ALE	0.8176	-	0.4400
1	10006481	10012375	5894	ALE	0.9944	-	0.4734
1	10012282	10018652	6370	REINA	0.9980	-	0.9995
1	10016975	10022052	5077	TORK	0.8889	-	0.8838
1	10020404	10026220	5816	ALE	0.9961	-	0.4314
1	10023984	10029119	5135	ALE	0.8199	-	0.5505
1	10026120	10035933	9813	DEL	0.9990	-	0.9643
1	10032061	10041997	9936	ATHILA	0.9886	-	0.9680
1	10038965	10044456	5491	ALE	0.9962	-	0.9080
1	10044377	10049378	5001	ALE	0.9854	-	0.8876
1	10038965	10044456	5491	ALE	0.9962	-	0.9639
1	10044377	10049378	5001	ALE	0.9854	-	0.8876
1	10049118	10054918	5800	ALE	0.9956	-	0.8476
1	10052727	10058280	5553	ALE	0.9994	-	0.7624
1	10057911	10063361	5450	ALE	0.9972	-	0.9307
1	10062226	10068341	6115	BIANCA	0.9972	-	0.8776
1	10066794	10071785	4991	ALE	0.9772	-	0.9169
1	10070573	10075945	5372	BIANCA	0.7262	-	0.9611
1	10073674	10080027	6353	ALE	0.9975	-	0.6391
1	10076965	10084260	7295	TORK	0.7549	-	0.6418
1	10082144	10087242	5098	ALE	0.9887	-	0.7210
1	10082144	10087242	5098	ALE	0.9887	-	0.7210
1	10086109	10093014	6905	TORK	0.9963	-	0.7967
1	10091891	10097401	5510	ALE	0.9602	-	0.7005
1	10098042	10104200	6158	REINA	0.9979	-	0.4845
1	10102543	10107881	5338	REINA	0.9638	-	0.6371
1	10105547	10112285	6738	TORK	0.7988	-	0.8475
1	10110734	10116839	6105	ALE	0.9975	-	0.9830
1	10114670	10119508	4838	ALE	0.9939	-	0.9554
1	10117105	10122749	5644	TORK	0.9822	-	0.9850
1	10121073	10126466	5393	ALE	0.9878	-	0.8200
1	10121073	10126466	5393	ALE	0.9878	-	0.8216
1	10126572	10131922	5350	ALE	0.9866	-	0.3631
1	10129698	10134539	4841	TORK	0.9372	-	0.5345
1	10133715	10138827	5112	ALE	0.9949	-	0.8082
1	10138654	10144998	6344	TORK	0.9674	-	0.5698
1	10143537	10148593	5056	ALE	0.9910	-	0.9313
1	10147069	10152649	5580	TORK	0.9376	-	0.9531
1	10150935	10157496	6561	ORYCO	0.9965	-	0.8004
1	10156416	10162227	5811	ALE	0.9984	-	0.2365
1	10160012	10165860	5848	ALE	0.9956	-	0.9854
1	10163961	10168916	4955	ALE	0.9955	-	0.4233
1	10160012	10165860	5848	ALE	0.9956	-	0.9465
1	10163961	10168916	4955	ALE	0.9955	-	0.4233
1	10166603	10173384	6781	ALE	0.9937	-	0.5868
1	10170849	10176130	5281	ALE	0.9973	-	0.8361
1	10176058	10181539	5481	ALE	0.9974	-	0.2932
1	10180812	10187170	6358	ALE	0.9924	-	0.9304
1	10184886	10189802	4916	ALE	0.9180	-	0.9575
1	10187517	10193150	5633	TORK	0.9974	-	0.5395
1	10192962	10198632	5670	ALE	0.9990	-	0.4670
1	10196184	10201549	5365	ALE	0.9738	-	0.7494
1	10198872	10205563	6691	TORK	0.9971	-	0.6363
1	10203365	10208014	4649	ALE	0.9846	-	0.9422
1	10198872	10205563	6691	TORK	0.9971	-	0.5427
1	10203365	10208014	4649	ALE	0.9846	-	0.9422
1	10207457	10212790	5333	ALE	0.9898	-	0.7459
1	10210357	10219686	9329	DEL	0.9368	-	0.4687
1	10217249	10222799	5550	ALE	0.9988	-	0.5584
1	10223733	10229780	6047	REINA	0.9989	-	0.3986
1	10228065	10233020	4955	ALE	0.9855	-	0.5796
1	10231562	10236422	4860	ALE	0.9958	-	0.7324
1	10235670	10240999	5329	TORK	0.9980	-	0.9672
1	10238411	10244474	6063	ALE	0.9989	-	0.8967
1	10244314	10250103	5789	ALE	0.9959	-	0.5120
1	10244314	10250103	5789	ALE	0.9959	-	0.5120
1	10250200	10255299	5099	ALE	0.9917	-	0.9779
1	10255380	10260150	4770	ORYCO	0.9985	-	0.6381
1	10258491	10264691	6200	ALE	0.9979	-	0.5008
1	10264549	10270186	5637	TORK	0.9971	-	0.4545
1	10268051	10274232	6181	ALE	0.9953	-	0.5400
1	10271224	10280962	9738	ATHILA	0.9735	-	0.5229
1	10278663	10283773	5110	ALE	0.9860	-	0.6577
1	10281495	10289017	7522	TORK	0.9526	-	0.9205
1	10278663	10283773	5110	ALE	0.9860	-	0.9638
1	10281495	10289017	7522	TORK	0.9526	-	0.9205
1	10287430	10293425	5995	ALE	0.9794	-	0.6129
1	10290916	10297414	6498	ORYCO	0.9789	-	0.7824
1	10295499	10301510	6011	TORK	0.9916	-	0.4495
1	10300247	10307102	6855	ALE	0.9981	-	0.9617
1	10307346	10312527	5181	ALE	0.9888	-	0.5862
1	10311335	10317787	6452	ALE	0.9991	-	0.4875
1	10316868	10323172	6304	ALE	0.9890	-	0.5099
1	10321129	10326397	5268	BIANCA	0.9377	-	0.5081
1	10324576	10330038	5462	ALE	0.9918	-	0.8171
1	10321129	10326397	5268	BIANCA	0.9377	-	0.5077
1	10324576	10330038	5462	ALE	0.9918	-	0.8171
1	10327485	10335332	7847	DEL	0.9536	-	0.4006
1	10333934	10339659	5725	ALE	0.9990	-	0.7924
1	10337149	10344229	7080	TORK	0.8736	-	0.9828
1	10342019	10347402	5383	ALE	0.9990	-	0.3982
1	10345502	10350748	5246	ALE	0.9783	-	0.7454
1	10348172	10354696	6524	TORK	0.9993	-	0.4117
1	10353141	10357858	4717	ALE	0.9925	-	0.5365
1	10357851	10362564	4713	BIANCA	0.9832	-	0.6844
1	10361455	10366104	4649	ALE	0.9989	-	0.7525
1	10364958	10370166	5208	ALE	0.9831	-	0.8067
1	10361455	10366104	4649	ALE	0.9989	-	0.7525
1	10364958	10370166	5208	ALE	0.9831	-	0.8067
1	10368347	10373961	5614	ALE	0.9536	-	0.7536
1	10370543	10380635	10092	ATHILA	0.9890	-	0.8708
1	10379361	10385361	6000	ALE	0.9942	-	0.6813
1	10383125	10391277	8152	DEL	0.9652	-	0.5449
1	10388677	10393510	4833	ALE	0.7641	-	0.3715
1	10391340	10397023	5683	ALE	0.9945	-	0.4664
1	10394693	10399458	4765	ALE	0.9329	-	0.4238
1	10397497	10402722	5225	ALE	0.9724	-	0.9996
1	10403055	10408757	5702	ALE	0.9971	-	0.5469
1	10403055	10408757	5702	ALE	0.9971	-	0.5469
1	10406684	10412103	5419	ALE	0.9554	-	0.9460
1	10410169	10415733	5564	ALE	0.9939	-	0.5832
1	10414625	10420914	6289	ALE	0.9957	-	0.6275
1	10418188	10423742	5554	ALE	0.9800	-	0.6968
1	10422424	10428114	5690	REINA	0.9620	-	0.9958
1	10426571	10431939	5368	ALE	0.7506	-	0.8679
1	10427999	10439970	11971	DEL	0.9945	-	0.8242
1	10436314	10441109	4795	ALE	0.9678	-	0.4379
1	10439417	10445089	5672	ALE	0.9972	-	0.4415
1	10444913	10449672	4759	ALE	0.9991	-	0.5433
1	10439417	10445089	5672	ALE	0.9972	-	0.7828
1	10444913	10449672	4759	ALE	0.9991	-	0.5433
1	10448410	10453063	4653	TORK	0.9370	-	0.9056
1	10450901	10456324	5423	TORK	0.9933	-	0.3900
1	10454990	10461008	6018	TORK	0.9786	-	0.5963
1	10459246	10464976	5730	REINA	0.8849	-	0.9156
1	10462664	10470060	7396	ALE	0.9995	-	0.7641
1	10466458	10477028	10570	ATHILA	0.9599	-	0.9729
1	10474552	10479748	5196	ALE	0.9726	-	0.7062
1	10477197	10483329	6132	BIANCA	0.7033	-	0.8101
1	10480919	10486260	5341	ALE	0.9443	-	0.3594
1	10485675	10490469	4794	ALE	0.9867	-	0.9797
1	10480919	10486260	5341	ALE	0.9443	-	0.3576
1	10485675	10490469	4794	ALE	0.9867	-	0.9797
1	10490244	10496636	6392	REINA	0.9969	-	0.5554
1	10493972	10502527	8555	SIRE	0.9628	-	0.2929
1	10500251	10504479	4228	ALE	0.7973	-	0.8373
1	10502985	10508630	5645	ALE	0.9483	-	0.9433
1	10506457	10515553	9096	SIRE	0.9871	-	0.7971
1	10515934	10521069	5135	ALE	0.9991	-	0.6703
1	10520079	10525340	5261	ALE	0.9862	-	0.9679
1	10523372	10529469	6097	REINA	0.9946	-	0.5947
1	10520079	10525340	5261	ALE	0.9862	-	0.4483
1	10523372	10529469	6097	REINA	0.9946	-	0.5947
1	10528920	10534146	5226	ALE	0.9994	-	0.7013
1	10533031	10539209	6178	ALE	0.9999	-	0.3202
1	10537543	10542720	5177	ALE	0.9984	-	0.9987
1	10543178	10549971	6793	ORYCO	0.9712	-	0.7568
1	10547921	10553115	5194	ALE	0.9875	-	0.8792
1	10551481	10556934	5453	ALE	0.9812	-	0.7379
1	10554865	10561004	6139	TORK	0.9976	-	0.5673
1	10558951	10564844	5893	ALE	0.9996	-	0.4061
1	10564561	10569105	4544	ALE	0.9750	-	0.8551
1	10558951	10564844	5893	ALE	0.9996	-	0.9368
1	10564561	10569105	4544	ALE	0.9750	-	0.8551
1	10567095	10572830	5735	TORK	0.9853	-	0.8319
1	10572224	10576743	4519	ALE	0.9854	-	0.6761
1	10574700	10580841	6141	ALE	0.9962	-	0.9300
1	10580794	10586127	5333	ALE	0.9920	-	0.5864
1	10586907	10592583	5676	TORK	0.9869	-	0.5429
1	10590318	10595501	5183	ALE	0.9676	-	0.8221
1	10593509	10598551	5042	ALE	0.9821	-	0.7675
1	10596359	10601429	5070	TORK	0.8601	-	0.9207
1	10599347	10604416	5069	ALE	0.9971	-	0.7110
1	10602756	10613229	10473	TAT	0.9841	-	0.6115
1	10599347	10604416	5069	ALE	0.9971	-	0.6189
1	10602756	10613229	10473	TAT	0.9841	-	0.6115
1	10610553	10618432	7879	ATHILA	0.9613	-	0.4553
1	10615978	10622055	6077	ALE	0.9992	-	0.4194
1	10620354	10626005	5651	ALE	0.9969	-	0.3375
1	10625615	10630829	5214	ALE	0.9954	-	0.7427
1	10629425	10634841	5416	ALE	0.9965	-	0.8822
1	10634224	10639452	5228	ALE	0.9954	-	0.6157
1	10638158	10643765	5607	ALE	0.9970	-	0.8628
1	10643572	10648914	5342	ALE	0.9973	-	0.9208
1	10643572	10648914	5342	ALE	0.9973	-	0.9208
1	10646820	10652777	5957	BIANCA	0.9960	-	0.5446
1	10650115	10655817	5702	ALE	0.9079	-	0.9918
1	10654514	10659803	5289	ALE	0.9986	-	0.9733
1	10658180	10663260	5080	ALE	0.9885	-	0.8513
1	10663155	10668471	5316	BIANCA	0.9827	-	0.9571
1	10666722	10672579	5857	ALE	0.9966	-	0.6502
1	10674400	10679794	5394	ALE	0.9987	-	0.5333
1	10678277	10684575	6298	ORYCO	0.9998	-	0.8986
1	10682126	10687729	5603	ALE	0.9986	-	0.4487
1	10682126	10687729	5603	ALE	0.9986	-	0.4487
1	10687997	10693856	5859	ALE	0.9943	-	0.9484
1	10692256	10697457	5201	ALE	0.9973	-	0.8749
1	10695565	10700249	4684	ALE	0.9809	-	0.4843
1	10699328	10705432	6104	ALE	0.9993	-	0.7846
1	10705250	10711323	6073	TORK	0.9945	-	0.4544
1	10710570	10715392	4822	ALE	0.9952	-	0.8437
1	10713732	10718559	4827	REINA	0.9020	-	0.9914
1	10715395	10725584	10189	DEL	0.9851	-	0.5544
1	10723554	10729985	6431	ALE	0.9924	-	0.6937
1	10723554	10729985	6431	ALE	0.9924	-	0.6937
1	10728295	10735799	7504	DEL	0.9877	-	0.6758
1	10734477	10740402	5925	TORK	0.9799	-	0.4379
1	10739202	10745597	6395	REINA	0.9598	-	0.9681
1	10743925	10749317	5392	REINA	0.9891	-	0.3921
1	10746717	10753588	6871	TORK	0.9250	-	0.9967
1	10752054	10756743	4689	REINA	0.9666	-	0.6931
1	10755327	10761552	6225	ALE	0.9785	-	0.5852
1	10761651	10767655	6004	ALE	0.9979	-	0.3594
1	10765420	10770439	5019	TORK	0.9318	-	0.6256
1	10761651	10767655	6004	ALE	0.9979	-	0.3594
1	10765420	10770439	5019	TORK	0.9318	-	0.6256
1	10768821	10773957	5136	ALE	0.9979	-	0.3806
1	10774739	10780140	5401	ALE	0.9887	-	0.4818
1	10779464	10785396	5932	ALE	0.9357	-	0.4282
1	10783942	10789809	5867	ALE	0.9997	-	0.6646
1	10786655	10794568	7913	TORK	0.9945	-	0.3933
1	10794359	10799123	4764	REINA	0.9731	-	0.7967
1	10798761	10803944	5183	ALE	0.9799	-	0.3078
1	10801661	10807833	6172	REINA	0.9957	-	0.9423
1	10798761	10803944	5183	ALE	0.9799	-	0.4195
1	10801661	10807833	6172	REINA	0.9957	-	0.9423
1	10807008	10812250	5242	BIANCA	0.9940	-	0.9356
1	10811380	10816567	5187	TORK	0.9591	-	0.4478
1	10814203	10819331	5128	TORK	0.9416	-	0.8306
1	10818875	10831240	12365	TAT	0.9933	-	0.3167
1	10830356	10835566	5210	ALE	0.9990	-	0.5248
1	10834477	10840340	5863	ALE	0.9950	-	0.2143
1	10841725	10846846	5121	ALE	0.9898	-	0.4320
1	10841725	10846846	5121	ALE	0.9898	-	0.4320
1	10846683	10851258	4575	ALE	0.9748	-	0.8000
1	10849191	10854732	5541	ALE	0.9980	-	0.5613
1	10855195	10860415	5220	ALE	0.9962	-	0.7960
1	10857550	10866804	9254	ATHILA	0.9626	-	0.7588
1	10863547	10868981	5434	ALE	0.9989	-	0.8694
1	10867390	10871695	4305	ALE	0.9214	-	0.9997
1	10870579	10876600	6021	ALE	0.9955	-	0.9592
1	10875207	10881840	6633	ALE	0.9993	-	0.8213
1	10879568	10885680	6112	TORK	0.9982	-	0.7730
1	10883768	10889349	5581	ALE	0.9660	-	0.6285
1	10879568	10885680	6112	TORK	0.9982	-	0.5129
1	10883768	10889349	5581	ALE	0.9660	-	0.6285
1	10888232	10893191	4959	ALE	0.9933	-	0.5733
1	10891699	10897566	5867	ALE	0.9848	-	0.3612
1	10895210	10900104	4894	ALE	0.9966	-	0.3931
1	10897989	10902888	4899	ALE	0.9780	-	0.6772
1	10902850	10908189	5339	ALE	0.8821	-	0.2705
1	10906023	10911924	5901	REINA	0.9871	-	0.3260
1	10909549	10914455	4906	ALE	0.7437	-	0.8475
1	10912275	10917594	5319	BIANCA	0.9980	-	0.9836
1	10915530	10921250	5720	ALE	0.9045	-	0.9531
1	10919603	10925065	5462	ALE	0.9840	-	0.9582
1	10925742	10929962	4220	ORYCO	0.9659	-	0.6844
1	10919603	10925065	5462	ALE	0.9840	-	0.9526
1	10925742	10929962	4220	ORYCO	0.9659	-	0.6844
1	10930313	10935429	5116	ALE	0.9962	-	0.9700
1	10933920	10939772	5852	ALE	0.8773	-	0.9756
1	10938938	10944151	5213	ALE	0.9761	-	0.4445
1	10942130	10947812	5682	REINA	0.9245	-	0.6392
1	10945710	10951623	5913	ALE	0.9900	-	0.5811
1	10950074	10956000	5926	ALE	0.8761	-	0.8026
1	10953769	10959146	5377	ALE	0.9865	-	0.6162
1	10956960	10962375	5415	ALE	0.9453	-	0.3516
1	10960368	10965814	5446	BIANCA	0.9855	-	0.7005
1	10964082	10968529	4447	ALE	0.9459	-	0.8070
1	10960368	10965814	5446	BIANCA	0.9855	-	0.6352
1	10964082	10968529	4447	ALE	0.9459	-	0.8070
1	10967239	10972796	5557	ALE	0.9922	-	0.4352
1	10971150	10976600	5450	ALE	0.9984	-	0.5139
1	10976382	10982084	5702	TORK	0.9958	-	0.8076
1	10981260	10986194	4934	TORK	0.9079	-	0.5640
1	10984365	10990292	5927	ALE	0.9900	-	0.9738
1	10988944	10995056	6112	REINA	0.8817	-	0.5515
1	10993901	10999171	5270	ALE	0.9931	-	0.7287
1	11000509	11005534	5025	CRM	0.9775	-	0.8115
1	11003943	11009997	6054	ALE	0.9766	-	0.9231
1	11000509	11005534	5025	CRM	0.9775	-	0.7740
1	11003943	11009997	6054	ALE	0.9766	-	0.9231
1	11009806	11015794	5988	TORK	0.9061	-	0.7315
1	11013378	11018339	4961	ALE	0.9947	-	0.7002
1	11015013	11024742	9729	TORK	0.9814	-	0.6230
1	11022942	11029116	6174	ALE	0.9809	-	0.4336
1	11028748	11034313	5565	ALE	0.9943	-	0.6069
1	11031242	11042072	10830	ATHILA	0.9758	-	0.7718
1	11041226	11046293	5067	ALE	0.9925	-	0.7723
1	11041226	11046293	5067	ALE	0.9925	-	0.7724
1	11046543	11052923	6380	ALE	0.9644	-	0.9381
1	11050495	11055472	4977	ALE	0.9400	-	0.9360
1	11053410	11059656	6246	ALE	0.9994	-	0.8720
1	11057138	11062024	4886	ALE	0.9367	-	0.9422
1	11060449	11066115	5666	ALE	0.9926	-	0.9373
1	11066153	11071101	4948	ALE	0.9844	-	0.9053
1	11069019	11073601	4582	ALE	0.9938	-	0.6243
1	11072560	11078577	6017	ALE	0.9926	-	0.6634
1	11076095	11081461	5366	TORK	0.9657	-	0.7556
1	11079522	11084854	5332	ALE	0.9982	-	0.9754
1	11085250	11091330	6080	ALE	0.9973	-	0.9700
1	11079522	11084854	5332	ALE	0.9982	-	0.7551
1	11085250	11091330	6080	ALE	0.9973	-	0.9700
1	11089185	11094187	5002	REINA	0.9950	-	0.7521
1	11093316	11098773	5457	ALE	0.9891	-	0.8203
1	11096936	11103402	6466	REINA	0.9972	-	0.5812
1	11100680	11106183	5503	ALE	0.9966	-	0.5097
1	11107630	11112869	5239	BIANCA	0.9923	-	0.6497
1	11111344	11117443	6099	ALE	0.9966	-	0.9780
1	11115623	11120405	4782	ALE	0.9094	-	0.9112
1	11118229	11123300	5071	TORK	0.9685	-	0.9733
1	11121301	11126699	5398	TORK	0.9945	-	0.6923
1	11121301	11126699	5398	TORK	0.9945	-	0.6923
1	11125986	11135777	9791	ATHILA	0.9922	-	0.9439
1	11133390	11138710	5320	ALE	0.9914	-	0.9143
1	11136910	11142204	5294	ALE	0.9815	-	0.5268
1	11140242	11146578	6336	ALE	0.9217	-	0.3410
1	11147966	11153804	5838	ORYCO	0.9995	-	0.9726
1	11152697	11157980	5283	ORYCO	0.9967	-	0.6361
1	11155619	11160848	5229	ALE	0.9807	-	0.4808
1	11159717	11168632	8915	TAT	0.9671	-	0.6009
1	11165769	11171260	5491	ALE	0.9991	-	0.5143
1	11159717	11168632	8915	TAT	0.9671	-	0.5990
1	11165769	11171260	5491	ALE	0.9991	-	0.5143
1	11169283	11173744	4461	ALE	0.9548	-	0.5109
1	11171628	11176546	4918	ALE	0.9827	-	0.4033
1	11175543	11181347	5804	TORK	0.9788	-	0.4766
1	11178310	11186465	8155	SIRE	0.7949	-	0.5589
1	11184327	11190045	5718	TORK	0.9950	-	0.7943
1	11188494	11193569	5075	ORYCO	0.9675	-	0.9908
1	11191280	11196574	5294	ALE	0.9995	-	0.8742
1	11193863	11200342	6479	ALE	0.9937	-	0.4822
1	11198460	11203768	5308	ALE	0.9981	-	0.8682
1	11201455	11206197	4742	ALE	0.9803	-	0.7584
1	11205711	11211051	5340	ALE	0.9967	-	0.9874
1	11201455	11206197	4742	ALE	0.9803	-	0.7584
1	11205711	11211051	5340	ALE	0.9967	-	0.9874
1	11210156	11216451	6295	ORYCO	0.9928	-	0.9900
1	11213891	11219706	5815	TORK	0.8261	-	0.2879
1	11217249	11224139	6890	ALE	0.9868	-	0.4019
1	11221624	11226681	5057	ALE	0.9956	-	0.9802
1	11224463	11231319	6856	TORK	0.9075	-	0.7484
1	11228739	11234495	5756	ALE	0.9931	-	0.8974
1	11233836	11240097	6261	ALE	0.9942	-	0.3769
1	11238275	11243654	5379	BIANCA	0.9909	-	0.7912
1	11241307	11247761	6454	TORK	0.9958	-	0.4995
1	11241307	11247761	6454	TORK	0.9958	-	0.4995
1	11248918	11253426	4508	ALE	0.9909	-	0.9837
1	11251943	11257689	5746	TORK	0.9878	-	0.7262
1	11255507	11262102	6595	ALE	0.9487	-	0.2500
1	11259597	11264461	4864	TORK	0.8163	-	0.9207
1	11264304	11269868	5564	ALE	0.9676	-	0.9986
1	11267980	11274866	6886	DEL	0.9509	-	0.7904
1	11274444	11279341	4897	ALE	0.9958	-	0.4514
1	11277195	11282036	4841	TORK	0.9363	-	0.9891
1	11279638	11285212	5574	ALE	0.9879	-	0.5283
1	11285830	11291305	5475	ALE	0.9986	-	0.8019
1	11279638	11285212	5574	ALE	0.9879	-	0.6018
1	11285830	11291305	5475	ALE	0.9986	-	0.8019
1	11289195	11294475	5280	ALE	0.9923	-	0.3516
1	11292317	11297858	5541	TORK	0.9921	-	0.9814
1	11295783	11300767	4984	ALE	0.9062	-	0.8318
1	11299567	11306011	6444	ALE	0.9908	-	0.8530
1	11304515	11310364	5849	ALE	0.9678	-	0.7604
1	11308188	11313661	5473	ALE	0.9875	-	0.8881
1	11312453	11317911	5458	ALE	0.9996	-	0.4931
1	11318057	11324407	6350	TORK	0.9959	-	0.7575
1	11322179	11327307	5128	ALE	0.9934	-	0.4720
1	11325337	11330552	5215	ALE	0.7817	-	0.5413
1	11322179	11327307	5128	ALE	0.9934	-	0.4720
1	11325337	11330552	5215	ALE	0.7817	-	0.5413
1	11329032	11334431	5399	TORK	0.9880	-	0.4968
1	11332694	11338795	6101	TORK	0.9986	-	0.8295
1	11340753	11346307	5554	ALE	0.9982	-	0.7856
1	11345706	11350292	4586	BIANCA	0.9239	-	0.9547
1	11348481	11353695	5214	ALE	0.9715	-	0.3602
1	11355200	11360010	4810	ALE	0.9958	-	0.5645
1	11359197	11364820	5623	ALE	0.9977	-	0.7707
1	11364502	11369221	4719	ALE	0.9936	-	0.2957
1	11359197	11364820	5623	ALE	0.9977	-	0.5123
1	11364502	11369221	4719	ALE	0.9936	-	0.2957
1	11366499	11373723	7224	TORK	0.9579	-	0.6703
1	11371345	11381412	10067	DEL	0.9921	-	0.8728
1	11380657	11385912	5255	ALE	0.9885	-	0.5972
1	11386033	11391559	5526	ALE	0.9954	-	0.9968
1	11389335	11394150	4815	TORK	0.8982	-	0.5272
1	11394215	11399405	5190	REINA	0.9939	-	0.9685
1	11399508	11405304	5796	REINA	0.9817	-	0.3865
1	11404684	11410409	5725	ALE	0.9985	-	0.4944
1	11399508	11405304	5796	REINA	0.9817	-	0.7848
1	11404684	11410409	5725	ALE	0.9985	-	0.4944
1	11408261	11414205	5944	TORK	0.9618	-	0.9020
1	11412557	11422042	9485	DEL	0.9930	-	0.8147
1	11419752	11424366	4614	ALE	0.9870	-	0.6275
1	11423914	11430163	6249	TORK	0.9797	-	0.4693
1	11428170	11433917	5747	ALE	0.8664	-	0.9665
1	11432050	11438548	6498	BIANCA	0.9714	-	0.3479
1	11438776	11444592	5816	ALE	0.9997	-	0.7578
1	11442782	11448018	5236	ALE	0.9753	-	0.8051
1	11438776	11444592	5816	ALE	0.9997	-	0.7907
1	11442782	11448018	5236	ALE	0.9753	-	0.8051
1	11445742	11452471	6729	TORK	0.9725	-	0.6804
1	11449618	11455622	6004	ALE	0.8047	-	0.5820
1	11452978	11458892	5914	TORK	0.9993	-	0.6701
1	11456955	11462641	5686	ALE	0.9857	-	0.9872
1	11461062	11466881	5819	ALE	0.9947	-	0.7036
1	11467109	11472698	5589	ALE	0.9700	-	0.3251
1	11471640	11476934	5294	ALE	0.9978	-	0.7638
1	11475618	11481730	6112	ALE	0.9373	-	0.9963
1	11480237	11485951	5714	REINA	0.9994	-	0.8789
1	11485452	11490754	5302	ALE	0.9956	-	0.4891
1	11480237	11485951	5714	REINA	0.9994	-	0.9953
1	11485452	11490754	5302	ALE	0.9956	-	0.4891
1	11490000	11495105	5105	ALE	0.9949	-	0.7653
1	11493795	11499502	5707	TORK	0.9995	-	0.9713
1	11497845	11503476	5631	ALE	0.9760	-	0.9996
1	11500113	11510258	10145	TAT	0.9478	-	0.8886
1	11505370	11517958	12588	TAT	0.9991	-	0.9999
1	11515144	11520504	5360	ALE	0.9796	-	0.6648
1	11518318	11524425	6107	TORK	0.9824	-	0.5695
1	11521905	11528098	6193	ALE	0.9950	-	0.6111
1	11521905	11528098	6193	ALE	0.9950	-	0.6111
1	11528141	11534769	6628	BIANCA	0.9971	-	0.3627
1	11533137	11540757	7620	DEL	0.9903	-	0.8582
1	11537954	11543008	5054	TORK	0.9382	-	0.9884
1	11541023	11546801	5778	ALE	0.9745	-	0.4064
1	11547105	11553191	6086	ALE	0.9913	-	0.4058
1	11554932	11561664	6732	REINA	0.9927	-	0.4529
1	11560662	11565574	4912	TORK	0.9634	-	0.7152
1	11563945	11570836	6891	ALE	0.9983	-	0.9204
1	11560662	11565574	4912	TORK	0.9634	-	0.7304
1	11563945	11570836	6891	ALE	0.9983	-	0.9204
1	11568553	11574171	5618	ALE	0.9867	-	0.7935
1	11571684	11577265	5581	ALE	0.9925	-	0.7407
1	11577099	11582455	5356	ALE	0.8863	-	0.7794
1	11580928	11586858	5930	ALE	0.9954	-	0.5501
1	11584712	11592267	7555	DEL	0.8052	-	0.3883
1	11589431	11594974	5543	ALE	0.9996	-	0.6543
1	11593761	11598975	5214	ALE	0.9992	-	0.8404
1	11597564	11603670	6106	TORK	0.9947	-	0.8320
1	11603549	11608454	4905	ALE	0.9832	-	0.8238
1	11603549	11608454	4905	ALE	0.9832	-	0.8238
1	11606119	11614612	8493	TORK	0.9889	-	0.9664
1	11611439	11618596	7157	ORYCO	0.9422	-	0.8828
1	11616141	11621362	5221	ALE	0.9961	-	0.4688
1	11621886	11626677	4791	ALE	0.9925	-	0.4629
1	11625765	11631592	5827	ALE	0.9947	-	0.7205
1	11630283	11635994	5711	ALE	0.9561	-	0.7604
1	11634682	11640500	5818	ALE	0.9953	-	0.6976
1	11641361	11647054	5693	ALE	0.9902	-	0.3360
1	11645650	11650324	4674	ALE	0.9932	-	0.5906
1	11641361	11647054	5693	ALE	0.9902	-	0.3360
1	11645650	11650324	4674	ALE	0.9932	-	0.5906
1	11653262	11659404	6142	TORK	0.9923	-	0.4466
1	11658459	11665196	6737	ALE	0.9805	-	0.3568
1	11662733	11670574	7841	ATHILA	0.9673	-	0.9547
1	11668187	11674015	5828	ALE	0.9950	-	0.9425
1	11672434	11678081	5647	ALE	0.9931	-	0.8834
1	11675942	11680487	4545	ALE	0.9858	-	0.7305
1	11679327	11684564	5237	ALE	0.9963	-	0.6020
1	11683376	11688625	5249	ALE	0.9911	-	0.7425
1	11679327	11684564	5237	ALE	0.9963	-	0.4515
1	11683376	11688625	5249	ALE	0.9911	-	0.7425
1	11689064	11694260	5196	ALE	0.9825	-	0.6309
1	11694193	11698853	4660	ALE	0.9763	-	0.5077
1	11699148	11704987	5839	TORK	0.9972	-	0.4309
1	11703310	11708106	4796	BIANCA	0.9110	-	0.7365
1	11705971	11710967	4996	TORK	0.9944	-	0.5539
1	11708985	11713631	4646	ALE	0.9684	-	0.9913
1	11711470	11717239	5769	ALE	0.9989	-	0.9699
1	11715059	11720003	4944	BIANCA	0.9671	-	0.3332
1	11717689	11723149	5460	ALE	0.9988	-	0.6854
1	11722789	11728248	5459	ALE	0.9913	-	0.6645
1	11722789	11728248	5459	ALE	0.9913	-	0.6645
1	11726719	11732712	5993	ALE	0.9950	-	0.9390
1	11730249	11735075	4826	ALE	0.8516	-	0.5836
1	11733003	11738753	5750	ALE	0.9994	-	0.8892
1	11736289	11742468	6179	BIANCA	0.8475	-	0.9815
1	11740187	11745321	5134	TORK	0.9859	-	0.3149
1	11743962	11750322	6360	TORK	0.9898	-	0.7324
1	11750070	11756065	5995	ALE	0.9977	-	0.9688
1	11754571	11759946	5375	ALE	0.9969	-	0.9465
1	11758627	11764854	6227	ALE	0.9893	-	0.6087
1	11762706	11767574	4868	ALE	0.9671	-	0.8560
1	11758627	11764854	6227	ALE	0.9893	-	0.9585
1	11762706	11767574	4868	ALE	0.9671	-	0.8560
1	11768239	11773620	5381	ALE	0.9961	-	0.7132
1	11772897	11779064	6167	ALE	0.9967	-	0.5134
1	11778738	11784325	5587	ALE	0.9948	-	0.5229
1	11783896	11789188	5292	ALE	0.9940	-	0.9222
1	11787481	11793683	6202	TORK	0.9900	-	0.6728
1	11792953	11798141	5188	ALE	0.9924	-	0.8212
1	11795433	11804947	9514	TAT	0.9425	-	0.3904
1	11802492	11807823	5331	ALE	0.9949	-	0.5218
1	11802492	11807823	5331	ALE	0.9949	-	0.5218
1	11808116	11813024	4908	ORYCO	0.9859	-	0.8117
1	11812089	11817500	5411	ALE	0.9938	-	0.5212
1	11815576	11821447	5871	TORK	0.9786	-	0.4702
1	11822850	11827944	5094	REINA	0.9970	-	0.8734
1	11826239	11830257	4018	ALE	0.9760	-	0.4675
1	11829839	11834872	5033	ALE	0.9547	-	0.7945
1	11833012	11839034	6022	ALE	0.9983	-	0.8759
1	11836667	11841764	5097	TORK	0.9809	-	0.8089
1	11841715	11846888	5173	ALE	0.9717	-	0.8429
1	11844819	11850750	5931	REINA	0.9516	-	0.9538
1	11841715	11846888	5173	ALE	0.9717	-	0.8429
1	11844819	11850750	5931	REINA	0.9516	-	0.9538
1	11849612	11854458	4846	TORK	0.8902	-	0.5483
1	11853771	11859541	5770	ALE	0.9971	-	0.8271
1	11859623	11865342	5719	ALE	0.9987	-	0.3251
1	11865432	11871321	5889	BIANCA	0.9932	-	0.5472
1	11869183	11874559	5376	TORK	0.9133	-	0.6258
1	11872100	11877393	5293	ALE	0.9951	-	0.6359
1	11875169	11880624	5455	ALE	0.9991	-	0.7345
1	11879557	11884993	5436	ORYCO	0.9931	-	0.6153
1	11883862	11889251	5389	ALE	0.9991	-	0.9868
1	11879557	11884993	5436	ORYCO	0.9931	-	0.9031
1	11883862	11889251	5389	ALE	0.9991	-	0.9868
1	11889305	11895465	6160	ALE	0.9895	-	0.4026
1	11892634	11898889	6255	BIANCA	0.9898	-	0.9938
1	11896262	11901548	5286	ALE	0.9495	-	0.5248
1	11898619	11907837	9218	SIRE	0.9916	-	0.9439
1	11905776	11911840	6064	TORK	0.9913	-	0.8607
1	11909325	11914896	5571	ALE	0.9686	-	0.9946
1	11913393	11918387	4994	REINA	0.9879	-	0.4993
1	11916346	11922200	5854	ORYCO	0.9925	-	0.2734
1	11921396	11926838	5442	ALE	0.9968	-	0.3498
1	11924667	11929769	5102	ALE	0.9208	-	0.3598
1	11921396	11926838	5442	ALE	0.9968	-	0.3498
1	11924667	11929769	5102	ALE	0.9208	-	0.3598
1	11927256	11933491	6235	ALE	0.9971	-	0.8242
1	11933275	11938508	5233	ALE	0.9968	-	0.9301
1	11938803	11944563	5760	BIANCA	0.9844	-	0.5188
1	11942409	11948088	5679	ALE	0.9966	-	0.5033
1	11949165	11958205	9040	DEL	0.9971	-	0.6562
1	11957208	11962548	5340	ALE	0.9965	-	0.2763
1	11960279	11965167	4888	ALE	0.9969	-	0.8443
1	11964309	11971276	6967	REINA	0.9985	-	0.9549
1	11960279	11965167	4888	ALE	0.9969	-	0.4993
1	11964309	11971276	6967	REINA	0.9985	-	0.9549
1	11971372	11976458	5086	ALE	0.9950	-	0.5498
1	11975997	11981559	5562	TORK	0.9164	-	0.5989
1	11980350	11985901	5551	ALE	0.9941	-	0.6657
1	11985067	11990614	5547	ALE	0.9967	-	0.7115
1	11989476	11995282	5806	ALE	0.9544	-	0.5158
1	11995650	12001544	5894	ALE	0.9906	-	0.7506
1	12001852	12007524	5672	ALE	0.9828	-	0.4038
1	12001852	12007524	5672	ALE	0.9828	-	0.4038
1	12006577	12011739	5162	ALE	0.9934	-	0.6310
1	12010135	12015870	5735	ALE	0.9814	-	0.9381
1	12013701	12019055	5354	ALE	0.9762	-	0.5814
1	12018844	12024317	5473	BIANCA	0.9847	-	0.8774
1	12022264	12027638	5374	ALE	0.9926	-	0.9981
1	12026980	12032753	5773	TORK	0.8954	-	0.6624
1	12031865	12036860	4995	ALE	0.9981	-	0.5572
1	12034871	12040470	5599	BIANCA	0.8244	-	0.5633
1	12037956	12043295	5339	ALE	0.9908	-	0.9329
1	12044837	12050275	5438	ALE	0.9618	-	0.8240
1	12044837	12050275	5438	ALE	0.9618	-	0.8240
1	12048621	12054547	5926	ALE	0.9954	-	0.3165
1	12052729	12057965	5236	ALE	0.9927	-	0.5887
1	12056923	12063465	6542	TORK	0.9389	-	0.6068
1	12061507	12066875	5368	ALE	0.9974	-	0.7961
1	12065072	12070479	5407	TORK	0.9729	-	0.8849
1	12067950	12074150	6200	ALE	0.9993	-	0.7759
1	12072174	12077395	5221	TORK	0.8813	-	0.3783
1	12075599	12081107	5508	ALE	0.9987	-	0.4583
1	12079564	12084915	5351	ALE	0.9610	-	0.9749
1	12082846	12088795	5949	ALE	0.9927	-	0.6759
1	12079564	12084915	5351	ALE	0.9610	-	0.7233
1	12082846	12088795	5949	ALE	0.9927	-	0.6759
1	12087322	12092202	4880	REINA	0.9978	-	0.9723
1	12089841	12095649	5808	ALE	0.9861	-	0.6355
1	12094560	12099810	5250	TORK	0.9663	-	0.5830
1	12100909	12106107	5198	ALE	0.9849	-	0.6808
1	12105751	12111296	5545	ALE	0.9734	-	0.5759
1	12109591	12115292	5701	ORYCO	0.9930	-	0.6882
1	12113999	12119910	5911	REINA	0.9142	-	0.5100
1	12117828	12122909	5081	ALE	0.9852	-	0.4432
1	12121321	12126677	5356	ALE	0.9916	-	0.3440
1	12125998	12130933	4935	ORYCO	0.9110	-	0.6631
1	12121321	12126677	5356	ALE	0.9916	-	0.3440
1	12125998	12130933	4935	ORYCO	0.9110	-	0.6631
1	12129945	12135075	5130	ALE	0.9958	-	0.9192
1	12132771	12137634	4863	ALE	0.7915	-	0.8285
1	12135720	12140651	4931	ALE	0.9910	-	0.7110
1	12140263	12146015	5752	ALE	0.9925	-	0.3438
1	12144993	12150365	5372	TORK	0.9929	-	0.3915
1	12151194	12155609	4415	ALE	0.9909	-	0.4408
1	12154262	12161456	7194	TORK	0.9857	-	0.5448
1	12159066	12163963	4897	TORK	0.8881	-	0.6960
1	12161908	12167647	5739	TORK	0.9931	-	0.9532
1	12165236	12170159	4923	ALE	0.9204	-	0.5099
1	12159066	12163963	4897	TORK	0.8881	-	0.6801
1	12161908	12167647	5739	TORK	0.9931	-	0.9532
1	12165236	12170159	4923	ALE	0.9204	-	0.5099
1	12169510	12175006	5496	ALE	0.9950	-	0.9635
1	12174203	12179344	5141	ALE	0.9895	-	0.9542
1	12177303	12182666	5363	ALE	0.9750	-	0.9175
1	12180284	12187328	7044	ALE	0.9934	-	0.6125
1	12184581	12193524	8943	TAT	0.9356	-	0.9038
1	12191145	12197066	5921	ALE	0.9996	-	0.5713
1	12195153	12200204	5051	TORK	0.9765	-	0.9637
1	12198031	12203350	5319	ALE	0.9984	-	0.4552
1	12202437	12208321	5884	ALE	0.9996	-	0.9996
1	12202437	12208321	5884	ALE	0.9996	-	0.9996
1	12208919	12213507	4588	ALE	0.9121	-	0.9196
1	12212008	12217245	5237	TORK	0.9952	-	0.6198
1	12215394	12221695	6301	BIANCA	0.9938	-	0.5067
1	12221976	12227506	5530	ALE	0.9958	-	0.5879
1	12227355	12232611	5256	ALE	0.9870	-	0.4721
1	12230845	12235529	4684	ALE	0.9401	-	0.3454
1	12236249	12241703	5454	ALE	0.9947	-	0.8397
1	12239423	12245644	6221	TORK	0.9661	-	0.3245
1	12242617	12249609	6992	ALE	0.9995	-	0.6695
1	12239423	12245644	6221	TORK	0.9661	-	0.5350
1	12242617	12249609	6992	ALE	0.9995	-	0.6695
1	12246988	12252314	5326	ALE	0.9933	-	0.7075
1	12252258	12257227	4969	ALE	0.9805	-	0.2392
1	12255297	12260486	5189	ALE	0.9857	-	0.5875
1	12258382	12262981	4599	ALE	0.9289	-	0.3709
1	12261446	12267271	5825	TORK	0.9731	-	0.5046
1	12267044	12271202	4158	ALE	0.9945	-	0.9711
1	12270629	12281275	10646	ATHILA	0.9824	-	0.5621
1	12281478	12286962	5484	ALE	0.9994	-	0.5603
1	12281478	12286962	5484	ALE	0.9994	-	0.5603
1	12286572	12292575	6003	ALE	0.9850	-	0.7243
1	12290749	12296116	5367	ORYCO	0.7883	-	0.9611
1	12295574	12301018	5444	ALE	0.9861	-	0.5324
1	12300343	12305819	5476	ALE	0.9979	-	0.7909
1	12303629	12308632	5003	ALE	0.9761	-	0.6299
1	12306735	12312049	5314	ALE	0.9994	-	0.6701
1	12310326	12314808	4482	ALE	0.7697	-	0.7278
1	12313503	12318640	5137	TORK	0.9143	-	0.6948
1	12317999	12323810	5811	ALE	0.9995	-	0.5040
1	12322165	12327216	5051	ALE	0.9896	-	0.3907
1	12322165	12327216	5051	ALE	0.9896	-	0.3907
1	12327248	12333451	6203	ALE	0.9957	-	0.5970
1	12333452	12338445	4993	ALE	0.9976	-	0.6435
1	12336987	12341778	4791	ALE	0.9974	-	0.5315
1	12339689	12344473	4784	ALE	0.9096	-	0.9593
1	12342430	12348247	5817	TORK	0.9923	-	0.5881
1	12346458	12352149	5691	ALE	0.9952	-	0.5834
1	12349861	12355462	5601	ALE	0.9957	-	0.4518
1	12353716	12358930	5214	ALE	0.9760	-	0.5414
1	12357230	12363607	6377	ALE	0.9991	-	0.6583
1	12361528	12366808	5280	ALE	0.9837	-	0.5804
1	12365865	12370523	4658	ALE	0.8846	-	0.4972
1	12361528	12366808	5280	ALE	0.9837	-	0.5804
1	12365865	12370523	4658	ALE	0.8846	-	0.4972
1	12368595	12372923	4328	ALE	0.9857	-	0.9835
1	12372606	12379050	6444	ALE	0.9928	-	0.5473
1	12380563	12386213	5650	ALE	0.9956	-	0.8505
1	12385497	12392107	6610	ALE	0.9982	-	0.7849
1	12391969	12397384	5415	BIANCA	0.9972	-	0.9632
1	12394828	12400744	5916	TORK	0.9686	-	0.7864
1	12399231	12404599	5368	TORK	0.9910	-	0.7325
1	12401612	12409954	8342	TORK	0.8354	-	0.7523
1	12399231	12404599	5368	TORK	0.9910	-	0.6360
1	12401612	12409954	8342	TORK	0.8354	-	0.7523
1	12407317	12413020	5703	ALE	0.9972	-	0.3182
1	12411236	12416481	5245	TORK	0.9873	-	0.8360
1	12415026	12420360	5334	ALE	0.7808	-	0.6926
1	12418861	12424944	6083	ALE	0.9957	-	0.8461
1	12424075	12429787	5712	ALE	0.9594	-	0.5175
1	12429943	12436519	6576	REINA	0.9993	-	0.9417
1	12433931	12438663	4732	ALE	0.7514	-	0.9107
1	12436914	12442160	5246	ALE	0.9959	-	0.7306
1	12439831	12444845	5014	ALE	0.8697	-	0.5119
1	12442551	12447830	5279	ALE	0.9879	-	0.6543
1	12445956	12450922	4966	ALE	0.9798	-	0.9687
1	12439831	12444845	5014	ALE	0.8697	-	0.7672
1	12442551	12447830	5279	ALE	0.9879	-	0.6543
1	12445956	12450922	4966	ALE	0.9798	-	0.9687
1	12449989	12457381	7392	TORK	0.9506	-	0.6454
1	12454810	12461159	6349	BIANCA	0.9925	-	0.6509
1	12457739	12470321	12582	ATHILA	0.9975	-	0.5088
1	12469169	12474710	5541	ALE	0.9996	-	0.8889
1	12473972	12480542	6570	ALE	0.9896	-	0.9806
1	12478989	12484528	5539	ALE	0.9951	-	0.6136
1	12483258	12488540	5282	ALE	0.9986	-	0.6772
1	12478989	12484528	5539	ALE	0.9951	-	0.6383
1	12483258	12488540	5282	ALE	0.9986	-	0.6772
1	12486269	12495386	9117	TORK	0.9895	-	0.7371
1	12493938	12499832	5894	ALE	0.9876	-	0.6257
1	12497920	12502759	4839	ALE	0.9839	-	0.6037
1	12500592	12505389	4797	ALE	0.9983	-	0.7030
1	12503708	12508807	5099	ALE	0.9688	-	0.2478
1	12507151	12512963	5812	ALE	0.9995	-	0.6824
1	12513278	12517923	4645	ALE	0.9821	-	0.4708
1	12516782	12522205	5423	ALE	0.9985	-	0.7683
1	12522584	12529209	6625	ALE	0.9890	-	0.5239
1	12522584	12529209	6625	ALE	0.9890	-	0.5239
1	12526605	12533120	6515	ALE	0.9922	-	0.9857
1	12533892	12538112	4220	ALE	0.9795	-	0.5470
1	12538077	12543666	5589	TORK	0.9962	-	0.6479
1	12544992	12549895	4903	ALE	0.7741	-	0.5594
1	12547607	12553640	6033	ALE	0.9979	-	0.6601
1	12551324	12556783	5459	ALE	0.8395	-	0.9988
1	12554564	12560015	5451	ALE	0.9994	-	0.7168
1	12558322	12564301	5979	ALE	0.9996	-	0.6406
1	12562504	12568088	5584	BIANCA	0.9906	-	0.9545
1	12566451	12571986	5535	TORK	0.8451	-	0.8800
1	12562504	12568088	5584	BIANCA	0.9906	-	0.9545
1	12571323	12575940	4617	ALE	0.9961	-	0.8692
1	12575088	12579964	4876	ALE	0.9898	-	0.9849
1	12578843	12584458	5615	REINA	0.9927	-	0.6878
1	12582011	12587015	5004	TORK	0.9705	-	0.6912
1	12585533	12591198	5665	BIANCA	0.9876	-	0.7529
1	12589356	12595250	5894	TORK	0.8752	-	0.5805
1	12593613	12599806	6193	ALE	0.9848	-	0.4884
1	12597386	12603195	5809	ALE	0.9967	-	0.4762
1	12601559	12606663	5104	ALE	0.9836	-	0.9541
1	12605963	12611358	5395	ALE	0.9851	-	0.9404
1	12601559	12606663	5104	ALE	0.9836	-	0.9541
1	12605963	12611358	5395	ALE	0.9851	-	0.9404
1	12611502	12616499	4997	ALE	0.9977	-	0.6462
1	12615947	12620821	4874	ALE	0.9974	-	0.6325
1	12619758	12625364	5606	ALE	0.9877	-	0.9744
1	12624469	12629886	5417	BIANCA	0.9891	-	0.9365
1	12628590	12633268	4678	ALE	0.9128	-	0.7043
1	12631486	12637049	5563	TORK	0.9952	-	0.9751
1	12636753	12641576	4823	ALE	0.9905	-	0.5955
1	12640064	12644603	4539	ALE	0.9672	-	0.7808
1	12644530	12650815	6285	ALE	0.9868	-	0.5710
1	12640064	12644603	4539	ALE	0.9672	-	0.4081
1	12644530	12650815	6285	ALE	0.9868	-	0.5710
1	12649315	12655024	5709	REINA	0.9935	-	0.7215
1	12653460	12659091	5631	REINA	0.9190	-	0.7420
1	12656251	12664495	8244	TORK	0.9859	-	0.9264
1	12664000	12674147	10147	TAT	0.9990	-	0.9731
1	12672607	12678147	5540	ALE	0.9897	-	0.9958
1	12676361	12682066	5705	BIANCA	0.9959	-	0.9117
1	12681936	12686945	5009	ALE	0.9667	-	0.9825
1	12684963	12690900	5937	ALE	0.9702	-	0.9180
1	12681936	12686945	5009	ALE	0.9667	-	0.9825
1	12684963	12690900	5937	ALE	0.9702	-	0.9180
1	12688571	12693828	5257	BIANCA	0.9887	-	0.7073
1	12691311	12697109	5798	ALE	0.9961	-	0.4677
1	12695554	12701019	5465	TORK	0.9946	-	0.8253
1	12700753	12706812	6059	REINA	0.9991	-	0.7286
1	12704180	12711036	6856	ALE	0.9684	-	0.3936
1	12708492	12713164	4672	ALE	0.9952	-	0.8400
1	12711140	12716919	5779	ALE	0.8508	-	0.7581
1	12717322	12723182	5860	ALE	0.9848	-	0.3310
1	12722199	12730189	7990	DEL	0.9942	-	0.4094
1	12722199	12730189	7990	DEL	0.9942	-	0.4094
1	12726854	12733436	6582	TORK	0.9337	-	0.9655
1	12733330	12738791	5461	ALE	0.9995	-	0.9643
1	12737934	12744145	6211	TORK	0.9635	-	0.7168
1	12742456	12748135	5679	TORK	0.9906	-	0.7170
1	12745625	12751251	5626	TORK	0.9949	-	0.9649
1	12751200	12757123	5923	TORK	0.9794	-	0.7768
1	12754840	12760404	5564	ORYCO	0.9758	-	0.3852
1	12758900	12764327	5427	ALE	0.9946	-	0.9943
1	12762651	12767583	4932	ORYCO	0.9776	-	0.3410
1	12758900	12764327	5427	ALE	0.9946	-	0.8464
1	12762651	12767583	4932	ORYCO	0.9776	-	0.3410
1	12766352	12771732	5380	ALE	0.9903	-	0.9564
1	12771197	12776497	5300	ALE	0.9957	-	0.6148
1	12773990	12782137	8147	SIRE	0.9829	-	0.6919
1	12780285	12785508	5223	ALE	0.9919	-	0.8690
1	12784230	12789892	5662	BIANCA	0.9953	-	0.6463
1	12789677	12794377	4700	ALE	0.9886	-	0.4017
1	12793933	12799009	5076	ALE	0.9977	-	0.6369
1	12797176	12803146	5970	ALE	0.9815	-	0.5488
1	12803635	12809356	5721	ALE	0.9911	-	0.4783
1	12803635	12809356	5721	ALE	0.9911	-	0.4783
1	12808057	12813325	5268	ALE	0.9608	-	0.9192
1	12811308	12816094	4786	ALE	0.9982	-	0.7388
1	12814523	12820068	5545	ALE	0.9867	-	0.7078
1	12817685	12823628	5943	ALE	0.9993	-	0.5798
1	12821894	12829179	7285	SIRE	0.9931	-	0.5456
1	12827301	12832244	4943	ALE	0.9867	-	0.5738
1	12829375	12836949	7574	TORK	0.8710	-	0.7991
1	12834321	12838407	4086	ALE	0.9929	-	0.9782
1	12840660	12847134	6474	ALE	0.9998	-	0.4867
1	12844384	12850036	5652	TORK	0.8821	-	0.3927
1	12840660	12847134	6474	ALE	0.9998	-	0.5983
1	12844384	12850036	5652	TORK	0.8821	-	0.3927
1	12848023	12853402	5379	ALE	0.9979	-	0.7103
1	12852515	12857535	5020	ALE	0.9783	-	0.9675
1	12855752	12860598	4846	ATHILA	0.9405	-	0.9985
1	12858301	12864585	6284	BIANCA	0.7057	-	0.6872
1	12862181	12867392	5211	BIANCA	0.9913	-	0.6249
1	12865633	12870974	5341	ALE	0.9913	-	0.5862
1	12868710	12874089	5379	ALE	0.8096	-	0.9539
1	12871724	12876924	5200	ALE	0.9885	-	0.3929
1	12875904	12881737	5833	REINA	0.9829	-	0.7723
1	12879137	12884681	5544	ALE	0.9978	-	0.9594
1	12884259	12889547	5288	ALE	0.9979	-	0.6571
1	12879137	12884681	5544	ALE	0.9978	-	0.9411
1	12884259	12889547	5288	ALE	0.9979	-	0.6571
1	12887384	12892739	5355	ALE	0.9911	-	0.9902
1	12891457	12897619	6162	ALE	0.9998	-	0.6532
1	12898328	12903753	5425	ALE	0.9942	-	0.9127
1	12901615	12906675	5060	ALE	0.9681	-	0.9437
1	12904480	12910019	5539	ALE	0.9975	-	0.7470
1	12906906	12917041	10135	SIRE	0.9695	-	0.7891
1	12914198	12920828	6630	ALE	0.8671	-	0.9442
1	12918067	12923661	5594	ALE	0.9928	-	0.2613
1	12921545	12926647	5102	TORK	0.8331	-	0.8701
1	12924306	12930467	6161	ORYCO	0.9998	-	0.8600
1	12921545	12926647	5102	TORK	0.8331	-	0.8701
1	12924306	12930467	6161	ORYCO	0.9998	-	0.8600
1	12927778	12933317	5539	TORK	0.9966	-	0.4808
1	12934314	12939665	5351	ALE	0.9983	-	0.4442
1	12939107	12945958	6851	TORK	0.9869	-	0.9400
1	12943834	12949935	6101	ALE	0.9920	-	0.9925
1	12947395	12952940	5545	ALE	0.9951	-	0.9482
1	12952871	12958034	5163	BIANCA	0.9934	-	0.4810
1	12955830	12961606	5776	ALE	0.9533	-	0.5164
1	12959225	12965285	6060	ALE	0.9906	-	0.7540
1	12964875	12970199	5324	ALE	0.9966	-	0.6987
1	12959225	12965285	6060	ALE	0.9906	-	0.7993
1	12964875	12970199	5324	ALE	0.9966	-	0.6987
1	12968357	12976933	8576	SIRE	0.9431	-	0.5505
1	12974037	12979165	5128	ALE	0.9861	-	0.7599
1	12980003	12985562	5559	ALE	0.9978	-	0.4705
1	12983186	12988446	5260	ALE	0.9867	-	0.9925
1	12986523	12991385	4862	TORK	0.9132	-	0.9393
1	12990097	12994217	4120	ALE	0.9777	-	0.5721
1	12996122	13001197	5075	ALE	0.9963	-	0.9295
1	12998758	13004357	5599	TORK	0.9847	-	0.6388
1	13002285	13008255	5970	ALE	0.9988	-	0.9035
1	12998758	13004357	5599	TORK	0.9847	-	0.9063
1	13002285	13008255	5970	ALE	0.9988	-	0.9035
1	13009104	13014531	5427	REINA	0.9964	-	0.7253
1	13014038	13020156	6118	ALE	0.9871	-	0.6934
1	13018165	13023891	5726	ORYCO	0.9996	-	0.5829
1	13021463	13026983	5520	ALE	0.9899	-	0.9007
1	13026733	13032016	5283	ALE	0.9363	-	0.6378
1	13030179	13036260	6081	ALE	0.9823	-	0.4984
1	13035149	13039739	4590	ALE	0.9949	-	0.7881
1	13037887	13043767	5880	TORK	0.9922	-	0.8698
1	13042161	13047659	5498	ALE	0.9953	-	0.9950
1	13042161	13047659	5498	ALE	0.9953	-	0.9950
1	13046759	13055120	8361	TORK	0.9970	-	0.4248
1	13055492	13060321	4829	ALE	0.9951	-	0.4316
1	13059812	13065145	5333	TORK	0.9970	-	0.8508
1	13065850	13071029	5179	BIANCA	0.9934	-	0.9604
1	13068810	13074361	5551	ALE	0.8593	-	0.3722
1	13072716	13077929	5213	ALE	0.9724	-	0.9249
1	13075268	13084286	9018	SIRE	0.9870	-	0.4071
1	13083211	13089211	6000	ALE	0.9998	-	0.6794
1	13083211	13089211	6000	ALE	0.9998	-	0.6794
1	13086792	13096023	9231	TORK	0.9850	-	0.9946
1	13093153	13098447	5294	ALE	0.7829	-	0.4293
1	13097133	13102784	5651	REINA	0.9936	-	0.7691
1	13100744	13106253	5509	TORK	0.9797	-	0.9114
1	13105748	13110590	4842	ALE	0.9772	-	0.5753
1	13109063	13114747	5684	ALE	0.9473	-	0.9984
1	13112436	13117592	5156	ALE	0.9940	-	0.5657
1	13116527	13122524	5997	ALE	0.9981	-	0.6743
1	13120581	13126736	6155	TORK	0.8365	-	0.5684
1	13125614	13130505	4891	ALE	0.9977	-	0.6274
1	13120581	13126736	6155	TORK	0.8365	-	0.6359
1	13125614	13130505	4891	ALE	0.9977	-	0.6274
1	13128360	13132808	4448	ALE	0.7592	-	0.9962
1	13130750	13138004	7254	BIANCA	0.9694	-	0.9908
1	13136282	13141602	5320	BIANCA	0.9489	-	0.9945
1	13139007	13145090	6083	ALE	0.9975	-	0.9285
1	13145175	13151112	5937	ALE	0.9986	-	0.8698
1	13148899	13154252	5353	ALE	0.9903	-	0.7348
1	13152041	13160795	8754	DEL	0.9836	-	0.9945
1	13159744	13165757	6013	TORK	0.9926	-	0.3307
1	13163432	13167942	4510	ALE	0.8177	-	0.3375
1	13159744	13165757	6013	TORK	0.9926	-	0.9277
1	13163432	13167942	4510	ALE	0.8177	-	0.3375
1	13167162	13171969	4807	REINA	0.9830	-	0.6415
1	13169590	13175816	6226	ALE	0.9978	-	0.4812
1	13177176	13183445	6269	ALE	0.9953	-	0.9424
1	13182489	13187869	5380	ALE	0.9990	-	0.6823
1	13184609	13195083	10474	ATHILA	0.9956	-	0.4088
1	13192347	13197807	5460	ALE	0.9982	-	0.4181
1	13195915	13200802	4887	ALE	0.9946	-	0.6406
1	13199490	13205201	5711	ALE	0.9969	-	0.5124
1	13205201	13211290	6089	TORK	0.9566	-	0.7480
1	13199490	13205201	5711	ALE	0.9969	-	0.4312
1	13205201	13211290	6089	TORK	0.9566	-	0.7480
1	13209165	13214177	5012	ALE	0.9692	-	0.9267
1	13212809	13218238	5429	ALE	0.9930	-	0.7658
1	13216674	13224863	8189	DEL	0.9358	-	0.3546
1	13223007	13227783	4776	ALE	0.9707	-	0.9438
1	13228529	13233258	4729	ALE	0.9426	-	0.5798
1	13232137	13237173	5036	TORK	0.9951	-	0.9102
1	13237925	13242656	4731	ALE	0.9960	-	0.9998
1	13242602	13248045	5443	ALE	0.9942	-	0.7481
1	13242602	13248045	5443	ALE	0.9942	-	0.7481
1	13246931	13252652	5721	ALE	0.9970	-	0.5938
1	13250398	13257020	6622	TORK	0.9659	-	0.9638
1	13254969	13259919	4950	ALE	0.9909	-	0.6000
1	13257907	13262882	4975	ALE	0.9933	-	0.4938
1	13261499	13266601	5102	ALE	0.9064	-	0.9643
1	13266179	13271566	5387	TORK	0.9755	-	0.4826
1	13269970	13275354	5384	ALE	0.9758	-	0.6733
1	13274339	13280738	6399	ALE	0.9994	-	0.8530
1	13280990	13285700	4710	ALE	0.9222	-	0.9533
1	13283637	13288442	4805	ALE	0.9893	-	0.9327
1	13280990	13285700	4710	ALE	0.9222	-	0.9545
1	13283637	13288442	4805	ALE	0.9893	-	0.9327
1	13287377	13292412	5035	ALE	0.9338	-	0.7770
1	13291645	13297287	5642	ALE	0.9973	-	0.8002
1	13295583	13300867	5284	ALE	0.9343	-	0.3975
1	13298278	13304532	6254	TORK	0.9878	-	0.7420
1	13303631	13309100	5469	ALE	0.9953	-	0.6483
1	13309474	13314345	4871	ALE	0.9972	-	0.4538
1	13312587	13318187	5600	ALE	0.9373	-	0.9243
1	13316037	13321493	5456	ALE	0.9986	-	0.4656
1	13321150	13327543	6393	ALE	0.9984	-	0.3941
1	13321150	13327543	6393	ALE	0.9984	-	0.3956
1	13327303	13332749	5446	ALE	0.9821	-	0.4990
1	13330788	13335901	5113	TORK	0.8935	-	0.4323
1	13333751	13339444	5693	REINA	0.9980	-	0.9015
1	13339890	13345521	5631	ALE	0.9976	-	0.7282
1	13343212	13348370	5158	ALE	0.9981	-	0.4879
1	13347985	13353125	5140	ORYCO	0.9783	-	0.7258
1	13351082	13356727	5645	ALE	0.9553	-	0.9611
1	13356293	13361314	5021	ALE	0.9958	-	0.5707
1	13359578	13365251	5673	ALE	0.9615	-	0.6798
1	13363397	13368665	5268	ALE	0.9911	-	0.7792
1	13359578	13365251	5673	ALE	0.9615	-	0.9863
1	13363397	13368665	5268	ALE	0.9911	-	0.7792
1	13367341	13373909	6568	ALE	0.9975	-	0.9458
1	13373386	13378221	4835	ALE	0.9883	-	0.9441
1	13378068	13383217	5149	ALE	0.9937	-	0.5554
1	13383853	13388679	4826	ALE	0.9968	-	0.8759
1	13386297	13392633	6336	ALE	0.9989	-	0.5481
1	13392418	13398904	6486	TORK	0.9974	-	0.9379
1	13399957	13405144	5187	ALE	0.9969	-	0.3210
1	13403662	13409873	6211	REINA	0.9666	-	0.6174
1	13399957	13405144	5187	ALE	0.9969	-	0.5091
1	13403662	13409873	6211	REINA	0.9666	-	0.6174
1	13409942	13414829	4887	ALE	0.9683	-	0.8296
1	13413474	13418163	4689	ALE	0.9581	-	0.5845
1	13416187	13422677	6490	ALE	0.9992	-	0.9857
1	13421783	13426838	5055	ALE	0.9977	-	0.7443
1	13428524	13435584	7060	TORK	0.9175	-	0.6714
1	13433066	13438637	5571	ALE	0.9984	-	0.8907
1	13436663	13442397	5734	ORYCO	0.9975	-	0.8652
1	13440559	13446639	6080	ALE	0.9980	-	0.6928
1	13440559	13446639	6080	ALE	0.9980	-	0.6174
1	13445936	13452540	6604	ALE	0.9864	-	0.6728
1	13449844	13455382	5538	ALE	0.9615	-	0.8745
1	13453495	13459031	5536	ALE	0.9989	-	0.9562
1	13459012	13464212	5200	ALE	0.9987	-	0.7130
1	13462367	13467430	5063	ALE	0.9949	-	0.5955
1	13467038	13472576	5538	ALE	0.9876	-	0.5600
1	13470922	13477257	6335	ALE	0.9963	-	0.6554
1	13474766	13481181	6415	TORK	0.9009	-	0.6703
1	13479159	13484660	5501	TORK	0.9916	-	0.5546
1	13484712	13489917	5205	ALE	0.9906	-	0.7783
1	13479159	13484660	5501	TORK	0.9916	-	0.3894
1	13484712	13489917	5205	ALE	0.9906	-	0.7783
1	13489282	13494216	4934	ALE	0.9979	-	0.5271
1	13494656	13499912	5256	ALE	0.9958	-	0.8997
1	13500533	13506162	5629	ALE	0.9853	-	0.5567
1	13504468	13510468	6000	ALE	0.9816	-	0.5766
1	13509385	13514687	5302	REINA	0.9491	-	0.7039
1	13512411	13519349	6938	ALE	0.9876	-	0.9702
1	13519160	13524619	5459	ALE	0.9968	-	0.7712
1	13524740	13530207	5467	ALE	0.9845	-	0.5275
1	13519160	13524619	5459	ALE	0.9968	-	0.7679
1	13524740	13530207	5467	ALE	0.9845	-	0.5275
1	13528324	13533314	4990	ALE	0.7220	-	0.6447
1	13530886	13537315	6429	ALE	0.9918	-	0.6757
1	13536534	13541611	5077	ALE	0.9686	-	0.9638
1	13541883	13547476	5593	ALE	0.9876	-	0.9328
1	13544988	13550205	5217	ALE	0.9914	-	0.7703
1	13551299	13557344	6045	TORK	0.9892	-	0.3609
1	13554720	13565403	10683	ATHILA	0.9858	-	0.5080
1	13562560	13568254	5694	ALE	0.9952	-	0.3620
1	13566228	13571430	5202	ALE	0.9973	-	0.8471
1	13562560	13568254	5694	ALE	0.9952	-	0.3620
1	13566228	13571430	5202	ALE	0.9973	-	0.8471
1	13569415	13574789	5374	TORK	0.7728	-	0.6127
1	13571731	13580331	8600	DEL	0.9519	-	0.6290
1	13577679	13583244	5565	ALE	0.8650	-	0.3824
1	13583152	13588143	4991	BIANCA	0.9963	-	0.9382
1	13585844	13590884	5040	TORK	0.9868	-	0.7820
1	13589534	13595023	5489	ALE	0.9928	-	0.8155
1	13596097	13604358	8261	ATHILA	0.9991	-	0.8863
1	13602232	13608086	5854	ALE	0.9894	-	0.5681
1	13602232	13608086	5854	ALE	0.9894	-	0.5681
1	13606098	13612134	6036	TORK	0.9772	-	0.9917
1	13610851	13615362	4511	ALE	0.9410	-	0.9915
1	13614745	13621081	6336	ALE	0.9993	-	0.7380
1	13620200	13625093	4893	TORK	0.9958	-	0.9401
1	13624484	13630132	5648	ALE	0.9856	-	0.5792
1	13628386	13633470	5084	BIANCA	0.9674	-	0.7553
1	13633891	13638969	5078	ALE	0.9906	-	0.3139
1	13636471	13646732	10261	ATHILA	0.9991	-	0.8156
1	13644549	13649640	5091	ALE	0.9602	-	0.4393
1	13636471	13646732	10261	ATHILA	0.9991	-	0.2334
1	13644549	13649640	5091	ALE	0.9602	-	0.4393
1	13648208	13654464	6256	TORK	0.9811	-	0.3042
1	13654198	13659071	4873	ALE	0.9928	-	0.8536
1	13658106	13669031	10925	ATHILA	0.9859	-	0.9972
1	13666619	13671635	5016	ALE	0.9929	-	0.4928
1	13669470	13674634	5164	TORK	0.7910	-	0.9498
1	13673263	13678259	4996	ALE	0.9957	-	0.5374
1	13677105	13683659	6554	ORYCO	0.9392	-	0.9546
1	13681938	13688041	6103	ALE	0.9839	-	0.3829
1	13681938	13688041	6103	ALE	0.9839	-	0.3829
1	13686203	13691458	5255	TORK	0.9562	-	0.9784
1	13689541	13694808	5267	ALE	0.9938	-	0.6704
1	13693308	13698544	5236	ALE	0.9369	-	0.3599
1	13696232	13702074	5842	REINA	0.9993	-	0.7130
1	13701811	13707496	5685	ALE	0.9720	-	0.7704
1	13705813	13711601	5788	BIANCA	0.9818	-	0.8517
1	13710686	13715871	5185	BIANCA	0.9799	-	0.5963
1	13713671	13719211	5540	ALE	0.9920	-	0.7724
1	13715939	13725643	9704	SIRE	0.9640	-	0.6806
1	13722158	13727802	5644	ALE	0.9940	-	0.5286
1	13722158	13727802	5644	ALE	0.9940	-	0.5286
1	13727349	13732700	5351	ALE	0.9949	-	0.9043
1	13731277	13736225	4948	ALE	0.9803	-	0.8063
1	13734073	13738987	4914	ORYCO	0.9939	-	0.8088
1	13736310	13745983	9673	ATHILA	0.9942	-	0.4902
1	13743630	13749527	5897	ALE	0.9851	-	0.5922
1	13749890	13754903	5013	ALE	0.9987	-	0.9961
1	13752890	13758341	5451	REINA	0.9946	-	0.8926
1	13756975	13761927	4952	ALE	0.9918	-	0.3222
1	13759901	13764773	4872	BIANCA	0.9974	-	0.8614
1	13762471	13768121	5650	ALE	0.9394	-	0.4561
1	13759901	13764773	4872	BIANCA	0.9974	-	0.4166
1	13762471	13768121	5650	ALE	0.9394	-	0.4561
1	13765047	13774322	9275	DEL	0.9924	-	0.9853
1	13772619	13779168	6549	ALE	0.9970	-	0.6042
1	13778402	13783961	5559	BIANCA	0.9958	-	0.9996
1	13783423	13788578	5155	BIANCA	0.8805	-	0.3639
1	13786256	13795236	8980	ATHILA	0.9893	-	0.5272
1	13794262	13799006	4744	ORYCO	0.9919	-	0.3588
1	13796933	13804696	7763	SIRE	0.9656	-	0.7236
1	13802872	13808124	5252	ALE	0.9876	-	0.8255
1	13806160	13811585	5425	ALE	0.9974	-	0.7439
1	13802872	13808124	5252	ALE	0.9876	-	0.8255
1	13809158	13814475	5317	ALE	0.8697	-	0.4687
1	13813220	13817803	4583	ALE	0.9985	-	0.5464
1	13816042	13822872	6830	DEL	0.7870	-	0.4423
1	13820110	13825478	5368	ALE	0.9957	-	0.6905
1	13823248	13828861	5613	TORK	0.9870	-	0.3963
1	13827420	13833297	5877	DEL	0.8569	-	0.6326
1	13833560	13838635	5075	REINA	0.9979	-	0.4930
1	13836545	13841717	5172	ALE	0.9895	-	0.9415
1	13842340	13847990	5650	TORK	0.9069	-	0.4736
1	13842340	13847990	5650	TORK	0.9069	-	0.4736
1	13846866	13851507	4641	ALE	0.9793	-	0.9294
1	13851165	13855722	4557	ALE	0.9980	-	0.9879
1	13853759	13858218	4459	ALE	0.8789	-	0.9892
1	13856133	13861301	5168	TORK	0.9971	-	0.9178
1	13858977	13864213	5236	ALE	0.9899	-	0.9158
1	13862636	13869391	6755	TORK	0.9936	-	0.9219
1	13868021	13873193	5172	TORK	0.9947	-	0.6989
1	13873095	13878133	5038	ALE	0.9901	-	0.9570
1	13876328	13881518	5190	ALE	0.9951	-	0.6969
1	13880667	13885513	4846	ALE	0.9952	-	0.3273
1	13885259	13890938	5679	ALE	0.9562	-	0.9956
1	13880667	13885513	4846	ALE	0.9952	-	0.4615
1	13885259	13890938	5679	ALE	0.9562	-	0.9956
1	13889278	13895206	5928	TORK	0.9842	-	0.4312
1	13894469	13899945	5476	ALE	0.9952	-	0.9175
1	13898434	13903736	5302	ALE	0.9967	-	0.3549
1	13901662	13906768	5106	TORK	0.9039	-	0.9875
1	13905891	13910996	5105	ALE	0.9958	-	0.4621
1	13909448	13915821	6373	BIANCA	0.9919	-	0.7734
1	13914357	13919064	4707	ALE	0.9974	-	0.7647
1	13919114	13924351	5237	ORYCO	0.9978	-	0.7058
1	13923217	13928877	5660	ALE	0.9866	-	0.7481
1	13919114	13924351	5237	ORYCO	0.9978	-	0.2629
1	13923217	13928877	5660	ALE	0.9866	-	0.7481
1	13926538	13931815	5277	REINA	0.9968	-	0.4593
1	13929938	13935499	5561	ALE	0.9960	-	0.4152
1	13935424	13941054	5630	TORK	0.9979	-	0.5618
1	13938693	13944122	5429	ALE	0.9985	-	0.7193
1	13942575	13949167	6592	TORK	0.8840	-	0.2656
1	13945895	13956735	10840	TAT	0.9041	-	0.7688
1	13954333	13964312	9979	TAT	0.9984	-	0.9796
1	13960810	13966040	5230	ALE	0.9975	-	0.9064
1	13960810	13966040	5230	ALE	0.9975	-	0.9013
1	13967785	13972935	5150	BIANCA	0.9825	-	0.9717
1	13973628	13978648	5020	ALE	0.9639	-	0.9983
1	13977123	13982497	5374	ALE	0.9954	-	0.5425
1	13980025	13985729	5704	ALE	0.9866	-	0.9976
1	13983884	13989506	5622	ORYCO	0.9709	-	0.5611
1	13988286	13993378	5092	ALE	0.9990	-	0.7068
1	13990898	13996674	5776	ALE	0.9902	-	0.9927
1	13995538	14000772	5234	ALE	0.9982	-	0.9138
1	13999128	14005014	5886	ALE	0.9965	-	0.9225
1	14003259	14008465	5206	ALE	0.9807	-	0.9955
1	13999128	14005014	5886	ALE	0.9965	-	0.8520
1	14003259	14008465	5206	ALE	0.9807	-	0.9955
1	14006550	14012169	5619	ALE	0.9834	-	0.7750
1	14010674	14016120	5446	ALE	0.9971	-	0.6114
1	14014423	14021725	7302	ALE	0.9988	-	0.4215
1	14020717	14026410	5693	ORYCO	0.9929	-	0.9018
1	14022835	14033221	10386	DEL	0.9309	-	0.5425
1	14031307	14036051	4744	ALE	0.9975	-	0.7053
1	14035150	14041781	6631	ALE	0.9992	-	0.7809
1	14039971	14044577	4606	ALE	0.9947	-	0.9771
1	14044644	14050129	5485	ALE	0.9852	-	0.4962
1	14039971	14044577	4606	ALE	0.9947	-	0.9936
1	14044644	14050129	5485	ALE	0.9852	-	0.4962
1	14050651	14056181	5530	TORK	0.9852	-	0.7050
1	14054401	14059998	5597	BIANCA	0.9771	-	0.4828
1	14057811	14062911	5100	ALE	0.9708	-	0.8702
1	14061829	14067768	5939	TORK	0.9806	-	0.4910
1	14065465	14071711	6246	TORK	0.9856	-	0.4671
1	14072424	14077407	4983	ALE	0.9568	-	0.4528
1	14075566	14081083	5517	ALE	0.9961	-	0.7132
1	14076904	14090009	13105	DEL	0.9902	-	0.2611
1	14076904	14090009	13105	DEL	0.9902	-	0.9436
1	14088893	14092904	4011	ALE	0.9727	-	0.8111
1	14090882	14096267	5385	TORK	0.8514	-	0.3427
1	14093888	14098886	4998	ORYCO	0.9903	-	0.5346
1	14098460	14103583	5123	ALE	0.9672	-	0.4048
1	14101171	14109577	8406	DEL	0.9297	-	0.5415
1	14106376	14112596	6220	ALE	0.9927	-	0.3269
1	14110310	14114844	4534	ALE	0.9947	-	0.9143
1	14115354	14125253	9899	TAT	0.9901	-	0.8589
1	14121285	14130928	9643	DEL	0.9983	-	0.4929
1	14121285	14130928	9643	DEL	0.9983	-	0.4955
1	14128570	14134197	5627	TORK	0.9787	-	0.7965
1	14132546	14138116	5570	ALE	0.9989	-	0.4817
1	14137789	14142920	5131	ALE	0.9930	-	0.5581
1	14143644	14149827	6183	ALE	0.9958	-	0.3413
1	14149061	14154753	5692	ALE	0.9983	-	0.8668
1	14154882	14159844	4962	ALE	0.9762	-	0.9744
1	14161685	14166779	5094	ALE	0.9876	-	0.5615
1	14165137	14170948	5811	TORK	0.9702	-	0.8758
1	14161685	14166779	5094	ALE	0.9876	-	0.5615
1	14165137	14170948	5811	TORK	0.9702	-	0.8758
1	14168925	14173946	5021	ALE	0.9685	-	0.9996
1	14172791	14178213	5422	ALE	0.9985	-	0.9290
1	14175729	14181101	5372	TORK	0.9897	-	0.6565
1	14178838	14183748	4910	TORK	0.8939	-	0.2703
1	14181615	14186123	4508	ALE	0.7507	-	0.7868
1	14184492	14190393	5901	ALE	0.9948	-	0.8301
1	14188547	14193646	5099	ALE	0.9858	-	0.4990
1	14193823	14205484	11661	DEL	0.9985	-	0.9722
1	14204984	14215139	10155	ATHILA	0.9911	-	0.9296
1	14213483	14219912	6429	TORK	0.9898	-	0.9918
1	14217676	14223804	6128	TORK	0.9591	-	0.4033
1	14223423	14228075	4652	ALE	0.9989	-	0.5896
1	14226350	14235597	9247	TAT	0.9434	-	0.9229
1	14235915	14240992	5077	ALE	0.9952	-	0.9979
1	14238855	14244525	5670	ALE	0.7474	-	0.4302
1	14242036	14248381	6345	BIANCA	0.9695	-	0.4483
1	14245871	14251953	6082	ORYCO	0.9725	-	0.3196
1	14238855	14244525	5670	ALE	0.7474	-	0.9314
1	14242036	14248381	6345	BIANCA	0.9695	-	0.4483
1	14245871	14251953	6082	ORYCO	0.9725	-	0.3196
1	14253069	14262257	9188	ATHILA	0.9970	-	0.8350
1	14258908	14265369	6461	BIANCA	0.8801	-	0.3693
1	14264636	14271180	6544	TORK	0.9800	-	0.5260
1	14269005	14275148	6143	ALE	0.9995	-	0.6955
1	14272971	14277105	4134	ALE	0.8496	-	0.4599
1	14276639	14282313	5674	ALE	0.9944	-	0.2603
1	14280617	14285987	5370	BIANCA	0.8529	-	0.3960
1	14280617	14285987	5370	BIANCA	0.8529	-	0.4188
1	14286603	14291665	5062	ALE	0.9901	-	0.6420
1	14290071	14295373	5302	ALE	0.9944	-	0.8318
1	14295053	14300566	5513	ALE	0.9924	-	0.3967
1	14299385	14305144	5759	ALE	0.9852	-	0.4203
1	14302837	14307955	5118	ALE	0.9993	-	0.4938
1	14308037	14314298	6261	ALE	0.9988	-	0.6315
1	14313878	14319230	5352	TORK	0.9752	-	0.8739
1	14317125	14322829	5704	ALE	0.9989	-	0.7915
1	14320365	14326514	6149	REINA	0.9431	-	0.4849
1	14323963	14329754	5791	TORK	0.9918	-	0.5206
1	14320365	14326514	6149	REINA	0.9431	-	0.8489
1	14323963	14329754	5791	TORK	0.9918	-	0.5206
1	14328373	14333603	5230	TORK	0.9948	-	0.9080
1	14331724	14336816	5092	BIANCA	0.8199	-	0.7930
1	14335076	14341242	6166	TORK	0.7537	-	0.9357
1	14338035	14348331	10296	DEL	0.9307	-	0.9271
1	14348306	14354224	5918	ALE	0.9585	-	0.6340
1	14353653	14359157	5504	ALE	0.9928	-	0.7467
1	14358993	14364886	5893	TORK	0.9897	-	0.4942
1	14358993	14364886	5893	TORK	0.9897	-	0.3381
1	14365393	14373780	8387	TAT	0.9941	-	0.7317
1	14372146	14383297	11151	SIRE	0.9616	-	0.6113
1	14380071	14385288	5217	TORK	0.9097	-	0.6991
1	14385095	14390255	5160	TORK	0.9634	-	0.6025
1	14387500	14397861	10361	DEL	0.9815	-	0.8372
1	14395715	14401572	5857	TORK	0.9308	-	0.9687
1	14400223	14405538	5315	ALE	0.7966	-	0.5354
1	14405057	14410972	5915	ALE	0.9760	-	0.9846
1	14400223	14405538	5315	ALE	0.7966	-	0.7847
1	14405057	14410972	5915	ALE	0.9760	-	0.9846
1	14408923	14418522	9599	DEL	0.9837	-	0.3381
1	14418879	14424986	6107	TORK	0.9954	-	0.8861
1	14425131	14432606	7475	DEL	0.9806	-	0.5965
1	14431045	14437111	6066	ALE	0.9511	-	0.9016
1	14433325	14445773	12448	TAT	0.9490	-	0.4315
1	14442155	14451975	9820	DEL	0.9709	-	0.3663
1	14442155	14451975	9820	DEL	0.9709	-	0.3663
1	14448862	14454377	5515	ALE	0.9285	-	0.7333
1	14453858	14459943	6085	TORK	0.9920	-	0.4909
1	14459046	14465468	6422	TORK	0.9748	-	0.8926
1	14464517	14469551	5034	ALE	0.9831	-	0.8206
1	14471019	14478703	7684	SIRE	0.9832	-	0.5997
1	14476006	14482342	6336	DEL	0.9501	-	0.5424
1	14482036	14486994	4958	ALE	0.9991	-	0.4621
1	14484796	14492277	7481	REINA	0.9476	-	0.6281
1	14482036	14486994	4958	ALE	0.9991	-	0.4621
1	14484796	14492277	7481	REINA	0.9476	-	0.6281
1	14489306	14498521	9215	TAT	0.9816	-	0.4924
1	14496028	14501181	5153	TORK	0.9974	-	0.7801
1	14501138	14506846	5708	ALE	0.9501	-	0.6128
1	14505311	14511419	6108	ALE	0.9981	-	0.4967
1	14508863	14515672	6809	ORYCO	0.9984	-	0.4090
1	14535661	14542026	6365	TORK	0.9366	-	0.9884
1	14542338	14548347	6009	TORK	0.9927	-	0.8122
1	14581057	14586635	5578	ORYCO	0.9960	-	0.9844
1	14584548	14589968	5420	ALE	0.9788	-	0.9354
1	14591385	14596934	5549	ALE	0.9918	-	0.7730
1	14594839	14599995	5156	BIANCA	0.7363	-	0.9290
1	14596134	14607940	11806	TAT	0.9942	-	0.3327
1	14605570	14612053	6483	REINA	0.9976	-	0.6252
1	14596134	14607940	11806	TAT	0.9942	-	0.9884
1	14605570	14612053	6483	REINA	0.9976	-	0.6252
1	14654938	14659576	4638	ALE	0.9968	-	0.9884
1	14658748	14664697	5949	ALE	0.9966	-	0.5058
1	14661988	14667817	5829	ALE	0.9869	-	0.3693
1	14666766	14671762	4996	ALE	0.9880	-	0.9360
1	14669887	14675265	5378	ALE	0.9991	-	0.7925
1	14674197	14679753	5556	ALE	0.9974	-	0.7167
1	14678598	14684164	5566	ALE	0.9577	-	0.5612
1	14681787	14687503	5716	ALE	0.9931	-	0.7608
1	14685588	14690708	5120	ALE	0.9980	-	0.9782
1	14678598	14684164	5566	ALE	0.9577	-	0.7458
1	14681787	14687503	5716	ALE	0.9931	-	0.7608
1	14685588	14690708	5120	ALE	0.9980	-	0.9782
1	14691191	14696132	4941	ALE	0.9968	-	0.9669
1	14693967	14700539	6572	ALE	0.9963	-	0.8548
1	14698397	14703762	5365	ALE	0.9982	-	0.7422
1	14702595	14707392	4797	ALE	0.9867	-	0.9428
1	14707425	14712150	4725	ALE	0.9743	-	0.6563
1	14711240	14717239	5999	TORK	0.9950	-	0.5791
1	14717342	14722273	4931	ALE	0.9957	-	0.7398
1	14720827	14725860	5033	ALE	0.9876	-	0.6168
1	14723691	14728781	5090	ALE	0.7795	-	0.6458
1	14720827	14725860	5033	ALE	0.9876	-	0.6577
1	14723691	14728781	5090	ALE	0.7795	-	0.6458
1	14726554	14732594	6040	ALE	0.9974	-	0.9454
1	14731305	14737128	5823	ALE	0.9978	-	0.8083
1	14735782	14740941	5159	ALE	0.9814	-	0.9292
1	14741443	14746918	5475	ALE	0.9984	-	0.5018
1	14748154	14754189	6035	ALE	0.9996	-	0.2368
1	14801305	14807769	6464	TORK	0.9957	-	0.9884
1	14801305	14807769	6464	TORK	0.9957	-	0.9884
1	14806716	14816394	9678	TAT	0.9845	-	0.6781
1	14814283	14819577	5294	ALE	0.9754	-	0.3320
1	14817223	14822508	5285	TORK	0.8624	-	0.8884
1	14820233	14825218	4985	ALE	0.9976	-	0.7324
1	14823711	14828582	4871	ALE	0.9976	-	0.9805
1	14828230	14833629	5399	ALE	0.9983	-	0.4611
1	14834291	14839673	5382	ALE	0.9867	-	0.2570
1	14837611	14843196	5585	TORK	0.9831	-	0.4837
1	14842429	14847780	5351	REINA	0.9941	-	0.8060
1	14842429	14847780	5351	REINA	0.9941	-	0.8060
1	14848426	14858497	10071	TAT	0.9728	-	0.7206
1	14855550	14861218	5668	ORYCO	0.9786	-	0.8392
1	14859565	14864903	5338	ALE	0.8914	-	0.9763
1	14861968	14873482	11514	DEL	0.9974	-	0.6097
1	14872049	14878638	6589	TORK	0.9297	-	0.8415
1	14876702	14882311	5609	ALE	0.9989	-	0.7784
1	14882820	14886857	4037	ALE	0.9493	-	0.9412
1	14882820	14886857	4037	ALE	0.9493	-	0.9412
1	14886248	14891748	5500	TORK	0.9923	-	0.9978
1	14889455	14894166	4711	ALE	0.9831	-	0.9095
1	14893025	14898929	5904	ALE	0.9920	-	0.5051
1	14895722	14904507	8785	DEL	0.9955	-	0.5631
1	14901613	14910255	8642	DEL	0.9871	-	0.9187
1	14909896	14916047	6151	ALE	0.9968	-	0.9428
1	14913617	14918335	4718	TORK	0.7289	-	0.8408
1	14915954	14922015	6061	REINA	0.9986	-	0.3693
1	14919959	14925594	5635	ALE	0.9970	-	0.9975
1	14925275	14930742	5467	ALE	0.9769	-	0.3798
1	14919959	14925594	5635	ALE	0.9970	-	0.9444
1	14925275	14930742	5467	ALE	0.9769	-	0.3798
1	14928153	14934003	5850	ALE	0.8076	-	0.9923
1	14931536	14936837	5301	ALE	0.9829	-	0.9244
1	14934386	14939846	5460	TORK	0.9980	-	0.7282
1	14939416	14944174	4758	ALE	0.9898	-	0.8069
1	14943527	14948760	5233	TORK	0.9752	-	0.8815
1	14947890	14953165	5275	ALE	0.9980	-	0.5134
1	14950577	14956757	6180	ALE	0.9651	-	0.6922
1	14954417	14959601	5184	ALE	0.9961	-	0.8683
1	14959594	14964683	5089	ALE	0.9979	-	0.9190
1	14964443	14969505	5062	ALE	0.9992	-	0.5276
1	14959594	14964683	5089	ALE	0.9979	-	0.9352
1	14964443	14969505	5062	ALE	0.9992	-	0.5276
1	14969720	14974745	5025	ALE	0.9991	-	0.7636
1	14973811	14979701	5890	ALE	0.9986	-	0.6674
1	14977932	14984213	6281	ALE	0.9968	-	0.9341
1	14982217	14988171	5954	ALE	0.9960	-	0.9601
1	14987819	14992441	4622	ALE	0.9974	-	0.9981
1	14990694	14995862	5168	ALE	0.9929	-	0.5184
1	14993643	14998622	4979	TORK	0.9938	-	0.4314
1	14996562	15001797	5235	ALE	0.9911	-	0.7290
1	14999263	15005394	6131	ALE	0.8960	-	0.9876
1	15003161	15008440	5279	ALE	0.9933	-	0.4340
1	14999263	15005394	6131	ALE	0.8960	-	0.8182
1	15003161	15008440	5279	ALE	0.9933	-	0.4340
1	15006708	15011933	5225	ALE	0.9953	-	0.7647
1	15009623	15014478	4855	ALE	0.9140	-	0.9250
1	15014441	15019208	4767	ALE	0.9963	-	0.7857
1	15019734	15025300	5566	ALE	0.9981	-	0.7182
1	15023621	15028746	5125	ALE	0.9883	-	0.4825
1	15027105	15032104	4999	ALE	0.7077	-	0.9973
1	15029806	15035096	5290	ALE	0.9975	-	0.8559
1	15034853	15040725	5872	ALE	0.9914	-	0.9992
1	15040828	15045845	5017	ALE	0.9643	-	0.4921
1	15046507	15052093	5586	BIANCA	0.9426	-	0.7607
1	15040828	15045845	5017	ALE	0.9643	-	0.4883
1	15051033	15056539	5506	ALE	0.9922	-	0.4122
1	15054232	15059963	5731	ALE	0.9940	-	0.9803
1	15058401	15064521	6120	ALE	0.9804	-	0.9656
1	15064118	15068781	4663	REINA	0.9148	-	0.7526
1	15068420	15079301	10881	SIRE	0.9568	-	0.4221
1	15077724	15083813	6089	TORK	0.9769	-	0.3992
1	15082782	15088195	5413	ALE	0.9943	-	0.9095
1	15082782	15088195	5413	ALE	0.9943	-	0.9095
1	15086716	15092349	5633	ALE	0.9992	-	0.9956
1	15089836	15095740	5904	TORK	0.9910	-	0.4636
1	15095703	15101108	5405	ALE	0.9984	-	0.9945
1	15099608	15105987	6379	ALE	0.9972	-	0.7823
1	15103767	15109211	5444	ALE	0.9801	-	0.8735
1	15106938	15111842	4904	ALE	0.8577	-	0.8101
1	15109818	15115048	5230	ALE	0.9941	-	0.5743
1	15114370	15119735	5365	ALE	0.9892	-	0.6724
1	15117991	15122801	4810	ALE	0.9944	-	0.5610
1	15122816	15128564	5748	ALE	0.9988	-	0.7877
1	15122816	15128564	5748	ALE	0.9988	-	0.7877
1	15127488	15133571	6083	TORK	0.9874	-	0.5614
1	15131534	15137230	5696	ALE	0.9924	-	0.9633
1	15134717	15140830	6113	TORK	0.9969	-	0.5683
1	15142251	15148215	5964	ALE	0.9994	-	0.8282
1	15146832	15151616	4784	ALE	0.9871	-	0.4431
1	15149402	15154819	5417	REINA	0.9986	-	0.5877
1	15152754	15158010	5256	TORK	0.9078	-	0.7944
1	15155970	15163062	7092	ALE	0.9990	-	0.9187
1	15160561	15170364	9803	TAT	0.8800	-	0.7885
1	15160561	15170364	9803	TAT	0.8800	-	0.8301
1	15167887	15173374	5487	ALE	0.9979	-	0.9476
1	15171921	15177251	5330	ALE	0.9942	-	0.9646
1	15174826	15181912	7086	ALE	0.9960	-	0.6487
1	15180889	15190292	9403	SIRE	0.9914	-	0.8269
1	15188777	15193566	4789	ALE	0.9967	-	0.9217
1	15191451	15197080	5629	ALE	0.9921	-	0.4916
1	15195113	15201969	6856	ALE	0.9947	-	0.8841
1	15200535	15205866	5331	TORK	0.9976	-	0.5804
1	15203955	15208886	4931	ALE	0.9917	-	0.9427
1	15200535	15205866	5331	TORK	0.9976	-	0.6949
1	15203955	15208886	4931	ALE	0.9917	-	0.9427
1	15209470	15215215	5745	TORK	0.9984	-	0.7045
1	15215334	15221668	6334	REINA	0.9822	-	0.8691
1	15220190	15226457	6267	TORK	0.9970	-	0.9516
1	15224232	15229703	5471	ALE	0.9907	-	0.7423
1	15227230	15233227	5997	BIANCA	0.9900	-	0.9503
1	15230981	15236132	5151	TORK	0.7404	-	0.5479
1	15233773	15239233	5460	BIANCA	0.9975	-	0.5055
1	15237064	15242390	5326	TORK	0.9859	-	0.9999
1	15241992	15247060	5068	ALE	0.9935	-	0.7539
1	15244862	15250063	5201	ALE	0.9965	-	0.8782
1	15241992	15247060	5068	ALE	0.9935	-	0.7539
1	15244862	15250063	5201	ALE	0.9965	-	0.8782
1	15248174	15253307	5133	TORK	0.9918	-	0.9173
1	15252441	15258218	5777	ALE	0.9968	-	0.7416
1	15257936	15262993	5057	ALE	0.9969	-	0.5386
1	15261143	15267148	6005	ALE	0.9938	-	0.6192
1	15265487	15271869	6382	TORK	0.9987	-	0.9755
1	15271896	15277444	5548	ALE	0.9966	-	0.9300
1	15275564	15289762	14198	TAT	0.9996	-	0.3444
1	15275564	15289762	14198	TAT	0.9996	-	0.9507
1	15289837	15295004	5167	ALE	0.9978	-	0.9981
1	15292888	15297521	4633	REINA	0.9764	-	0.6397
1	15295871	15301206	5335	ALE	0.9963	-	0.6230
1	15297940	15308816	10876	TAT	0.9299	-	0.8976
1	15305518	15310702	5184	ALE	0.9949	-	0.5162
1	15310705	15321592	10887	SIRE	0.9786	-	0.9258
1	15317964	15323653	5689	TORK	0.9950	-	0.9199
1	15321069	15326846	5777	ALE	0.9978	-	0.5154
1	15321069	15326846	5777	ALE	0.9978	-	0.5300
1	15326871	15332437	5566	ALE	0.9946	-	0.8534
1	15330477	15336463	5986	ALE	0.9537	-	0.8038
1	15334744	15339521	4777	ALE	0.9792	-	0.9707
1	15338005	15343730	5725	ALE	0.9930	-	0.5456
1	15342497	15347885	5388	ALE	0.9937	-	0.4269
1	15346484	15350911	4427	ALE	0.9834	-	0.9966
1	15351319	15356892	5573	ALE	0.9986	-	0.5260
1	15354823	15359736	4913	ALE	0.9707	-	0.8839
1	15357334	15363107	5773	TORK	0.9944	-	0.9592
1	15361581	15366421	4840	ALE	0.9911	-	0.4886
1	15361581	15366421	4840	ALE	0.9911	-	0.4886
1	15366551	15372404	5853	ALE	0.9995	-	0.9886
1	15370437	15375709	5272	ALE	0.9978	-	0.7654
1	15373527	15387069	13542	TAT	0.9967	-	0.4056
1	15385077	15391378	6301	ALE	0.9964	-	1.0000
1	15388585	15395204	6619	ALE	0.9320	-	0.9995
1	15393802	15399130	5328	ALE	0.9511	-	0.7152
1	15394772	15409973	15201	TAT	0.9981	-	0.7071
1	15404942	15409470	4528	TORK	0.8131	-	0.9953
1	15394772	15409973	15201	TAT	0.9981	-	0.9613
1	15404942	15409470	4528	TORK	0.8131	-	0.9953
1	15407467	15412577	5110	ALE	0.9982	-	0.3952
1	15413325	15419988	6663	GALADRIEL	0.9793	-	0.3449
1	15418328	15423475	5147	ALE	0.9969	-	0.8156
1	15421812	15427095	5283	ALE	0.9465	-	0.9754
1	15425089	15430310	5221	TORK	0.8498	-	0.4948
1	15427977	15433257	5280	ALE	0.9952	-	0.5889
1	15432539	15437980	5441	ALE	0.9957	-	0.3475
1	15435449	15441537	6088	CRM	0.8545	-	0.7351
1	15438816	15444933	6117	BIANCA	0.9272	-	0.5531
1	15444617	15450361	5744	BIANCA	0.9905	-	0.9445
1	15438816	15444933	6117	BIANCA	0.9272	-	0.7458
1	15444617	15450361	5744	BIANCA	0.9905	-	0.9445
1	15448678	15453718	5040	REINA	0.7339	-	0.6492
1	15451720	15457089	5369	TORK	0.9983	-	0.2850
1	15453915	15464526	10611	DEL	0.9814	-	0.7874
1	15461329	15471497	10168	SIRE	0.9880	-	0.9738
1	15467267	15476973	9706	DEL	0.9985	-	0.5731
1	15473701	15482310	8609	DEL	0.9992	-	0.5304
1	15479989	15485487	5498	ALE	0.8276	-	0.4107
1	15484521	15489599	5078	ALE	0.9952	-	0.9655
1	15479989	15485487	5498	ALE	0.8276	-	0.9111
1	15484521	15489599	5078	ALE	0.9952	-	0.9655
1	15488611	15494294	5683	REINA	0.9843	-	0.4668
1	15491395	15499947	8552	DEL	0.7971	-	0.5712
1	15497195	15502841	5646	REINA	0.9871	-	0.5987
1	15500790	15511569	10779	DEL	0.9871	-	0.9815
1	15510963	15516084	5121	TORK	0.9950	-	0.3872
1	15513513	15519832	6319	TORK	0.9754	-	0.7056
1	15516906	15523357	6451	ALE	0.9817	-	0.4870
1	15520872	15527088	6216	REINA	0.9017	-	0.6668
1	15524194	15531560	7366	SIRE	0.9731	-	0.6457
1	15520872	15527088	6216	REINA	0.9017	-	0.6647
1	15524194	15531560	7366	SIRE	0.9731	-	0.6457
1	15528417	15534696	6279	BIANCA	0.9438	-	0.5522
1	15533355	15538210	4855	ALE	0.9843	-	0.4987
1	15535871	15541153	5282	ALE	0.7465	-	0.9758
1	15539924	15550382	10458	DEL	0.9776	-	0.5220
1	15547231	15556082	8851	DEL	0.9360	-	0.8695
1	15552945	15558414	5469	REINA	0.9803	-	0.7141
1	15557623	15562484	4861	TORK	0.9800	-	0.4077
1	15563393	15575302	11909	SIRE	0.9916	-	0.3921
1	15573751	15580384	6633	REINA	0.9891	-	0.6542
1	15581612	15586438	4826	ALE	0.9968	-	0.6421
1	15585663	15591703	6040	TORK	0.9968	-	0.3474
1	15590559	15596111	5552	ALE	0.9991	-	0.9473
1	15594283	15599117	4834	ALE	0.9883	-	0.5150
1	15597822	15603967	6145	ALE	0.9935	-	0.8251
1	15601814	15607537	5723	REINA	0.9770	-	0.2819
1	15605839	15610933	5094	ALE	0.9922	-	0.9521
1	15601814	15607537	5723	REINA	0.9770	-	0.2819
1	15605839	15610933	5094	ALE	0.9922	-	0.9521
1	15608858	15614683	5825	ALE	0.9982	-	0.8332
1	15612625	15618050	5425	ORYCO	0.9962	-	0.4511
1	15615566	15622463	6897	REINA	0.9686	-	0.6525
1	15621697	15627246	5549	ALE	0.9860	-	0.9881
1	15625186	15631511	6325	BIANCA	0.9987	-	0.7954
1	15630100	15634818	4718	REINA	0.9729	-	0.6950
1	15634042	15639443	5401	ALE	0.9997	-	0.7281
1	15638727	15643842	5115	ALE	0.9950	-	0.4017
1	15643023	15649064	6041	ALE	0.9997	-	0.4434
1	15638727	15643842	5115	ALE	0.9950	-	0.5411
1	15643023	15649064	6041	ALE	0.9997	-	0.4434
1	15647400	15652735	5335	ALE	0.9916	-	0.4812
1	15651024	15656153	5129	TORK	0.9663	-	0.5153
1	15654082	15659473	5391	BIANCA	0.9905	-	0.6470
1	15659271	15663637	4366	ALE	0.9258	-	0.6845
1	15661445	15667042	5597	ALE	0.9986	-	0.9920
1	15666239	15678452	12213	TAT	0.9743	-	0.9964
1	15677693	15682733	5040	ALE	0.9735	-	0.8668
1	15682431	15688576	6145	ALE	0.9925	-	0.4805
1	15682431	15688576	6145	ALE	0.9925	-	0.4805
1	15688062	15693823	5761	ALE	0.9953	-	0.4881
1	15693175	15697941	4766	ALE	0.9812	-	0.5274
1	15697384	15705570	8186	DEL	0.9877	-	0.5138
1	15703606	15709065	5459	BIANCA	0.9935	-	0.5263
1	15708105	15713653	5548	ALE	0.9959	-	0.9327
1	15711205	15716722	5517	ALE	0.8961	-	0.4901
1	15714321	15719900	5579	REINA	0.9705	-	0.9593
1	15717947	15723473	5526	ALE	0.9888	-	0.5465
1	15722521	15728922	6401	TORK	0.9941	-	0.9585
1	15722521	15728922	6401	TORK	0.9941	-	0.9585
1	15727279	15732762	5483	ALE	0.9803	-	0.8619
1	15730764	15735924	5160	ALE	0.9624	-	0.6491
1	15734130	15740217	6087	ALE	0.9985	-	0.3586
1	15741925	15747908	5983	TORK	0.9876	-	0.7254
1	15746684	15751416	4732	ALE	0.9945	-	0.6427
1	15751931	15757181	5250	TORK	0.9864	-	0.6954
1	15754319	15763229	8910	DEL	0.8345	-	0.4401
1	15761131	15765683	4552	ALE	0.9909	-	0.9378
1	15763839	15768892	5053	ALE	0.7518	-	0.8755
1	15761131	15765683	4552	ALE	0.9909	-	0.9381
1	15763839	15768892	5053	ALE	0.7518	-	0.8755
1	15766792	15771990	5198	BIANCA	0.9868	-	0.6074
1	15772441	15778983	6542	ALE	0.9791	-	0.7534
1	15777855	15783878	6023	REINA	0.9965	-	0.9408
1	15781640	15787479	5839	BIANCA	0.9320	-	0.3835
1	15786002	15792724	6722	ALE	0.9995	-	0.7060
1	15789965	15795317	5352	REINA	0.9796	-	0.6387
1	15794592	15799793	5201	ALE	0.9957	-	0.9464
1	15797416	15803273	5857	ALE	0.7136	-	0.8919
1	15802326	15808906	6580	REINA	0.9976	-	0.8141
1	15802326	15808906	6580	REINA	0.9976	-	0.8141
1	15807223	15814343	7120	TORK	0.9955	-	0.8099
1	15814128	15818983	4855	TORK	0.9516	-	0.5898
1	15820203	15826380	6177	REINA	0.9985	-	0.9096
1	15824904	15831446	6542	ATHILA	0.9081	-	0.9270
1	15828015	15837594	9579	SIRE	0.9991	-	0.6630
1	15836812	15844418	7606	ATHILA	0.9886	-	0.9064
1	15845378	15851005	5627	REINA	0.9968	-	0.4335
1	15836812	15844418	7606	ATHILA	0.9886	-	0.9661
1	15845378	15851005	5627	REINA	0.9968	-	0.4335
1	15849169	15855034	5865	TORK	0.9554	-	0.9969
1	15853578	15859262	5684	ALE	0.9949	-	0.5871
1	15859552	15864580	5028	ALE	0.9993	-	0.5138
1	15862265	15867687	5422	ALE	0.9988	-	0.7664
1	15867531	15873573	6042	ALE	0.9912	-	0.3888
1	15872350	15878101	5751	ORYCO	0.9995	-	0.9284
1	15877527	15883650	6123	ALE	0.9992	-	0.3179
1	15884874	15890763	5889	REINA	0.9988	-	0.8386
1	15884874	15890763	5889	REINA	0.9988	-	0.8386
1	15890166	15895549	5383	ALE	0.9995	-	0.6597
1	15895090	15900755	5665	TORK	0.9846	-	0.5245
1	15899490	15905053	5563	ALE	0.9987	-	0.3366
1	15903393	15909158	5765	ALE	0.9956	-	0.8989
1	15907529	15916341	8812	ATHILA	0.9823	-	0.8372
1	15916195	15921489	5294	ALE	0.9759	-	0.7273
1	15920030	15926490	6460	ALE	0.9959	-	0.9053
1	15925575	15931442	5867	REINA	0.9880	-	0.9965
1	15920030	15926490	6460	ALE	0.9959	-	0.7981
1	15925575	15931442	5867	REINA	0.9880	-	0.9965
1	15931313	15936860	5547	TORK	0.9965	-	0.3124
1	15934990	15939809	4819	ALE	0.9168	-	0.6001
1	15938426	15943594	5168	ALE	0.9953	-	0.8083
1	15942872	15947928	5056	TORK	0.8526	-	0.4349
1	15946009	15951537	5528	ALE	0.9971	-	0.5982
1	15949303	15955416	6113	REINA	0.9835	-	0.8004
1	15951819	15961956	10137	ATHILA	0.9789	-	0.4111
1	15960555	15966231	5676	BIANCA	0.9857	-	0.8780
1	15965001	15970426	5425	ALE	0.9963	-	0.4184
1	15960555	15966231	5676	BIANCA	0.9857	-	0.7059
1	15965001	15970426	5425	ALE	0.9963	-	0.4184
1	15970452	15975480	5028	ALE	0.9964	-	0.9995
1	15975400	15980785	5385	ORYCO	0.9579	-	0.9441
1	15978502	15984829	6327	ALE	0.9993	-	0.4335
1	15984109	15990156	6047	ALE	0.9984	-	0.9908
1	15988747	15994105	5358	ALE	0.9931	-	0.6214
1	15992181	15996758	4577	ALE	0.9866	-	0.8743
1	15995873	16002588	6715	ALE	0.9990	-	0.4617
1	16000582	16006358	5776	TORK	0.9966	-	0.9206
1	16004633	16010889	6256	ALE	0.9997	-	0.9847
1	16000582	16006358	5776	TORK	0.9966	-	0.9200
1	16004633	16010889	6256	ALE	0.9997	-	0.9847
1	16009875	16015209	5334	BIANCA	0.9674	-	0.9670
1	16019608	16024626	5018	ALE	0.9918	-	0.7637
1	16022968	16029020	6052	TORK	0.9960	-	0.7522
1	16026893	16032418	5525	ALE	0.9912	-	0.9161
1	16030401	16036097	5696	ALE	0.9958	-	0.9954
1	16034095	16039979	5884	REINA	0.9761	-	0.4245
1	16039698	16045756	6058	ALE	0.9891	-	0.3937
1	16042093	16054159	12066	DEL	0.9844	-	0.3578
1	16039698	16045756	6058	ALE	0.9891	-	0.4959
1	16042093	16054159	12066	DEL	0.9844	-	0.3578
1	16050848	16056400	5552	REINA	0.9879	-	0.5247
1	16054155	16058662	4507	ALE	0.9517	-	0.6294
1	16056771	16061888	5117	ALE	0.9881	-	0.6584
1	16062002	16067518	5516	ALE	0.9991	-	0.6171
1	16065184	16070654	5470	ALE	0.9366	-	0.9987
1	16068412	16074242	5830	TORK	0.9960	-	0.9495
1	16072811	16078805	5994	ALE	0.9995	-	0.7572
1	16076209	16082092	5883	ALE	0.9533	-	0.5305
1	16082525	16087382	4857	ALE	0.9900	-	0.5875
1	16082525	16087382	4857	ALE	0.9900	-	0.5875
1	16088074	16093158	5084	ALE	0.9827	-	0.5243
1	16092169	16097364	5195	ORYCO	0.9932	-	0.4998
1	16099083	16104579	5496	ALE	0.9910	-	0.5713
1	16103164	16108780	5616	TORK	0.9924	-	0.4351
1	16106901	16112679	5778	DEL	0.9382	-	0.7739
1	16112646	16119017	6371	TORK	0.9796	-	0.3083
1	16116870	16122536	5666	ORYCO	0.9926	-	0.6393
1	16122703	16127543	4840	ALE	0.9513	-	0.8290
1	16122703	16127543	4840	ALE	0.9513	-	0.8290
1	16128759	16134383	5624	REINA	0.9993	-	0.8614
1	16131946	16137545	5599	ALE	0.8863	-	0.6355
1	16134810	16141936	7126	ALE	0.9998	-	0.5536
1	16141154	16147178	6024	ALE	0.9913	-	0.5797
1	16144629	16149963	5334	TORK	0.8781	-	0.9950
1	16147855	16152619	4764	REINA	0.9987	-	0.7984
1	16151230	16156539	5309	ALE	0.9964	-	0.6484
1	16156363	16161360	4997	ALE	0.9804	-	0.6732
1	16159757	16164776	5019	ALE	0.7850	-	0.9373
1	16162536	16167376	4840	ALE	0.9943	-	0.9358
1	16166777	16171407	4630	ALE	0.8245	-	0.4357
1	16159757	16164776	5019	ALE	0.7850	-	0.6143
1	16162536	16167376	4840	ALE	0.9943	-	0.9358
1	16169281	16174204	4923	ALE	0.9938	-	0.7064
1	16175261	16181450	6189	ALE	0.9997	-	0.4134
1	16179556	16184800	5244	ALE	0.9761	-	0.9541
1	16182731	16188791	6060	ALE	0.9997	-	0.4888
1	16188825	16194042	5217	ALE	0.7984	-	0.9937
1	16192047	16197406	5359	TORK	0.9726	-	0.8512
1	16196291	16201415	5124	REINA	0.9981	-	0.3144
1	16200321	16210467	10146	DEL	0.9946	-	0.3082
1	16200321	16210467	10146	DEL	0.9946	-	0.2840
1	16209962	16214486	4524	ALE	0.9867	-	0.3753
1	16214478	16220079	5601	ALE	0.9861	-	0.7444
1	16219332	16224761	5429	ALE	0.9983	-	0.7524
1	16225621	16230333	4712	ALE	0.9976	-	0.9680
1	16230745	16235891	5146	ALE	0.9993	-	0.9608
1	16234972	16244274	9302	ATHILA	0.9921	-	0.8993
1	16242231	16247502	5271	ALE	0.9941	-	0.5117
1	16245632	16250862	5230	ALE	0.9208	-	0.9746
1	16242231	16247502	5271	ALE	0.9941	-	0.5117
1	16245632	16250862	5230	ALE	0.9208	-	0.9746
1	16248586	16253473	4887	ALE	0.9985	-	0.9138
1	16253205	16258549	5344	BIANCA	0.9710	-	0.6952
1	16259285	16264520	5235	ALE	0.9952	-	0.2960
1	16263079	16273877	10798	ATHILA	0.9721	-	0.9690
1	16270922	16275930	5008	ALE	0.9903	-	0.8652
1	16275900	16281408	5508	ALE	0.9969	-	0.4719
1	16280634	16285616	4982	ALE	0.9988	-	0.9764
1	16283643	16288799	5156	TORK	0.9991	-	0.9673
1	16286340	16292257	5917	ALE	0.9990	-	0.9146
1	16280634	16285616	4982	ALE	0.9988	-	0.9712
1	16283643	16288799	5156	TORK	0.9991	-	0.9673
1	16290851	16296519	5668	ALE	0.9990	-	0.5618
1	16296392	16301759	5367	ALE	0.9931	-	0.9602
1	16301852	16307548	5696	ALE	0.9990	-	0.5825
1	16305800	16311113	5313	BIANCA	0.9807	-	0.8966
1	16310459	16317167	6708	ALE	0.9993	-	0.3204
1	16316234	16320985	4751	ALE	0.9937	-	0.5210
1	16319141	16325140	5999	TORK	0.9639	-	0.2871
1	16322710	16328288	5578	TORK	0.9870	-	0.5181
1	16325970	16330811	4841	ALE	0.9785	-	0.5849
1	16319141	16325140	5999	TORK	0.9639	-	0.5845
1	16322710	16328288	5578	TORK	0.9870	-	0.5181
1	16325970	16330811	4841	ALE	0.9785	-	0.5849
1	16330511	16335969	5458	ALE	0.9907	-	0.5824
1	16333807	16339978	6171	ALE	0.9990	-	0.8684
1	16338069	16343310	5241	ALE	0.9920	-	0.7545
1	16341988	16347366	5378	ALE	0.9794	-	0.8956
1	16345398	16350435	5037	ALE	0.9967	-	0.5605
1	16350560	16356284	5724	ORYCO	0.9984	-	0.3142
1	16355359	16361228	5869	TORK	0.9883	-	0.9919
1	16358947	16364607	5660	ALE	0.9931	-	0.5995
1	16364097	16369723	5626	ALE	0.9957	-	0.7886
1	16358947	16364607	5660	ALE	0.9931	-	0.4429
1	16364097	16369723	5626	ALE	0.9957	-	0.7886
1	16369856	16376356	6500	TORK	0.9916	-	0.4438
1	16375687	16381475	5788	ALE	0.9967	-	0.9972
1	16379995	16385180	5185	REINA	0.9090	-	0.9326
1	16384640	16390177	5537	ALE	0.9978	-	0.9047
1	16388862	16394392	5530	ALE	0.9945	-	0.5529
1	16392528	16398300	5772	ALE	0.9816	-	0.4306
1	16396653	16406738	10085	DEL	0.9931	-	0.6590
1	16404221	16410969	6748	ALE	0.9932	-	0.7823
1	16396653	16406738	10085	DEL	0.9931	-	0.9740
1	16404221	16410969	6748	ALE	0.9932	-	0.7823
1	16408750	16413568	4818	ALE	0.9914	-	0.4968
1	16411359	16417522	6163	ALE	0.9992	-	0.3911
1	16416458	16422433	5975	ALE	0.9911	-	0.7692
1	16421065	16425964	4899	ALE	0.9927	-	0.8806
1	16424172	16430100	5928	REINA	0.9973	-	0.9972
1	16432647	16437808	5161	ALE	0.9779	-	0.8700
1	16435785	16441263	5478	ALE	0.9993	-	0.3337
1	16440175	16445690	5515	ALE	0.9588	-	0.6252
1	16446294	16451798	5504	ALE	0.9979	-	0.9978
1	16440175	16445690	5515	ALE	0.9588	-	0.3416
1	16452029	16458397	6368	ALE	0.9991	-	0.4706
1	16455998	16460665	4667	BIANCA	0.9435	-	0.8162
1	16459471	16464448	4977	BIANCA	0.9927	-	0.8226
1	16463025	16468399	5374	ALE	0.9986	-	0.9414
1	16466155	16471401	5246	ALE	0.7053	-	0.2871
1	16470621	16476555	5934	ALE	0.9986	-	0.4445
1	16475313	16480129	4816	ALE	0.9865	-	0.9777
1	16481633	16486696	5063	ALE	0.9992	-	0.2719
1	16484475	16490325	5850	ALE	0.8690	-	0.4149
1	16481633	16486696	5063	ALE	0.9992	-	0.2719
1	16484475	16490325	5850	ALE	0.8690	-	0.4149
1	16488029	16493257	5228	ALE	0.9928	-	0.8922
1	16491164	16496212	5048	ALE	0.9948	-	0.7878
1	16494329	16499691	5362	ALE	0.9978	-	0.6467
1	16497096	16503360	6264	ALE	0.9933	-	0.9446
1	16501671	16507096	5425	ALE	0.9976	-	0.9781
1	16505116	16510220	5104	ALE	0.9700	-	0.9930
1	16503755	16520808	17053	TAT	0.9703	-	0.3647
1	16513991	16518973	4982	REINA	0.9916	-	0.5351
1	16518484	16524360	5876	BIANCA	0.9291	-	0.4122
1	16521626	16528104	6478	BIANCA	0.9458	-	0.4375
1	16518484	16524360	5876	BIANCA	0.9291	-	0.9111
1	16521626	16528104	6478	BIANCA	0.9458	-	0.4375
1	16525123	16534828	9705	ATHILA	0.9962	-	0.4153
1	16533025	16539497	6472	ALE	0.9957	-	0.9445
1	16537491	16543293	5802	ALE	0.9555	-	0.4855
1	16542389	16548123	5734	ALE	0.9937	-	0.6785
1	16547741	16552486	4745	TORK	0.9799	-	0.8841
1	16551822	16556815	4993	ALE	0.9968	-	0.3897
1	16555262	16560082	4820	ANGELA	0.8690	-	0.8472
1	16557627	16563463	5836	ALE	0.9973	-	0.6294
1	16561329	16566894	5565	TORK	0.9341	-	0.8371
1	16564488	16570440	5952	BIANCA	0.9831	-	0.8813
1	16561329	16566894	5565	TORK	0.9341	-	0.8371
1	16564488	16570440	5952	BIANCA	0.9831	-	0.8813
1	16570347	16575624	5277	ALE	0.9855	-	0.9968
1	16573222	16578940	5718	ALE	0.9938	-	0.9029
1	16578187	16582746	4559	ALE	0.8682	-	0.5277
1	16580644	16585888	5244	ALE	0.9387	-	0.9821
1	16583416	16589663	6247	ANGELA	0.8342	-	0.8685
1	16588257	16593582	5325	ALE	0.9855	-	0.6178
1	16592080	16597686	5606	ALE	0.9978	-	0.5567
1	16596098	16600444	4346	ALE	0.7815	-	0.4379
1	16598514	16604501	5987	ALE	0.9990	-	0.7605
1	16604423	16609714	5291	ALE	0.9826	-	0.5955
1	16604423	16609714	5291	ALE	0.9826	-	0.5955
1	16608434	16614056	5622	ALE	0.9998	-	0.8242
1	16614195	16621255	7060	DEL	0.9905	-	0.9241
1	16620630	16625642	5012	ALE	0.9791	-	0.4184
1	16624110	16629573	5463	REINA	0.8722	-	0.9662
1	16627886	16636899	9013	DEL	0.9792	-	0.9982
1	16636446	16641513	5067	ALE	0.9108	-	0.9992
1	16640124	16646018	5894	TORK	0.9898	-	0.6114
1	16645131	16651109	5978	ALE	0.9616	-	0.3676
1	16640124	16646018	5894	TORK	0.9898	-	0.5985
1	16645131	16651109	5978	ALE	0.9616	-	0.3676
1	16649109	16654848	5739	ALE	0.9956	-	0.9839
1	16652313	16657658	5345	TORK	0.8926	-	0.6492
1	16656524	16662368	5844	TORK	0.9827	-	0.7590
1	16660465	16666567	6102	ALE	0.9968	-	0.7791
1	16666129	16672047	5918	ALE	0.9928	-	0.5385
1	16670611	16676339	5728	ALE	0.9998	-	0.8624
1	16674820	16681166	6346	ALE	0.9837	-	0.8654
1	16679039	16687738	8699	ATHILA	0.9799	-	0.9222
1	16679039	16687738	8699	ATHILA	0.9799	-	0.9962
1	16687400	16693649	6249	ALE	0.9937	-	0.3613
1	16692816	16698083	5267	ALE	0.9972	-	0.8958
1	16697513	16702258	4745	ALE	0.8942	-	0.9610
1	16700046	16705294	5248	ALE	0.9893	-	0.5735
1	16704625	16710037	5412	ALE	0.9945	-	0.5866
1	16707568	16713042	5474	ALE	0.9657	-	0.7374
1	16711177	16716975	5798	BIANCA	0.9988	-	0.9683
1	16716456	16723155	6699	TORK	0.9958	-	0.4083
1	16720974	16725739	4765	ALE	0.9973	-	0.9571
1	16723006	16733908	10902	TAT	0.9926	-	0.7987
1	16720974	16725739	4765	ALE	0.9973	-	0.9559
1	16723006	16733908	10902	TAT	0.9926	-	0.7987
1	16732063	16738392	6329	ALE	0.9971	-	0.5319
1	16736722	16743074	6352	ORYCO	0.9969	-	0.8743
1	16744057	16748468	4411	ALE	0.9803	-	0.7324
1	16746740	16752185	5445	ALE	0.9930	-	0.9492
1	16752261	16757469	5208	ALE	0.9929	-	0.3696
1	16757687	16762669	4982	ALE	0.9817	-	0.7677
1	16760769	16766138	5369	ALE	0.9936	-	0.4960
1	16765407	16770921	5514	ALE	0.9982	-	0.4581
1	16760769	16766138	5369	ALE	0.9936	-	0.4484
1	16765407	16770921	5514	ALE	0.9982	-	0.4581
1	16770176	16775120	4944	ALE	0.9967	-	0.9285
1	16772738	16779019	6281	ALE	0.9987	-	0.9055
1	16777043	16781714	4671	ALE	0.9883	-	0.4026
1	16781110	16786043	4933	TORK	0.9682	-	0.9744
1	16787680	16793162	5482	ALE	0.9921	-	0.8848
1	16791975	16797113	5138	ALE	0.9526	-	0.9474
1	16796341	16801525	5184	ALE	0.9842	-	0.9333
1	16802402	16807696	5294	ALE	0.9968	-	0.9816
1	16802402	16807696	5294	ALE	0.9968	-	0.9816
1	16807415	16813943	6528	ALE	0.9548	-	0.8923
1	16811129	16817784	6655	ORYCO	0.9983	-	0.9733
1	16817229	16822398	5169	ALE	0.9920	-	0.4450
1	16820907	16826885	5978	TORK	0.9952	-	0.6374
1	16826001	16830785	4784	ALE	0.9954	-	0.6288
1	16829397	16834050	4653	ALE	0.9685	-	0.4549
1	16834590	16839559	4969	ALE	0.9769	-	0.9052
1	16837449	16843233	5784	ALE	0.9925	-	0.8966
1	16842865	16848860	5995	TORK	0.9857	-	0.9984
1	16842865	16848860	5995	TORK	0.9857	-	0.9984
1	16848318	16854276	5958	ALE	0.9365	-	0.3695
1	16853282	16858758	5476	ALE	0.9807	-	0.5337
1	16859057	16864373	5316	ALE	0.9946	-	0.9580
1	16864509	16869274	4765	ALE	0.9889	-	0.9927
1	16867047	16872925	5878	ALE	0.9913	-	0.9927
1	16871732	16877743	6011	ALE	0.9514	-	0.9152
1	16876188	16880970	4782	ALE	0.9945	-	0.9737
1	16880617	16886335	5718	ALE	0.9954	-	0.6136
1	16884093	16888523	4430	ALE	0.9843	-	0.9640
1	16880617	16886335	5718	ALE	0.9954	-	0.6367
1	16884093	16888523	4430	ALE	0.9843	-	0.9640
1	16886449	16892326	5877	TORK	0.9835	-	0.3936
1	16889819	16895627	5808	ALE	0.9996	-	0.9476
1	16893657	16899351	5694	ALE	0.9951	-	0.6710
1	16897649	16903449	5800	TORK	0.7122	-	0.5401
1	16900764	16907125	6361	TORK	0.9917	-	0.4828
1	16905733	16911338	5605	ALE	0.9403	-	0.9800
1	16909667	16914885	5218	ALE	0.9937	-	0.4721
1	16913679	16918382	4703	ALE	0.8835	-	0.8794
1	16917658	16922771	5113	ALE	0.9923	-	0.4751
1	16921450	16926296	4846	ORYCO	0.9757	-	0.9343
1	16921450	16926296	4846	ORYCO	0.9757	-	0.9343
1	16927399	16932660	5261	ALE	0.9995	-	0.6960
1	16931939	16936735	4796	ALE	0.9668	-	0.9781
1	16934386	16939945	5559	ALE	0.9927	-	0.6610
1	16937578	16942779	5201	TORK	0.8381	-	0.8592
1	16940348	16946777	6429	ALE	0.9954	-	0.8605
1	16946467	16951336	4869	TORK	0.9869	-	0.7098
1	16949163	16953747	4584	ALE	0.9980	-	0.7480
1	16951992	16956794	4802	ALE	0.8819	-	0.9235
1	16955864	16961187	5323	ALE	0.9981	-	0.6749
1	16959877	16965487	5610	TORK	0.9363	-	0.6440
1	16963420	16967936	4516	ALE	0.9943	-	0.9109
1	16959877	16965487	5610	TORK	0.9363	-	0.9701
1	16963420	16967936	4516	ALE	0.9943	-	0.9109
1	16967620	16973056	5436	ALE	0.9997	-	0.6647
1	16972116	16977242	5126	TORK	0.7392	-	0.8915
1	16974997	16980620	5623	TORK	0.9862	-	0.5671
1	16978425	16983640	5215	ALE	0.9984	-	0.5133
1	16981768	16986887	5119	ALE	0.9404	-	0.9856
1	16985097	16990227	5130	ALE	0.9878	-	0.5946
1	16988514	16994416	5902	ALE	0.9993	-	0.8991
1	16995246	17001294	6048	ALE	0.9946	-	0.5739
1	16999057	17003691	4634	ALE	0.9401	-	0.8816
1	17003029	17009696	6667	TORK	0.9988	-	0.6914
1	16999057	17003691	4634	ALE	0.9401	-	0.5307
1	17003029	17009696	6667	TORK	0.9988	-	0.6914
1	17007485	17012936	5451	REINA	0.9860	-	0.5659
1	17011384	17016479	5095	BIANCA	0.8906	-	0.8789
1	17014418	17019091	4673	ALE	0.9958	-	0.9806
1	17018927	17025093	6166	BIANCA	0.9853	-	0.9630
1	17023713	17030918	7205	TORK	0.8451	-	0.9865
1	17028107	17033553	5446	ALE	0.9577	-	0.2702
1	17033668	17039300	5632	ORYCO	0.9974	-	0.6793
1	17037778	17042890	5112	REINA	0.9631	-	0.6139
1	17042900	17048340	5440	ALE	0.9832	-	0.6800
1	17042900	17048340	5440	ALE	0.9832	-	0.6800
1	17046437	17055839	9402	SIRE	0.9976	-	0.8853
1	17055991	17062265	6274	TORK	0.9992	-	0.3920
1	17060253	17064799	4546	ALE	0.8178	-	0.9358
1	17062617	17068163	5546	ALE	0.9981	-	0.6797
1	17068408	17073088	4680	ALE	0.9039	-	0.8112
1	17072886	17079108	6222	REINA	0.9647	-	0.4460
1	17077176	17083123	5947	ALE	0.9834	-	0.8682
1	17083121	17087405	4284	REINA	0.9117	-	0.9397
1	17083121	17087405	4284	REINA	0.9117	-	0.9397
1	17086849	17091592	4743	ALE	0.9900	-	0.7095
1	17091308	17096227	4919	TORK	0.9945	-	0.5921
1	17094570	17100873	6303	REINA	0.9844	-	0.7860
1	17098525	17105070	6545	ALE	0.9987	-	0.9960
1	17102528	17107802	5274	ALE	0.9963	-	0.4545
1	17107949	17113447	5498	ALE	0.9971	-	0.9673
1	17114208	17118798	4590	ALE	0.9918	-	0.7432
1	17117723	17123748	6025	ALE	0.9918	-	0.7429
1	17121309	17126252	4943	BIANCA	0.9661	-	0.9852
1	17121309	17126252	4943	BIANCA	0.9661	-	0.9852
1	17126264	17131784	5520	ALE	0.9951	-	0.9664
1	17131128	17136571	5443	ALE	0.9988	-	0.4687
1	17135476	17141243	5767	ALE	0.9993	-	0.6277
1	17139778	17145416	5638	ALE	0.9981	-	0.5210
1	17144760	17150193	5433	TORK	0.9800	-	0.8419
1	17149911	17155954	6043	REINA	0.9875	-	0.5819
1	17155817	17161473	5656	REINA	0.9845	-	0.8113
1	17162252	17166534	4282	ALE	0.9892	-	0.4605
1	17162252	17166534	4282	ALE	0.9892	-	0.4605
1	17166449	17172243	5794	ALE	0.9913	-	0.9523
1	17171977	17178382	6405	ALE	0.9998	-	0.9285
1	17177688	17183109	5421	ALE	0.9914	-	0.5676
1	17180641	17186469	5828	ALE	0.9577	-	0.3873
1	17185709	17191086	5377	TORK	0.9956	-	0.6466
1	17189095	17194245	5150	ALE	0.9993	-	0.9640
1	17191812	17197345	5533	TORK	0.8264	-	0.5526
1	17194659	17201222	6563	TORK	0.9933	-	0.9313
1	17199523	17204383	4860	ALE	0.9976	-	0.7166
1	17203890	17208997	5107	BIANCA	0.9950	-	0.5987
1	17199523	17204383	4860	ALE	0.9976	-	0.5989
1	17203890	17208997	5107	BIANCA	0.9950	-	0.5987
1	17207579	17212535	4956	ALE	0.9952	-	0.8148
1	17212192	17217499	5307	ALE	0.9985	-	0.8151
1	17215498	17221828	6330	TORK	0.9935	-	0.3698
1	17219966	17226623	6657	ORYCO	0.9984	-	0.8475
1	17224385	17229623	5238	ALE	0.9193	-	0.9831
1	17227911	17232956	5045	ALE	0.9968	-	0.8271
1	17233129	17238455	5326	ALE	0.9974	-	0.9908
1	17236050	17241980	5930	ALE	0.9994	-	0.7399
1	17242144	17248090	5946	TORK	0.9989	-	0.3660
1	17242144	17248090	5946	TORK	0.9989	-	0.3660
1	17247452	17253895	6443	ALE	0.9807	-	0.5261
1	17251861	17257244	5383	ALE	0.9911	-	0.5100
1	17256522	17268699	12177	TAT	0.9434	-	1.0000
1	17265917	17270890	4973	ALE	0.9915	-	0.4754
1	17269115	17274118	5003	ALE	0.8831	-	0.5872
1	17271928	17276997	5069	ALE	0.9919	-	0.5967
1	17276211	17281288	5077	ALE	0.9976	-	0.4932
1	17280403	17286149	5746	ALE	0.9987	-	0.4837
1	17284269	17289819	5550	ALE	0.9928	-	0.3946
1	17280403	17286149	5746	ALE	0.9987	-	0.5807
1	17284269	17289819	5550	ALE	0.9928	-	0.3946
1	17288604	17293949	5345	ALE	0.9635	-	0.8017
1	17291563	17296749	5186	ALE	0.9797	-	0.5797
1	17295362	17300414	5052	ALE	0.9976	-	0.5396
1	17299345	17304564	5219	TORK	0.9914	-	0.8963
1	17302479	17309029	6550	TORK	0.9937	-	0.6171
1	17307229	17312556	5327	TORK	0.9737	-	0.4837
1	17310863	17316374	5511	TORK	0.9668	-	0.7729
1	17315832	17321518	5686	ALE	0.9997	-	0.8434
1	17318331	17327111	8780	TORK	0.9966	-	0.9999
1	17323488	17333135	9647	DEL	0.9964	-	0.8389
1	17318331	17327111	8780	TORK	0.9966	-	0.2945
1	17323488	17333135	9647	DEL	0.9964	-	0.8389
1	17330412	17335685	5273	ALE	0.9876	-	0.7439
1	17335334	17340638	5304	ALE	0.9801	-	0.6234
1	17338245	17344032	5787	ALE	0.9976	-	0.3207
1	17342804	17348495	5691	ALE	0.9977	-	0.7084
1	17346576	17351638	5062	REINA	0.9687	-	1.0000
1	17349405	17354582	5177	ALE	0.9784	-	0.9847
1	17354591	17360174	5583	BIANCA	0.9655	-	0.7057
1	17360940	17366064	5124	ALE	0.9479	-	0.8716
1	17364601	17369582	4981	ALE	0.9903	-	0.6929
1	17360940	17366064	5124	ALE	0.9479	-	0.8712
1	17364601	17369582	4981	ALE	0.9903	-	0.6929
1	17369414	17374836	5422	ALE	0.9924	-	0.4028
1	17373698	17379310	5612	ALE	0.9966	-	0.8095
1	17378064	17384366	6302	ALE	0.9573	-	0.6554
1	17381963	17387728	5765	BIANCA	0.9983	-	0.9957
1	17385561	17391022	5461	ALE	0.9917	-	0.9373
1	17391736	17396885	5149	TORK	0.9699	-	0.5602
1	17395661	17401140	5479	ALE	0.9953	-	0.5424
1	17402782	17407875	5093	ALE	0.9888	-	0.4716
1	17402782	17407875	5093	ALE	0.9888	-	0.4716
1	17408055	17414205	6150	ALE	0.9630	-	0.3588
1	17411988	17416966	4978	ALE	0.9734	-	0.5945
1	17415407	17424186	8779	TORK	0.9824	-	0.6049
1	17421567	17429461	7894	ATHILA	0.9608	-	0.7217
1	17426935	17431962	5027	ALE	0.9911	-	0.6813
1	17429583	17435138	5555	TORK	0.8042	-	0.9983
1	17433627	17440318	6691	ALE	0.9994	-	0.8045
1	17439804	17445128	5324	ALE	0.9978	-	0.9234
1	17443851	17449402	5551	REINA	0.9960	-	0.5348
1	17439804	17445128	5324	ALE	0.9978	-	0.5200
1	17443851	17449402	5551	REINA	0.9960	-	0.5348
1	17447027	17452181	5154	TORK	0.9515	-	0.6928
1	17452339	17457103	4764	ALE	0.9962	-	0.6119
1	17457497	17463430	5933	TORK	0.9943	-	0.4884
1	17462798	17468323	5525	ALE	0.9843	-	0.4649
1	17469284	17474664	5380	ALE	0.9973	-	0.9368
1	17473506	17479244	5738	ALE	0.9962	-	0.9488
1	17478396	17483250	4854	ALE	0.9950	-	0.3125
1	17481720	17487756	6036	TORK	0.9986	-	0.8538
1	17485330	17491121	5791	ALE	0.9984	-	0.7974
1	17481720	17487756	6036	TORK	0.9986	-	0.8538
1	17485330	17491121	5791	ALE	0.9984	-	0.7974
1	17490669	17496610	5941	ALE	0.9950	-	0.7580
1	17494291	17500157	5866	TORK	0.7953	-	0.5283
1	17497379	17504183	6804	ALE	0.9932	-	0.6360
1	17503313	17508779	5466	ALE	0.9722	-	0.4443
1	17507456	17512493	5037	ALE	0.9482	-	0.9398
1	17511113	17516385	5272	ALE	0.9887	-	0.4375
1	17516721	17522455	5734	ALE	0.9996	-	0.6480
1	17520142	17525462	5320	ALE	0.9343	-	0.7093
1	17523914	17528954	5040	ALE	0.9979	-	0.9890
1	17520142	17525462	5320	ALE	0.9343	-	0.9506
1	17523914	17528954	5040	ALE	0.9979	-	0.9890
1	17525507	17537211	11704	DEL	0.9844	-	0.8255
1	17532376	17542034	9658	DEL	0.9865	-	0.9471
1	17541140	17546257	5117	ALE	0.9983	-	0.7413
1	17546931	17551696	4765	ALE	0.9978	-	0.4154
1	17550327	17555187	4860	ALE	0.9925	-	0.5256
1	17553258	17558654	5396	ALE	0.9975	-	0.9941
1	17558027	17563553	5526	ALE	0.9833	-	0.4365
1	17562576	17568941	6365	ALE	0.9970	-	0.5957
1	17562576	17568941	6365	ALE	0.9970	-	0.5957
1	17567235	17572923	5688	REINA	0.9955	-	0.9224
1	17571123	17577175	6052	REINA	0.9690	-	0.3651
1	17574571	17580730	6159	TORK	0.7876	-	0.2367
1	17578073	17583483	5410	ORYCO	0.9839	-	0.5544
1	17581645	17587349	5704	ALE	0.9974	-	0.4407
1	17585890	17591835	5945	ALE	0.9980	-	0.6719
1	17592284	17597721	5437	ALE	0.9853	-	0.7447
1	17596052	17601515	5463	REINA	0.9937	-	0.9790
1	17599322	17604808	5486	BIANCA	0.9850	-	0.9963
1	17602816	17608649	5833	ALE	0.9924	-	0.6831
1	17599322	17604808	5486	BIANCA	0.9850	-	0.5511
1	17602816	17608649	5833	ALE	0.9924	-	0.6831
1	17609767	17614811	5044	TORK	0.9773	-	0.3317
1	17612520	17617710	5190	TORK	0.9569	-	0.6031
1	17616248	17621768	5520	ALE	0.9976	-	0.3396
1	17620459	17629176	8717	SIRE	0.9985	-	0.4907
1	17625932	17631339	5407	ALE	0.9507	-	0.4219
1	17630637	17635300	4663	ALE	0.9948	-	0.9984
1	17635652	17641060	5408	TORK	0.9958	-	0.4542
1	17638574	17645178	6604	ALE	0.9599	-	0.5167
1	17642509	17647837	5328	ALE	0.8671	-	0.4093
1	17645702	17651300	5598	ORYCO	0.9829	-	0.1749
1	17638574	17645178	6604	ALE	0.9599	-	0.9191
1	17642509	17647837	5328	ALE	0.8671	-	0.4093
1	17645702	17651300	5598	ORYCO	0.9829	-	0.1749
1	17651443	17657585	6142	ALE	0.9967	-	0.7186
1	17654268	17663432	9164	DEL	0.9974	-	0.9975
1	17662523	17668177	5654	ALE	0.9940	-	0.2815
1	17667746	17672782	5036	ALE	0.9912	-	0.6516
1	17672720	17679255	6535	ALE	0.9861	-	0.8498
1	17676705	17682047	5342	ALE	0.9992	-	0.7234
1	17680270	17686164	5894	TORK	0.9360	-	0.6223
1	17684553	17692154	7601	ORYCO	1.0000	-	0.4900
1	17680270	17686164	5894	TORK	0.9360	-	0.3375
1	17684553	17692154	7601	ORYCO	1.0000	-	0.4900
1	17689857	17695412	5555	ALE	0.9742	-	0.6103
1	17694560	17699800	5240	ALE	0.9416	-	0.9152
1	17698245	17703362	5117	ALE	0.9897	-	0.4617
1	17701383	17706396	5013	BIANCA	0.7393	-	0.8923
1	17704118	17709669	5551	ALE	0.9846	-	0.7479
1	17707244	17712916	5672	BIANCA	0.9835	-	0.6371
1	17711712	17717410	5698	ALE	0.9977	-	0.6795
1	17715656	17721792	6136	REINA	0.8028	-	0.9963
1	17719909	17725243	5334	ALE	0.9939	-	0.8389
1	17723453	17728619	5166	TORK	0.7583	-	0.5363
1	17719909	17725243	5334	ALE	0.9939	-	0.3830
1	17723453	17728619	5166	TORK	0.7583	-	0.5363
1	17726478	17732305	5827	ALE	0.9983	-	0.4485
1	17734663	17739358	4695	ALE	0.9699	-	0.7531
1	17737261	17742578	5317	ORYCO	0.9629	-	0.6425
1	17743524	17749026	5502	ALE	0.9970	-	0.9304
1	17747264	17753161	5897	TORK	0.7817	-	0.4953
1	17751245	17756652	5407	ALE	0.9681	-	0.3141
1	17756821	17761412	4591	ALE	0.9958	-	0.9779
1	17761524	17766838	5314	ALE	0.9938	-	0.8981
1	17764179	17770678	6499	TORK	0.9681	-	0.9191
1	17761524	17766838	5314	ALE	0.9938	-	0.8981
1	17764179	17770678	6499	TORK	0.9681	-	0.9191
1	17771649	17778621	6972	TORK	0.9939	-	0.7616
1	17779346	17785119	5773	ALE	0.9836	-	0.9263
1	17783718	17789151	5433	ALE	0.9176	-	0.6974
1	17787274	17792993	5719	ALE	0.9990	-	0.5259
1	17790142	17799581	9439	SIRE	0.9993	-	0.7117
1	17796570	17801821	5251	REINA	0.9882	-	0.9680
1	17801245	17808751	7506	SIRE	0.9976	-	0.9200
1	17801245	17808751	7506	SIRE	0.9976	-	0.9200
1	17809026	17815556	6530	ALE	0.9459	-	0.8762
1	17813715	17818257	4542	ALE	0.9884	-	0.7160
1	17818681	17824818	6137	BIANCA	0.9989	-	0.6904
1	17823336	17828800	5464	ALE	0.9955	-	0.6269
1	17826324	17831700	5376	ORYCO	0.8612	-	0.6699
1	17831045	17837205	6160	ALE	0.9990	-	0.7930
1	17836438	17841740	5302	ALE	0.9964	-	0.5439
1	17840902	17846806	5904	ALE	0.9994	-	0.8077
1	17844080	17852455	8375	DEL	0.9883	-	0.6378
1	17840902	17846806	5904	ALE	0.9994	-	0.8137
1	17844080	17852455	8375	DEL	0.9883	-	0.6378
1	17850250	17855666	5416	ALE	0.9789	-	0.9036
1	17854281	17859722	5441	ALE	0.9976	-	0.3107
1	17857597	17863759	6162	ALE	0.9979	-	0.7442
1	17861741	17866395	4654	ALE	0.9767	-	0.9618
1	17864132	17869594	5462	ALE	0.9877	-	0.4139
1	17867717	17873777	6060	ALE	0.9996	-	0.4937
1	17871784	17876407	4623	ALE	0.9802	-	0.6774
1	17876727	17882600	5873	ALE	0.9993	-	0.7161
1	17879922	17888164	8242	ORYCO	0.9997	-	0.8282
1	17879922	17888164	8242	ORYCO	0.9997	-	0.8617
1	17885018	17893031	8013	SIRE	0.9658	-	0.5048
1	17890941	17896720	5779	ALE	0.9989	-	0.6870
1	17894119	17901383	7264	DEL	0.8825	-	0.7227
1	17898755	17903670	4915	ALE	0.9975	-	0.7968
1	17903878	17909930	6052	TORK	0.9678	-	0.8395
1	17909774	17916735	6961	TORK	0.9935	-	0.3230
1	17915726	17921033	5307	ORYCO	0.9772	-	0.4165
1	17919618	17924396	4778	REINA	0.9843	-	0.9880
1	17922516	17927269	4753	REINA	0.9137	-	0.6546
1	17919618	17924396	4778	REINA	0.9843	-	0.3755
1	17922516	17927269	4753	REINA	0.9137	-	0.6546
1	17927285	17933237	5952	BIANCA	0.9815	-	0.3485
1	17931050	17937056	6006	ALE	0.9972	-	0.9986
1	17935434	17939742	4308	ALE	0.9888	-	0.2276
1	17937418	17943668	6250	ALE	0.9978	-	0.4502
1	17942400	17947500	5100	ALE	0.7957	-	0.8517
1	17944601	17953378	8777	SIRE	0.9801	-	0.6719
1	17952075	17959434	7359	ATHILA	0.9839	-	0.2812
1	17959883	17965408	5525	ALE	0.9896	-	0.5594
1	17959883	17965408	5525	ALE	0.9896	-	0.8236
1	17966492	17971216	4724	BIANCA	0.9884	-	0.9759
1	17971821	17977421	5600	ALE	0.9986	-	0.5837
1	17976026	17981682	5656	TORK	0.9825	-	0.4517
1	17979392	17984300	4908	ALE	0.9599	-	0.9135
1	17982844	17991169	8325	DEL	0.9266	-	0.4596
1	17989513	17996477	6964	TORK	0.9934	-	0.5496
1	17995495	18000782	5287	ALE	0.9835	-	0.9405
1	17998619	18004461	5842	ALE	0.9744	-	0.8985
1	18002905	18009264	6359	ALE	0.9967	-	0.9706
1	17998619	18004461	5842	ALE	0.9744	-	0.8020
1	18002905	18009264	6359	ALE	0.9967	-	0.9706
1	18007946	18013343	5397	ALE	0.9975	-	0.9820
1	18012930	18018061	5131	ALE	0.9985	-	0.8746
1	18015708	18022318	6610	ALE	0.9982	-	0.9886
1	18019984	18025781	5797	ALE	0.9914	-	0.9911
1	18026122	18032428	6306	ALE	0.9992	-	0.9824
1	18031274	18036329	5055	ALE	0.9565	-	0.5364
1	18033393	18042194	8801	ATHILA	0.9860	-	0.6639
1	18041916	18047003	5087	ALE	0.9977	-	0.9487
1	18041916	18047003	5087	ALE	0.9977	-	0.9487
1	18047458	18053247	5789	ALE	0.9975	-	0.6587
1	18051021	18056894	5873	ALE	0.9965	-	0.7328
1	18054887	18060245	5358	ALE	0.9889	-	0.4167
1	18058504	18063621	5117	TORK	0.9223	-	0.8624
1	18060490	18069267	8777	BIANCA	0.9974	-	0.6025
1	18067742	18077253	9511	TAT	0.9928	-	0.4171
1	18074453	18079759	5306	BIANCA	0.9663	-	0.2863
1	18077581	18083826	6245	TORK	0.8774	-	0.7057
1	18081779	18086737	4958	ALE	0.9982	-	0.5135
1	18085076	18090557	5481	TORK	0.8925	-	0.3747
1	18081779	18086737	4958	ALE	0.9982	-	0.5135
1	18085076	18090557	5481	TORK	0.8925	-	0.3747
1	18088725	18093903	5178	ALE	0.9746	-	0.4846
1	18093604	18099322	5718	ALE	0.9929	-	0.7830
1	18097460	18102423	4963	ALE	0.9897	-	0.9915
1	18103821	18109550	5729	ALE	0.9975	-	0.7964
1	18110907	18116120	5213	ALE	0.9908	-	0.3091
1	18114126	18119634	5508	ALE	0.9921	-	0.5001
1	18117407	18122702	5295	BIANCA	0.9930	-	0.7596
1	18122959	18128175	5216	ALE	0.9974	-	0.4869
1	18122959	18128175	5216	ALE	0.9974	-	0.4869
1	18126759	18131802	5043	TORK	0.8490	-	0.9458
1	18129334	18135315	5981	ALE	0.9989	-	0.7436
1	18134689	18142837	8148	ATHILA	0.8704	-	0.4856
1	18142659	18148120	5461	ALE	0.9611	-	0.4698
1	18147140	18152527	5387	ALE	0.9856	-	0.7668
1	18151638	18156951	5313	BIANCA	0.9169	-	0.4751
1	18156084	18161816	5732	TORK	0.9961	-	0.8250
1	18161359	18166789	5430	ALE	0.9994	-	0.6115
1	18161359	18166789	5430	ALE	0.9994	-	0.6115
1	18166198	18172866	6668	ALE	0.9968	-	0.5393
1	18171950	18176889	4939	CRM	0.9744	-	0.8979
1	18176718	18181651	4933	ALE	0.9991	-	0.6196
1	18180448	18185718	5270	ALE	0.9840	-	0.9649
1	18184744	18190438	5694	BIANCA	0.9936	-	0.5511
1	18188268	18193074	4806	ALE	0.8651	-	0.6071
1	18191552	18197240	5688	ALE	0.9990	-	0.9061
1	18195546	18200965	5419	ALE	0.9889	-	0.7019
1	18198716	18203685	4969	BIANCA	0.7722	-	0.8163
1	18201673	18206888	5215	ALE	0.9954	-	0.4977
1	18205108	18210818	5710	TORK	0.9623	-	0.4904
1	18198716	18203685	4969	BIANCA	0.7722	-	0.9950
1	18201673	18206888	5215	ALE	0.9954	-	0.4977
1	18205108	18210818	5710	TORK	0.9623	-	0.4904
1	18208654	18214642	5988	REINA	0.9986	-	0.5907
1	18212034	18218276	6242	ALE	0.9169	-	0.5218
1	18218791	18224421	5630	TORK	0.9560	-	0.9910
1	18221126	18231588	10462	DEL	0.9979	-	0.5461
1	18229486	18235670	6184	ALE	0.9987	-	0.4930
1	18235111	18240616	5505	ALE	0.9913	-	0.5144
1	18239594	18244387	4793	ALE	0.9837	-	0.8000
1	18243538	18248642	5104	ALE	0.9900	-	0.7474
1	18246266	18252139	5873	ALE	0.9882	-	0.4907
1	18239594	18244387	4793	ALE	0.9837	-	0.5952
1	18243538	18248642	5104	ALE	0.9900	-	0.7474
1	18249876	18258774	8898	DEL	0.9183	-	0.3439
1	18256618	18262606	5988	ALE	0.9978	-	0.4211
1	18259781	18268642	8861	DEL	0.9690	-	0.6595
1	18267442	18272975	5533	ALE	0.9962	-	0.6458
1	18270725	18275681	4956	TORK	0.8000	-	0.9252
1	18273850	18278200	4350	BIANCA	0.9934	-	0.9884
1	18279716	18283912	4196	ALE	0.9818	-	0.9721
1	18282149	18287539	5390	ALE	0.9933	-	0.9994
1	18279716	18283912	4196	ALE	0.9818	-	0.9214
1	18282149	18287539	5390	ALE	0.9933	-	0.9994
1	18287212	18292867	5655	ALE	0.9982	-	0.3035
1	18293663	18299078	5415	ALE	0.9941	-	0.8862
1	18298014	18303112	5098	ALE	0.9988	-	0.8162
1	18301104	18306654	5550	TORK	0.9861	-	0.6020
1	18304717	18309016	4299	ALE	0.9274	-	0.9629
1	18307307	18312638	5331	ALE	0.9918	-	0.8973
1	18312991	18318329	5338	ALE	0.9975	-	0.4635
1	18317444	18322553	5109	ALE	0.9852	-	0.5711
1	18322833	18327476	4643	ALE	0.9890	-	0.9176
1	18322833	18327476	4643	ALE	0.9890	-	0.9176
1	18327965	18333229	5264	ALE	0.9846	-	0.9470
1	18331197	18337080	5883	TORK	0.8396	-	0.9463
1	18335486	18341933	6447	TORK	0.9839	-	0.6646
1	18341549	18347337	5788	BIANCA	0.9879	-	0.7368
1	18347706	18353195	5489	ALE	0.9889	-	0.7692
1	18352993	18359636	6643	TORK	0.9881	-	0.3924
1	18357757	18362908	5151	ALE	0.9974	-	0.6232
1	18361455	18367321	5866	TORK	0.8912	-	0.8025
1	18364849	18370393	5544	TORK	0.9872	-	0.9840
1	18361455	18367321	5866	TORK	0.8912	-	0.8025
1	18364849	18370393	5544	TORK	0.9872	-	0.9840
1	18370274	18375857	5583	ALE	0.9969	-	0.4935
1	18374332	18379524	5192	ALE	0.9427	-	0.7188
1	18378389	18383827	5438	ALE	0.9840	-	0.5181
1	18383669	18389046	5377	ALE	0.9909	-	0.8617
1	18388277	18393745	5468	ALE	0.9636	-	0.3324
1	18392037	18397287	5250	ALE	0.9904	-	0.9410
1	18395952	18401453	5501	ALE	0.9958	-	0.8633
1	18403126	18408828	5702	ALE	0.9877	-	0.5545
1	18403126	18408828	5702	ALE	0.9877	-	0.5545
1	18406765	18412338	5573	ALE	0.9959	-	0.7944
1	18411027	18420179	9152	SIRE	0.9962	-	0.3815
1	18420165	18424856	4691	ALE	0.9967	-	0.7088
1	18424784	18430013	5229	ALE	0.9775	-	0.5119
1	18428188	18433510	5322	ALE	0.9655	-	0.7506
1	18431716	18437322	5606	ALE	0.9996	-	0.9869
1	18437108	18441743	4635	ALE	0.9975	-	0.5136
1	18440349	18446711	6362	ALE	0.9994	-	0.5195
1	18444481	18449499	5018	ALE	0.9740	-	0.8958
1	18440349	18446711	6362	ALE	0.9994	-	0.6475
1	18444481	18449499	5018	ALE	0.9740	-	0.8958
1	18447361	18452795	5434	ALE	0.9910	-	0.9238
1	18452482	18456963	4481	TORK	0.8994	-	0.5432
1	18455787	18461897	6110	ALE	0.9954	-	0.6604
1	18462849	18468858	6009	ALE	0.9968	-	0.3939
1	18466695	18471905	5210	ALE	0.9637	-	0.9125
1	18469702	18474883	5181	REINA	0.9533	-	0.8751
1	18473869	18480427	6558	BIANCA	0.9055	-	0.9860
1	18478861	18483989	5128	ALE	0.9970	-	0.4868
1	18482189	18487649	5460	ALE	0.9884	-	0.6891
1	18478861	18483989	5128	ALE	0.9970	-	0.8852
1	18482189	18487649	5460	ALE	0.9884	-	0.6891
1	18486403	18491447	5044	ALE	0.9881	-	0.9323
1	18489357	18495111	5754	ALE	0.9994	-	0.9959
1	18494548	18500199	5651	ALE	0.9926	-	0.7520
1	18499480	18505843	6363	ALE	0.9682	-	0.6287
1	18504663	18509692	5029	ALE	0.9892	-	0.7031
1	18507644	18512750	5106	TORK	0.9703	-	0.4920
1	18512487	18517108	4621	ALE	0.9353	-	0.4450
1	18515253	18521412	6159	ALE	0.9944	-	0.3846
1	18519668	18524336	4668	ALE	0.9673	-	0.5510
1	18522360	18527617	5257	TORK	0.9954	-	0.7095
1	18519668	18524336	4668	ALE	0.9673	-	0.8398
1	18522360	18527617	5257	TORK	0.9954	-	0.7095
1	18528584	18534216	5632	ALE	0.9972	-	0.5053
1	18534322	18541231	6909	DEL	0.9630	-	0.8787
1	18538764	18543571	4807	ALE	0.9989	-	0.9397
1	18542721	18547494	4773	ALE	0.9176	-	0.6268
1	18545868	18550939	5071	REINA	0.9940	-	0.3858
1	18552388	18557923	5535	ALE	0.9865	-	0.9658
1	18558251	18563922	5671	TORK	0.9937	-	0.5153
1	18561750	18566823	5073	TORK	0.9193	-	0.7792
1	18563581	18573148	9567	ATHILA	0.9922	-	0.6672
1	18561750	18566823	5073	TORK	0.9193	-	0.7792
1	18563581	18573148	9567	ATHILA	0.9922	-	0.6672
1	18570389	18575513	5124	ALE	0.9909	-	0.9854
1	18574082	18579338	5256	ALE	0.9904	-	0.4498
1	18578850	18585242	6392	ALE	0.9970	-	0.4930
1	18583412	18588760	5348	TORK	0.7195	-	0.4716
1	18586295	18591905	5610	ALE	0.9983	-	0.3432
1	18589521	18595705	6184	TORK	0.7082	-	0.7868
1	18593230	18598128	4898	ALE	0.9934	-	0.6244
1	18597677	18603584	5907	ALE	0.9990	-	0.7692
1	18601798	18606753	4955	BIANCA	0.7801	-	0.9966
1	18604739	18610214	5475	ALE	0.9806	-	0.5182
1	18601798	18606753	4955	BIANCA	0.7801	-	0.9966
1	18604739	18610214	5475	ALE	0.9806	-	0.5182
1	18608496	18614492	5996	BIANCA	0.9938	-	0.3900
1	18611440	18619120	7680	TAT	0.7210	-	0.6886
1	18616244	18621180	4936	ALE	0.9939	-	0.6881
1	18620322	18625676	5354	TORK	0.9970	-	0.9536
1	18623868	18629284	5416	TORK	0.9881	-	0.7726
1	18630447	18634753	4306	ALE	0.9759	-	0.4737
1	18634697	18639822	5125	ALE	0.9939	-	0.9644
1	18640619	18646252	5633	ALE	0.9994	-	0.4111
1	18643700	18650515	6815	ALE	0.9954	-	0.2862
1	18640619	18646252	5633	ALE	0.9994	-	0.4567
1	18643700	18650515	6815	ALE	0.9954	-	0.2862
1	18648390	18654157	5767	BIANCA	0.9975	-	0.5810
1	18654619	18661462	6843	DEL	0.9954	-	0.9672
1	18659374	18664714	5340	ALE	0.8549	-	0.3014
1	18663347	18669518	6171	ALE	0.9955	-	0.5383
1	18668166	18673083	4917	ALE	0.7862	-	0.7028
1	18670673	18676223	5550	BIANCA	0.9988	-	0.9629
1	18675219	18680252	5033	ALE	0.9930	-	0.5675
1	18678326	18683314	4988	ALE	0.9843	-	0.8936
1	18680863	18686755	5892	TORK	0.8409	-	0.9690
1	18684431	18690478	6047	TORK	0.9879	-	0.3416
1	18680863	18686755	5892	TORK	0.8409	-	0.9753
1	18684431	18690478	6047	TORK	0.9879	-	0.3416
1	18688771	18694414	5643	ALE	0.9823	-	0.8140
1	18692533	18698611	6078	TORK	0.9937	-	0.6711
1	18698662	18704287	5625	ALE	0.9967	-	0.3505
1	18703310	18709973	6663	BIANCA	0.9990	-	0.9327
1	18710484	18716560	6076	ALE	0.9995	-	0.8775
1	18715018	18720648	5630	ALE	0.9955	-	0.3185
1	18718177	18723380	5203	ALE	0.9955	-	0.4421
1	18721367	18727483	6116	ALE	0.7629	-	0.4665
1	18725634	18730495	4861	ALE	0.9707	-	0.4026
1	18721367	18727483	6116	ALE	0.7629	-	0.4665
1	18725634	18730495	4861	ALE	0.9707	-	0.4026
1	18732159	18738185	6026	ALE	0.9971	-	0.7739
1	18736851	18741655	4804	ALE	0.9470	-	0.5145
1	18741493	18748049	6556	ORYCO	0.9993	-	0.9006
1	18745587	18750640	5053	ALE	0.9829	-	0.9573
1	18749692	18755422	5730	ALE	0.9980	-	0.2795
1	18754403	18760626	6223	TORK	0.9828	-	0.9250
1	18760338	18765542	5204	ALE	0.9971	-	0.9189
1	18760338	18765542	5204	ALE	0.9971	-	0.7570
1	18766510	18771727	5217	ALE	0.9985	-	0.9709
1	18769545	18777515	7970	DEL	0.9712	-	0.9874
1	18775217	18781574	6357	ALE	0.9993	-	0.4828
1	18781585	18787421	5836	ALE	0.9975	-	0.7169
1	18788036	18792883	4847	ALE	0.9873	-	0.3266
1	18793148	18798645	5497	ALE	0.9723	-	0.4324
1	18797452	18802460	5008	BIANCA	0.9916	-	0.7121
1	18802486	18807553	5067	ALE	0.9899	-	0.7307
1	18802486	18807553	5067	ALE	0.9899	-	0.7307
1	18806620	18812200	5580	ALE	0.9979	-	0.4353
1	18810682	18816059	5377	ALE	0.9937	-	0.9627
1	18815799	18822198	6399	ALE	0.9988	-	0.6829
1	18820255	18826107	5852	ALE	0.9675	-	0.4236
1	18824189	18828876	4687	ALE	0.9843	-	0.7363
1	18826987	18832658	5671	TORK	0.9820	-	0.3610
1	18830643	18835740	5097	ALE	0.9925	-	0.3916
1	18835653	18840422	4769	ALE	0.9976	-	0.6198
1	18840159	18844967	4808	ALE	0.9970	-	0.4696
1	18843884	18847334	3450	ALE	0.7367	-	0.7983
1	18845448	18850831	5383	ALE	0.9890	-	0.4441
1	18840159	18844967	4808	ALE	0.9970	-	0.4180
1	18843884	18847334	3450	ALE	0.7367	-	0.7983
1	18845448	18850831	5383	ALE	0.9890	-	0.4441
1	18849025	18854810	5785	TORK	0.9895	-	0.4402
1	18853369	18858297	4928	TORK	0.9591	-	0.7799
1	18856254	18862972	6718	ALE	0.9995	-	0.4190
1	18860892	18866003	5111	REINA	0.9985	-	0.7153
1	18867113	18873091	5978	ALE	0.9974	-	0.5305
1	18871399	18878026	6627	REINA	0.9989	-	0.8517
1	18875334	18882123	6789	ALE	0.9981	-	0.6371
1	18882326	18888219	5893	ALE	0.9987	-	0.7651
1	18882326	18888219	5893	ALE	0.9987	-	0.7651
1	18886208	18891622	5414	ALE	0.9222	-	0.8064
1	18890007	18895574	5567	ALE	0.9911	-	0.6432
1	18893578	18899370	5792	BIANCA	0.9915	-	0.3384
1	18898506	18905168	6662	ALE	0.9914	-	0.8995
1	18904839	18909916	5077	ALE	0.9947	-	0.5559
1	18908214	18913805	5591	TORK	0.9980	-	0.4905
1	18911626	18916610	4984	ALE	0.9883	-	0.8988
1	18914345	18919545	5200	ALE	0.9696	-	0.6997
1	18917413	18922345	4932	ALE	0.9577	-	0.8724
1	18922176	18927139	4963	ALE	0.9926	-	0.6701
1	18922176	18927139	4963	ALE	0.9926	-	0.6701
1	18927560	18932492	4932	ALE	0.9967	-	0.3575
1	18931723	18936909	5186	ALE	0.9753	-	0.9016
1	18934977	18940952	5975	REINA	0.8011	-	0.6498
1	18939138	18944562	5424	ALE	0.9709	-	0.4194
1	18943706	18949787	6081	TORK	0.9796	-	0.9385
1	18950122	18956248	6126	ALE	0.9995	-	0.8687
1	18955297	18960224	4927	ALE	0.9790	-	0.8713
1	18958373	18964684	6311	ALE	0.9976	-	0.8162
1	18960466	18973431	12965	TAT	0.8726	-	0.8465
1	18960466	18973431	12965	TAT	0.8726	-	0.8260
1	18969419	18974291	4872	ALE	0.9919	-	0.9999
1	18972653	18978441	5788	ALE	0.9935	-	0.3351
1	18976559	18982095	5536	TORK	0.9451	-	0.4743
1	18980777	18985958	5181	ALE	0.9984	-	0.8767
1	18986962	18991753	4791	ALE	0.8939	-	0.7631
1	18990076	18996495	6419	ALE	0.9997	-	0.5449
1	18994841	19002142	7301	ALE	0.9934	-	0.3903
1	19000011	19004740	4729	ALE	0.9478	-	0.7955
1	19001906	19010425	8519	TORK	0.9611	-	0.9696
1	19000011	19004740	4729	ALE	0.9478	-	0.9248
1	19001906	19010425	8519	TORK	0.9611	-	0.9696
1	19008378	19013809	5431	ALE	0.9961	-	0.5279
1	19012297	19017443	5146	ALE	0.9973	-	0.3496
1	19015170	19020109	4939	TORK	0.9118	-	0.3588
1	19019623	19024766	5143	ALE	0.9937	-	0.6254
1	19023960	19029893	5933	ALE	0.9693	-	0.9066
1	19027705	19031540	3835	ALE	0.9102	-	0.9828
1	19029876	19035294	5418	ALE	0.9973	-	0.9993
1	19033061	19038308	5247	REINA	0.9808	-	0.9979
1	19037900	19043120	5220	TORK	0.9947	-	0.8379
1	19042578	19046949	4371	ALE	0.9973	-	0.7134
1	19042578	19046949	4371	ALE	0.9973	-	0.7134
1	19044783	19055609	10826	ATHILA	0.9904	-	0.9281
1	19053275	19057928	4653	ALE	0.9390	-	0.6790
1	19056605	19063328	6723	REINA	0.9983	-	0.8291
1	19061536	19066412	4876	BIANCA	0.9825	-	0.8900
1	19063816	19070266	6450	ALE	0.9904	-	0.9608
1	19070355	19075480	5125	ALE	0.9881	-	0.9621
1	19073295	19078646	5351	TORK	0.9992	-	0.6730
1	19076648	19082521	5873	ALE	0.7257	-	0.8689
1	19080158	19085270	5112	ALE	0.9927	-	0.7095
1	19083036	19088029	4993	ALE	0.8719	-	0.9969
1	19085635	19091711	6076	ALE	0.9991	-	0.4857
1	19080158	19085270	5112	ALE	0.9927	-	0.8409
1	19083036	19088029	4993	ALE	0.8719	-	0.9969
1	19085635	19091711	6076	ALE	0.9991	-	0.4857
1	19091609	19096636	5027	ALE	0.9976	-	0.3404
1	19095424	19101219	5795	ALE	0.9981	-	0.8187
1	19098683	19104070	5387	TORK	0.9542	-	0.5216
1	19103638	19107977	4339	ALE	0.9141	-	0.4333
1	19106030	19111635	5605	ALE	0.9893	-	0.9198
1	19110132	19114795	4663	ALE	0.9774	-	0.5966
1	19113342	19118104	4762	ALE	0.9972	-	0.7399
1	19117615	19122354	4739	ALE	0.9894	-	0.4519
1	19120429	19125518	5089	REINA	0.8500	-	0.8727
1	19122074	19131996	9922	SIRE	0.9926	-	0.6061
1	19120429	19125518	5089	REINA	0.8500	-	0.9717
1	19122074	19131996	9922	SIRE	0.9926	-	0.6061
1	19129368	19134859	5491	TORK	0.9486	-	0.6870
1	19132564	19137483	4919	ALE	0.9905	-	0.8283
1	19136307	19142174	5867	TORK	0.9908	-	0.9765
1	19140522	19146418	5896	ALE	0.9888	-	0.5019
1	19144368	19150171	5803	ALE	0.9993	-	0.4103
1	19149664	19155347	5683	TORK	0.9811	-	0.6799
1	19156320	19161593	5273	ALE	0.9965	-	0.6894
1	19159757	19164995	5238	TORK	0.8114	-	0.7467
1	19162877	19167884	5007	TORK	0.9920	-	0.6069
1	19159757	19164995	5238	TORK	0.8114	-	0.9654
1	19162877	19167884	5007	TORK	0.9920	-	0.6069
1	19166182	19172230	6048	REINA	0.9745	-	0.8613
1	19170907	19175956	5049	TORK	0.9386	-	0.5924
1	19173804	19179467	5663	ALE	0.9969	-	0.9697
1	19176982	19182322	5340	TORK	0.9965	-	0.2684
1	19181306	19186602	5296	ALE	0.9953	-	0.7305
1	19185783	19191891	6108	TORK	0.9307	-	0.9911
1	19189633	19195463	5830	ALE	0.9980	-	0.2682
1	19195200	19199896	4696	TORK	0.9833	-	0.3132
1	19199512	19204393	4881	ALE	0.9739	-	0.9061
1	19202292	19206574	4282	ALE	0.9972	-	0.7764
1	19199512	19204393	4881	ALE	0.9739	-	0.6000
1	19202292	19206574	4282	ALE	0.9972	-	0.7764
1	19206449	19210780	4331	BIANCA	0.9196	-	0.5006
1	19208367	19215196	6829	ALE	0.9987	-	0.6952
1	19213465	19218420	4955	ORYCO	0.9691	-	0.7052
1	19219045	19224243	5198	ALE	0.9953	-	0.9695
1	19222599	19227376	4777	TORK	0.9188	-	0.6076
1	19225602	19230341	4739	ALE	0.9794	-	0.8455
1	19229115	19234368	5253	ALE	0.9943	-	0.6060
1	19233110	19238494	5384	ALE	0.9854	-	0.5763
1	19236329	19241642	5313	TORK	0.9912	-	0.9830
1	19240322	19245592	5270	ALE	0.9955	-	0.7759
1	19244600	19249859	5259	ALE	0.9935	-	0.8769
1	19240322	19245592	5270	ALE	0.9955	-	0.4582
1	19244600	19249859	5259	ALE	0.9935	-	0.8769
1	19248505	19254280	5775	TORK	0.9616	-	0.6504
1	19251752	19257792	6040	ALE	0.9759	-	0.5516
1	19257245	19262413	5168	ALE	0.9739	-	0.5030
1	19262334	19267409	5075	ALE	0.9952	-	0.7740
1	19265456	19271138	5682	BIANCA	0.9809	-	0.4030
1	19271517	19277070	5553	ALE	0.9938	-	0.4443
1	19275122	19279715	4593	ALE	0.9969	-	0.6299
1	19279062	19285383	6321	ALE	0.9953	-	0.9637
1	19282814	19288544	5730	ALE	0.9977	-	0.4487
1	19279062	19285383	6321	ALE	0.9953	-	0.9246
1	19282814	19288544	5730	ALE	0.9977	-	0.4487
1	19286758	19291834	5076	TORK	0.9349	-	0.6384
1	19289652	19294885	5233	ALE	0.9946	-	0.7476
1	19292936	19298477	5541	ALE	0.9910	-	0.6525
1	19298864	19304717	5853	ORYCO	0.9979	-	0.9482
1	19303424	19309024	5600	ALE	0.9963	-	0.8175
1	19306836	19311437	4601	ALE	0.9967	-	0.7819
1	19311072	19316362	5290	REINA	0.9878	-	0.9915
1	19314779	19319542	4763	ALE	0.9893	-	0.9829
1	19319181	19324638	5457	ALE	0.9982	-	0.4231
1	19324248	19329920	5672	ALE	0.9966	-	0.8928
1	19319181	19324638	5457	ALE	0.9982	-	0.3410
1	19324248	19329920	5672	ALE	0.9966	-	0.8928
1	19327377	19333091	5714	ALE	0.9985	-	0.9156
1	19333647	19339318	5671	BIANCA	0.9977	-	0.7650
1	19337651	19344828	7177	TORK	0.9366	-	0.4180
1	19343804	19349019	5215	TORK	0.9877	-	0.4019
1	19349163	19354612	5449	ALE	0.9891	-	0.2624
1	19354588	19359996	5408	ALE	0.9986	-	0.6925
1	19360700	19366016	5316	ALE	0.9994	-	0.7977
1	19360700	19366016	5316	ALE	0.9994	-	0.7689
1	19366669	19372782	6113	ALE	0.9621	-	0.9637
1	19371302	19376709	5407	ALE	0.9975	-	0.5343
1	19374573	19379583	5010	ALE	0.9968	-	0.9813
1	19379200	19386227	7027	ALE	0.9985	-	0.2588
1	19383359	19388796	5437	ALE	0.9968	-	0.3932
1	19387377	19392916	5539	ALE	0.9995	-	0.8422
1	19390932	19396446	5514	ALE	0.9973	-	0.7675
1	19396527	19401772	5245	ALE	0.9990	-	0.8067
1	19399375	19404763	5388	ALE	0.9888	-	0.9598
1	19402589	19407763	5174	TORK	0.9950	-	0.7502
1	19399375	19404763	5388	ALE	0.9888	-	0.5285
1	19402589	19407763	5174	TORK	0.9950	-	0.7502
1	19406431	19411416	4985	ALE	0.9722	-	0.9973
1	19410677	19414982	4305	ALE	0.9333	-	0.5938
1	19413747	19420227	6480	ALE	0.9974	-	0.6335
1	19420527	19427466	6939	ALE	0.9986	-	0.5202
1	19425440	19431299	5859	ALE	0.9702	-	0.9600
1	19429360	19434621	5261	ALE	0.9969	-	0.5844
1	19432483	19437740	5257	ALE	0.9804	-	0.9737
1	19436951	19442313	5362	BIANCA	0.9920	-	0.4162
1	19442237	19448224	5987	ALE	0.9957	-	0.8143
1	19442237	19448224	5987	ALE	0.9957	-	0.8143
1	19445402	19452580	7178	DEL	0.8785	-	0.7241
1	19450593	19456324	5731	ALE	0.9854	-	0.5721
1	19456725	19462086	5361	ALE	0.9973	-	0.9788
1	19460049	19465811	5762	TORK	0.9925	-	0.9916
1	19464758	19469627	4869	ALE	0.9947	-	0.8683
1	19470684	19475792	5108	ALE	0.9984	-	0.6364
1	19473467	19479405	5938	TORK	0.9887	-	0.5192
1	19477055	19483239	6184	REINA	0.9962	-	0.5051
1	19481961	19488877	6916	ALE	0.9998	-	0.8527
1	19481961	19488877	6916	ALE	0.9998	-	0.8527
1	19486779	19491907	5128	ALE	0.9899	-	0.6725
1	19491564	19497763	6199	REINA	0.9949	-	0.6649
1	19495330	19500873	5543	ALE	0.9834	-	0.6138
1	19501114	19507178	6064	ALE	0.9989	-	0.8593
1	19504598	19510528	5930	TORK	0.9443	-	0.6713
1	19509545	19515136	5591	BIANCA	0.9990	-	0.9345
1	19517792	19523286	5494	ALE	0.9984	-	0.8317
1	19521092	19526646	5554	ALE	0.9908	-	0.3979
1	19524653	19530372	5719	ALE	0.9973	-	0.3581
1	19521092	19526646	5554	ALE	0.9908	-	0.3903
1	19524653	19530372	5719	ALE	0.9973	-	0.3581
1	19529382	19535739	6357	ALE	0.9997	-	0.6631
1	19533249	19539185	5936	ALE	0.9989	-	0.6302
1	19537644	19543112	5468	TORK	0.9836	-	0.3458
1	19542032	19547406	5374	TORK	0.9371	-	0.4427
1	19545507	19550658	5151	ALE	0.9876	-	0.4437
1	19549282	19554817	5535	ALE	0.9828	-	0.9909
1	19554722	19560347	5625	ALE	0.9988	-	0.9952
1	19559126	19564698	5572	TORK	0.9956	-	0.7436
1	19563475	19567955	4480	TORK	0.9090	-	0.7990
1	19565741	19571860	6119	ALE	0.9946	-	0.4735
1	19559126	19564698	5572	TORK	0.9956	-	0.4722
1	19563475	19567955	4480	TORK	0.9090	-	0.7990
1	19565741	19571860	6119	ALE	0.9946	-	0.4735
1	19569339	19575174	5835	REINA	0.9857	-	0.7644
1	19572825	19579512	6687	TORK	0.9974	-	0.9732
1	19578028	19583186	5158	ALE	0.9805	-	0.8003
1	19583035	19589422	6387	REINA	0.9996	-	0.8568
1	19589105	19594954	5849	ALE	0.9814	-	0.9144
1	19593853	19599485	5632	BIANCA	0.9891	-	0.8775
1	19597151	19602230	5079	ALE	0.9825	-	0.5396
1	19602191	19608364	6173	ALE	0.9994	-	0.8168
1	19602191	19608364	6173	ALE	0.9994	-	0.8168
1	19606424	19611496	5072	TORK	0.9287	-	0.9597
1	19610059	19615402	5343	TORK	0.9820	-	0.5840
1	19613136	19618835	5699	BIANCA	0.7482	-	0.9563
1	19616628	19621878	5250	ALE	0.9990	-	0.7479
1	19622192	19627698	5506	ALE	0.9974	-	0.8176
1	19626534	19632405	5871	ALE	0.9947	-	0.5776
1	19632169	19638106	5937	ALE	0.9984	-	0.8718
1	19636508	19642782	6274	ALE	0.9829	-	0.7771
1	19639659	19647467	7808	SIRE	0.9929	-	0.7038
1	19644493	19649694	5201	REINA	0.8052	-	0.4706
1	19639659	19647467	7808	SIRE	0.9929	-	0.9491
1	19644493	19649694	5201	REINA	0.8052	-	0.4706
1	19646286	19656455	10169	TORK	0.9958	-	0.4549
1	19654101	19659774	5673	GALADRIEL	0.9909	-	0.9895
1	19659338	19665394	6056	REINA	0.9838	-	0.4105
1	19663285	19668755	5470	ALE	0.9954	-	0.6965
1	19667963	19673232	5269	ORYCO	0.9960	-	0.4517
1	19671759	19677529	5770	ALE	0.9958	-	0.7001
1	19675060	19681308	6248	TORK	0.9026	-	0.9806
1	19679200	19684956	5756	ALE	0.9806	-	0.6147
1	19683352	19688537	5185	ORYCO	0.9995	-	0.9834
1	19679200	19684956	5756	ALE	0.9806	-	0.9046
1	19683352	19688537	5185	ORYCO	0.9995	-	0.9834
1	19688139	19694698	6559	ALE	0.9985	-	0.5426
1	19693196	19698571	5375	ALE	0.9936	-	0.7105
1	19697102	19701855	4753	ALE	0.9900	-	0.9280
1	19701464	19707825	6361	ALE	0.9993	-	0.9660
1	19706109	19712771	6662	REINA	0.9994	-	0.8217
1	19710458	19715772	5314	TORK	0.9715	-	0.9706
1	19713936	19719196	5260	ALE	0.9983	-	0.5771
1	19717057	19722693	5636	ALE	0.9917	-	0.9623
1	19722479	19727667	5188	ALE	0.9928	-	0.9435
1	19722479	19727667	5188	ALE	0.9928	-	0.9435
1	19726646	19732324	5678	ALE	0.9981	-	0.9733
1	19731984	19737070	5086	ALE	0.9602	-	0.9949
1	19734733	19745752	11019	SIRE	0.9825	-	0.9942
1	19742610	19747698	5088	ALE	0.9956	-	0.5741
1	19746585	19752394	5809	ALE	0.9964	-	0.4619
1	19751146	19756271	5125	ALE	0.9728	-	0.9244
1	19754496	19760197	5701	REINA	0.9962	-	0.9121
1	19758972	19764650	5678	ALE	0.9903	-	0.9585
1	19762232	19767815	5583	BIANCA	0.9324	-	0.2460
1	19758972	19764650	5678	ALE	0.9903	-	0.9600
1	19762232	19767815	5583	BIANCA	0.9324	-	0.2460
1	19767505	19773195	5690	ALE	0.9967	-	0.5803
1	19770725	19779386	8661	ATHILA	0.9828	-	0.7892
1	19779143	19785593	6450	ORYCO	0.9929	-	0.5622
1	19785454	19790415	4961	ORYCO	0.9955	-	0.9898
1	19789397	19793912	4515	ALE	0.9145	-	0.9120
1	19791716	19797815	6099	ALE	0.9726	-	0.6289
1	19795399	19801291	5892	ALE	0.9987	-	0.5147
1	19800014	19805771	5757	ALE	0.9993	-	0.4944
1	19804140	19809487	5347	TORK	0.9783	-	0.8668
1	19800014	19805771	5757	ALE	0.9993	-	0.5605
1	19804140	19809487	5347	TORK	0.9783	-	0.8668
1	19808231	19813249	5018	ALE	0.9933	-	0.5518
1	19812013	19816893	4880	TORK	0.9854	-	0.3839
1	19816401	19822026	5625	ALE	0.9946	-	0.9793
1	19821639	19826963	5324	ALE	0.9985	-	0.9318
1	19827722	19833651	5929	ALE	0.9985	-	0.9931
1	19831360	19837472	6112	ALE	0.9851	-	0.6929
1	19835462	19841452	5990	ALE	0.9803	-	0.3475
1	19838994	19843865	4871	ORYCO	0.9924	-	0.4153
1	19841726	19846426	4700	ALE	0.8378	-	0.6436
1	19838994	19843865	4871	ORYCO	0.9924	-	0.6733
1	19841726	19846426	4700	ALE	0.8378	-	0.6436
1	19845882	19855880	9998	SIRE	0.9784	-	0.4274
1	19852593	19858047	5454	TORK	0.9665	-	0.6359
1	19854908	19863097	8189	DEL	0.9970	-	0.9544
1	19862547	19867260	4713	REINA	0.9033	-	0.5201
1	19865008	19870551	5543	ALE	0.9976	-	0.9480
1	19871010	19876036	5026	ORYCO	0.9958	-	0.6739
1	19875047	19880607	5560	ALE	0.9884	-	0.9109
1	19880312	19886127	5815	REINA	0.9879	-	0.9459
1	19885087	19890486	5399	ALE	0.9964	-	0.8437
1	19880312	19886127	5815	REINA	0.9879	-	0.4932
1	19885087	19890486	5399	ALE	0.9964	-	0.8437
1	19890295	19895743	5448	BIANCA	0.9926	-	0.8446
1	19895614	19901456	5842	ORYCO	0.9862	-	0.9007
1	19899745	19905317	5572	ALE	0.9687	-	0.9934
1	19904725	19910867	6142	REINA	0.9993	-	0.8978
1	19908266	19914520	6254	TORK	0.8799	-	0.5075
1	19913131	19918823	5692	ALE	0.9969	-	0.9727
1	19917752	19922557	4805	TORK	0.9093	-	0.6525
1	19921496	19926217	4721	ALE	0.9444	-	0.9210
1	19924829	19930737	5908	TORK	0.9952	-	0.8109
1	19921496	19926217	4721	ALE	0.9444	-	0.9210
1	19924829	19930737	5908	TORK	0.9952	-	0.8109
1	19928637	19934903	6266	ALE	0.9993	-	0.8919
1	19933395	19938216	4821	ALE	0.9936	-	0.9295
1	19938689	19944721	6032	ALE	0.9698	-	0.9078
1	19942305	19947041	4736	ALE	0.9929	-	0.9834
1	19945103	19949763	4660	TORK	0.7075	-	0.5975
1	19948323	19953952	5629	REINA	0.9929	-	0.8242
1	19953368	19958475	5107	ALE	0.9966	-	0.5469
1	19959566	19965688	6122	TORK	0.9963	-	0.3204
1	19964004	19973073	9069	DEL	0.9749	-	0.5142
1	19959566	19965688	6122	TORK	0.9963	-	0.4031
1	19964004	19973073	9069	DEL	0.9749	-	0.5142
1	19970364	19976464	6100	ORYCO	0.9637	-	0.8837
1	19974167	19979508	5341	ALE	0.9971	-	0.6432
1	19979263	19986613	7350	ORYCO	0.9953	-	0.8557
1	19984812	19991654	6842	REINA	0.9807	-	0.5575
1	19990962	19997295	6333	ALE	0.9956	-	0.6819
1	19995985	20001248	5263	REINA	0.9809	-	0.8363
1	20000861	20006620	5759	BIANCA	0.9509	-	0.6550
1	20004440	20009831	5391	ALE	0.9795	-	0.9927
1	20000861	20006620	5759	BIANCA	0.9509	-	0.7337
1	20004440	20009831	5391	ALE	0.9795	-	0.9927
1	20007449	20013596	6147	ALE	0.9984	-	0.8600
1	20011622	20016158	4536	ALE	0.9949	-	0.7455
1	20018809	20024235	5426	ALE	0.9981	-	0.4698
1	20024274	20029517	5243	TORK	0.9866	-	0.8028
1	20029226	20034434	5208	ALE	0.9978	-	0.7706
1	20032536	20037659	5123	TORK	0.9406	-	0.9985
1	20035465	20040671	5206	ALE	0.9919	-	0.6242
1	20039142	20044641	5499	ALE	0.9920	-	0.9551
1	20043590	20049725	6135	ALE	0.9953	-	0.5788
1	20039142	20044641	5499	ALE	0.9920	-	0.8416
1	20043590	20049725	6135	ALE	0.9953	-	0.5788
1	20047885	20052965	5080	ALE	0.9394	-	0.5906
1	20052264	20057706	5442	ALE	0.9918	-	0.9978
1	20057310	20062612	5302	BIANCA	0.9713	-	0.9959
1	20060902	20067970	7068	REINA	0.9757	-	0.5367
1	20066583	20071830	5247	ALE	0.9232	-	0.8450
1	20069717	20078684	8967	DEL	0.9913	-	0.4752
1	20076984	20082322	5338	ALE	0.9937	-	0.9851
1	20079393	20087871	8478	SIRE	0.9665	-	0.3798
1	20084228	20092241	8013	TORK	0.9900	-	0.9498
1	20079393	20087871	8478	SIRE	0.9665	-	0.2842
1	20084228	20092241	8013	TORK	0.9900	-	0.9498
1	20091670	20097030	5360	REINA	0.9976	-	0.6024
1	20094022	20101831	7809	SIRE	0.9721	-	0.8443
1	20101537	20107067	5530	ALE	0.9795	-	0.5273
1	20106992	20113509	6517	ALE	0.9883	-	0.9442
1	20111658	20118401	6743	TORK	0.9780	-	0.8343
1	20116889	20123756	6867	ALE	0.9937	-	0.2863
1	20121635	20126707	5072	TORK	0.9980	-	0.7086
1	20125220	20130409	5189	ALE	0.9920	-	0.9864
1	20121635	20126707	5072	TORK	0.9980	-	0.7086
1	20125220	20130409	5189	ALE	0.9920	-	0.9864
1	20130053	20135171	5118	TORK	0.9730	-	0.6204
1	20134508	20139794	5286	ALE	0.9964	-	0.4394
1	20138437	20146734	8297	SIRE	0.9792	-	0.5975
1	20146407	20151357	4950	ALE	0.9944	-	0.8979
1	20149695	20154779	5084	ALE	0.9969	-	0.7698
1	20154513	20159965	5452	ALE	0.9969	-	0.6328
1	20159389	20164494	5105	ALE	0.9869	-	0.9068
1	20162020	20168066	6046	ALE	0.9991	-	0.4557
1	20159389	20164494	5105	ALE	0.9869	-	0.7658
1	20162020	20168066	6046	ALE	0.9991	-	0.4557
1	20166948	20172970	6022	ALE	0.9953	-	0.9855
1	20173667	20178067	4400	ALE	0.9871	-	0.9556
1	20176509	20184920	8411	SIRE	0.9886	-	0.9420
1	20182131	20186571	4440	ALE	0.9220	-	0.7268
1	20184631	20190279	5648	ALE	0.9931	-	0.5315
1	20190630	20196106	5476	ALE	0.9931	-	0.8423
1	20195492	20200032	4540	ALE	0.8971	-	0.9389
1	20198254	20204115	5861	ALE	0.9938	-	0.7085
1	20203479	20208465	4986	ALE	0.9987	-	0.9465
1	20203479	20208465	4986	ALE	0.9987	-	0.9465
1	20206781	20211649	4868	ALE	0.9879	-	0.8135
1	20209184	20218848	9664	DEL	0.9136	-	0.7664
1	20217974	20222876	4902	ALE	0.9922	-	0.9853
1	20220452	20226081	5629	ALE	0.9975	-	0.8647
1	20224928	20231128	6200	TORK	0.9430	-	0.4563
1	20228480	20234039	5559	ORYCO	0.9971	-	0.7308
1	20231912	20236430	4518	ALE	0.9041	-	0.9589
1	20234457	20239766	5309	ALE	0.9957	-	0.9377
1	20240241	20246120	5879	ORYCO	0.9990	-	0.7714
1	20243420	20251375	7955	SIRE	0.9864	-	0.8651
1	20240241	20246120	5879	ORYCO	0.9990	-	0.5388
1	20243420	20251375	7955	SIRE	0.9864	-	0.8651
1	20249992	20255226	5234	TORK	0.9865	-	0.6825
1	20253941	20259277	5336	REINA	0.9896	-	0.6100
1	20257262	20263777	6515	TORK	0.9913	-	0.9241
1	20261264	20265976	4712	ALE	0.9436	-	0.6848
1	20265309	20270956	5647	ALE	0.9921	-	0.9260
1	20268798	20274295	5497	BIANCA	0.7851	-	0.9348
1	20272194	20278021	5827	REINA	0.9861	-	0.5193
1	20276443	20282368	5925	TORK	0.9985	-	0.5818
1	20281825	20287285	5460	TORK	0.9905	-	0.5139
1	20281825	20287285	5460	TORK	0.9905	-	0.5139
1	20286828	20292265	5437	TORK	0.9498	-	0.4328
1	20290061	20294939	4878	ALE	0.9664	-	0.3715
1	20295514	20300676	5162	ALE	0.9939	-	0.7546
1	20298363	20304479	6116	BIANCA	0.9606	-	0.5531
1	20302531	20307815	5284	TORK	0.9800	-	0.5952
1	20307587	20313357	5770	ALE	0.9998	-	0.9968
1	20314111	20319252	5141	TORK	0.9987	-	0.7614
1	20319540	20324851	5311	ALE	0.9930	-	0.9034
1	20322907	20328726	5819	TORK	0.9983	-	0.8318
1	20319540	20324851	5311	ALE	0.9930	-	0.8249
1	20322907	20328726	5819	TORK	0.9983	-	0.8318
1	20327224	20332005	4781	ALE	0.9856	-	0.6203
1	20331077	20336585	5508	ALE	0.9983	-	0.8483
1	20334723	20340529	5806	ALE	0.9092	-	0.8668
1	20338864	20343605	4741	ALE	0.9979	-	0.7816
1	20342718	20348608	5890	ALE	0.9984	-	0.4675
1	20347229	20353416	6187	REINA	0.9966	-	0.6082
1	20352559	20357924	5365	ALE	0.9868	-	0.8669
1	20355642	20361775	6133	ALE	0.9993	-	0.6663
1	20360158	20364786	4628	ALE	0.9483	-	0.6582
1	20362731	20368808	6077	ALE	0.9962	-	0.9966
1	20360158	20364786	4628	ALE	0.9483	-	0.8476
1	20362731	20368808	6077	ALE	0.9962	-	0.9966
1	20366410	20371411	5001	TORK	0.9083	-	0.8082
1	20372561	20377288	4727	TORK	0.9636	-	0.3498
1	20377219	20382488	5269	ALE	0.9963	-	0.3506
1	20381927	20387426	5499	ALE	0.9854	-	0.7808
1	20386646	20391498	4852	ALE	0.9878	-	0.3038
1	20390297	20395813	5516	ALE	0.9987	-	0.7860
1	20394656	20400486	5830	ALE	0.9266	-	0.2942
1	20399614	20404907	5293	ALE	0.9953	-	0.4609
1	20402993	20409193	6200	ALE	0.9951	-	0.5048
1	20399614	20404907	5293	ALE	0.9953	-	0.8324
1	20402993	20409193	6200	ALE	0.9951	-	0.5048
1	20408109	20413922	5813	REINA	0.9940	-	0.9846
1	20413927	20419511	5584	ALE	0.9975	-	0.5260
1	20418614	20423961	5347	BIANCA	0.9885	-	0.3876
1	20422082	20427548	5466	ALE	0.9953	-	0.8960
1	20426275	20432364	6089	ALE	0.9569	-	0.5339
1	20429954	20434556	4602	ALE	0.7901	-	0.9780
1	20432148	20438687	6539	ALE	0.9956	-	0.9659
1	20438447	20443687	5240	ALE	0.9632	-	0.9353
1	20443482	20448616	5134	ALE	0.9987	-	0.7239
1	20438447	20443687	5240	ALE	0.9595	-	0.7060
1	20443482	20448616	5134	ALE	0.9987	-	0.7239
1	20448039	20453678	5639	ALE	0.9943	-	0.6788
1	20451705	20456575	4870	ALE	0.9928	-	0.7355
1	20455844	20461673	5829	TORK	0.9201	-	0.9371
1	20459447	20464709	5262	ALE	0.9919	-	0.7750
1	20464458	20469148	4690	BIANCA	0.9400	-	0.7430
1	20467278	20472117	4839	ALE	0.9929	-	0.4586
1	20469824	20477500	7676	ATHILA	0.9021	-	0.5496
1	20475941	20481399	5458	ALE	0.9974	-	0.2923
1	20480104	20485061	4957	ALE	0.9664	-	0.7681
1	20483932	20489158	5226	ALE	0.9994	-	0.8532
1	20480104	20485061	4957	ALE	0.9664	-	0.7566
1	20483932	20489158	5226	ALE	0.9994	-	0.8532
1	20488459	20494402	5943	ALE	0.9961	-	0.7060
1	20492577	20497429	4852	ALE	0.9881	-	0.8319
1	20496290	20501620	5330	ALE	0.9959	-	0.5474
1	20501136	20507548	6412	REINA	0.9975	-	0.7240
1	20508959	20514163	5204	TORK	0.9974	-	0.8434
1	20513657	20519162	5505	ALE	0.9761	-	0.4855
1	20517887	20523780	5893	ALE	0.9965	-	0.9782
1	20523541	20529858	6317	ALE	0.9977	-	0.5049
1	20523541	20529858	6317	ALE	0.9977	-	0.5049
1	20528276	20534669	6393	REINA	0.9979	-	0.6702
1	20532884	20538782	5898	TORK	0.7407	-	0.9111
1	20537450	20544113	6663	ALE	0.9972	-	0.4018
1	20541457	20547437	5980	REINA	0.9074	-	0.7555
1	20545478	20550959	5481	ALE	0.9934	-	0.8553
1	20550841	20557220	6379	ALE	0.9995	-	0.9729
1	20555841	20561103	5262	ALE	0.9974	-	0.8653
1	20558821	20564864	6043	ALE	0.9985	-	0.9966
1	20563675	20569165	5490	ALE	0.9416	-	0.5032
1	20558821	20564864	6043	ALE	0.9985	-	0.5858
1	20563675	20569165	5490	ALE	0.9416	-	0.5032
1	20568848	20574007	5159	ALE	0.9697	-	0.8749
1	20572047	20576684	4637	ALE	0.9929	-	0.9701
1	20576781	20581905	5124	ALE	0.9930	-	0.5051
1	20581796	20586791	4995	TORK	0.9233	-	0.5186
1	20585275	20590388	5113	ALE	0.9828	-	0.8608
1	20589777	20596130	6353	ALE	0.9989	-	0.8460
1	20594155	20599785	5630	ALE	0.9929	-	0.5242
1	20599970	20605002	5032	ALE	0.9947	-	0.8079
1	20603941	20609417	5476	ALE	0.9444	-	0.7360
1	20599970	20605002	5032	ALE	0.9947	-	0.5517
1	20603941	20609417	5476	ALE	0.9444	-	0.7360
1	20607341	20612597	5256	ALE	0.9963	-	0.8381
1	20611028	20616390	5362	ALE	0.9825	-	0.9678
1	20614614	20619933	5319	ALE	0.8839	-	0.5747
1	20618997	20623781	4784	ALE	0.9978	-	0.4334
1	20622969	20628008	5039	ALE	0.9937	-	0.8403
1	20626637	20631927	5290	TORK	0.9930	-	0.8504
1	20629493	20637315	7822	TORK	0.9123	-	0.8077
1	20634380	20640532	6152	ALE	0.9859	-	0.7057
1	20638787	20645571	6784	TORK	0.9856	-	0.4974
1	20643621	20648885	5264	ORYCO	0.9807	-	0.4089
1	20638787	20645571	6784	TORK	0.9856	-	0.6872
1	20643621	20648885	5264	ORYCO	0.9807	-	0.4089
1	20646547	20651522	4975	ALE	0.9960	-	0.2577
1	20651406	20656472	5066	ALE	0.9861	-	0.5651
1	20656880	20661576	4696	TORK	0.9593	-	0.9739
1	20660480	20666342	5862	ALE	0.9978	-	0.4828
1	20665145	20670105	4960	ALE	0.8155	-	0.3538
1	20667816	20674070	6254	ALE	0.9974	-	0.8671
1	20673757	20679716	5959	REINA	0.9979	-	0.7031
1	20678863	20685164	6301	TORK	0.9967	-	0.3850
1	20683728	20689150	5422	ALE	0.9933	-	0.7977
1	20678863	20685164	6301	TORK	0.9967	-	0.8918
1	20683728	20689150	5422	ALE	0.9933	-	0.7977
1	20687449	20694862	7413	ALE	0.9995	-	0.5116
1	20694096	20699482	5386	REINA	0.9943	-	0.6353
1	20697091	20705078	7987	TORK	0.9997	-	0.4932
1	20701994	20707419	5425	REINA	0.9965	-	0.8128
1	20706394	20711751	5357	ALE	0.9997	-	0.4938
1	20709803	20714995	5192	ALE	0.9612	-	0.5752
1	20714240	20722922	8682	ATHILA	0.9620	-	0.5650
1	20719884	20725756	5872	ALE	0.9964	-	0.9253
1	20724597	20730207	5610	TORK	0.9829	-	0.9108
1	20719884	20725756	5872	ALE	0.9964	-	0.3479
1	20724597	20730207	5610	TORK	0.9829	-	0.9108
1	20728965	20735150	6185	ALE	0.9898	-	0.6535
1	20734070	20740482	6412	TORK	0.9680	-	0.4426
1	20739366	20745176	5810	ALE	0.9975	-	0.4392
1	20742564	20748157	5593	ALE	0.9883	-	0.4955
1	20747276	20753325	6049	BIANCA	0.9659	-	0.9997
1	20752209	20764234	12025	TAT	0.9981	-	0.3943
1	20760755	20766726	5971	ALE	0.9992	-	0.6360
1	20764466	20769316	4850	ALE	0.9976	-	0.9827
1	20760755	20766726	5971	ALE	0.9992	-	0.6530
1	20764466	20769316	4850	ALE	0.9976	-	0.9827
1	20770453	20775928	5475	ALE	0.9918	-	0.3684
1	20773752	20779624	5872	ALE	0.9948	-	0.7009
1	20776331	20784992	8661	DEL	0.8989	-	0.6652
1	20783308	20789394	6086	ALE	0.9926	-	0.4426
1	20786727	20792999	6272	ANGELA	0.8464	-	0.7435
1	20790498	20795299	4801	ALE	0.9961	-	0.5590
1	20795711	20801891	6180	ALE	0.9979	-	0.9933
1	20800689	20807181	6492	DEL	0.8944	-	0.9517
1	20806150	20811078	4928	ALE	0.9933	-	0.9636
1	20800689	20807181	6492	DEL	0.8944	-	0.9509
1	20806150	20811078	4928	ALE	0.9933	-	0.9636
1	20810340	20815891	5551	ALE	0.9957	-	0.5667
1	20814211	20819262	5051	ALE	0.9876	-	0.8687
1	20817466	20822750	5284	ALE	0.9149	-	0.9513
1	20821576	20827165	5589	ALE	0.9956	-	0.6101
1	20825372	20829935	4563	BIANCA	0.9839	-	0.8690
1	20827818	20837489	9671	TAT	0.9881	-	0.4032
1	20835335	20841295	5960	REINA	0.9896	-	0.4705
1	20839787	20844213	4426	REINA	0.9824	-	0.4930
1	20843683	20849197	5514	ALE	0.9978	-	0.7301
1	20839787	20844213	4426	REINA	0.9824	-	0.6505
1	20843683	20849197	5514	ALE	0.9978	-	0.7301
1	20847128	20852466	5338	ALE	0.9986	-	0.6837
1	20851586	20860772	9186	SIRE	0.9867	-	0.7099
1	20857559	20862783	5224	ALE	0.9825	-	0.6610
1	20860493	20866172	5679	REINA	0.9987	-	0.3712
1	20864748	20871026	6278	ALE	0.9788	-	0.6627
1	20869643	20874801	5158	ALE	0.9933	-	0.9802
1	20872997	20878523	5526	ALE	0.9229	-	0.9578
1	20878959	20883675	4716	REINA	0.9821	-	0.6294
1	20882124	20887334	5210	REINA	0.9933	-	0.4276
1	20878959	20883675	4716	REINA	0.9821	-	0.8220
1	20882124	20887334	5210	REINA	0.9933	-	0.4276
1	20887001	20897922	10921	SIRE	0.9848	-	0.6641
1	20894995	20900451	5456	REINA	0.9704	-	0.3313
1	20899333	20906818	7485	SIRE	0.9888	-	0.4506
1	20905978	20910989	5011	TORK	0.9231	-	0.6682
1	20908687	20913987	5300	ALE	0.9936	-	0.5244
1	20911543	20916854	5311	ALE	0.9763	-	0.4560
1	20916472	20921231	4759	ALE	0.9437	-	0.6903
1	20920096	20925695	5599	BIANCA	0.9957	-	0.5886
1	20923763	20929409	5646	TORK	0.9923	-	0.9939
1	20920096	20925695	5599	BIANCA	0.9957	-	0.9501
1	20923763	20929409	5646	TORK	0.9923	-	0.9939
1	20927991	20933012	5021	ALE	0.9989	-	0.4568
1	20931810	20937049	5239	TORK	0.8403	-	0.4332
1	20935822	20943736	7914	SIRE	0.9774	-	0.4878
1	20941801	20947372	5571	ORYCO	0.9048	-	0.2704
1	20946741	20951557	4816	ALE	0.9902	-	0.4042
1	20952661	20957426	4765	ALE	0.9881	-	0.7375
1	20958655	20963794	5139	TORK	0.9892	-	0.9423
1	20962707	20967958	5251	ORYCO	0.9820	-	0.9515
1	20958655	20963794	5139	TORK	0.9892	-	0.5275
1	20962707	20967958	5251	ORYCO	0.9820	-	0.9515
1	20965562	20973351	7789	DEL	0.9932	-	0.5339
1	20972512	20978002	5490	ALE	0.9749	-	0.6441
1	20976117	20982238	6121	ALE	0.9942	-	0.4691
1	20980056	20985871	5815	ALE	0.9439	-	0.9368
1	20984139	20990772	6633	ALE	0.9892	-	0.8925
1	20988821	20994391	5570	TORK	0.9902	-	0.5663
1	20994027	20998504	4477	ORYCO	0.7754	-	0.9550
1	20996413	21001875	5462	ALE	0.9941	-	0.3615
1	21003192	21008001	4809	ALE	0.9446	-	0.5573
1	21003192	21008001	4809	ALE	0.9446	-	0.5573
1	21011556	21016995	5439	ORYCO	0.9960	-	0.5378
1	21017546	21023313	5767	ALE	0.9882	-	0.5070
1	21023868	21028606	4738	ALE	0.9808	-	0.6144
1	21027327	21033281	5954	BIANCA	0.9514	-	0.5145
1	21030879	21036600	5721	ALE	0.9936	-	0.9101
1	21035874	21040687	4813	ALE	0.9934	-	0.9953
1	21038830	21044505	5675	ALE	0.9821	-	0.9468
1	21042037	21048203	6166	TORK	0.9862	-	0.6642
1	21038830	21044505	5675	ALE	0.9821	-	0.9906
1	21042037	21048203	6166	TORK	0.9862	-	0.6642
1	21047374	21052163	4789	TORK	0.9867	-	0.8264
1	21050427	21055935	5508	ALE	0.9867	-	0.9871
1	21056101	21061926	5825	BIANCA	0.9940	-	0.9719
1	21060817	21065580	4763	REINA	0.9873	-	0.9905
1	21065383	21071705	6322	ALE	0.9998	-	0.7881
1	21070662	21075169	4507	ALE	0.9972	-	0.5015
1	21074724	21080034	5310	ALE	0.9598	-	0.4946
1	21078304	21083532	5228	ALE	0.9951	-	0.9412
1	21083090	21089662	6572	ALE	0.9996	-	0.7165
1	21083090	21089662	6572	ALE	0.9996	-	0.7165
1	21088848	21094278	5430	ALE	0.9947	-	0.9906
1	21092292	21098147	5855	BIANCA	0.9990	-	0.8872
1	21097786	21103742	5956	ALE	0.9990	-	0.6251
1	21101223	21106322	5099	ALE	0.8898	-	0.5599
1	21104377	21109229	4852	ALE	0.9801	-	0.8133
1	21108966	21114507	5541	ALE	0.9731	-	0.9766
1	21112077	21118055	5978	TORK	0.9958	-	0.9050
1	21117781	21122683	4902	ORYCO	0.9987	-	0.6814
1	21120337	21126665	6328	TORK	0.9957	-	0.4594
1	21124490	21130642	6152	TORK	0.8630	-	0.5338
1	21120337	21126665	6328	TORK	0.9957	-	0.9013
1	21124490	21130642	6152	TORK	0.8630	-	0.5338
1	21128971	21134513	5542	ALE	0.9913	-	0.9283
1	21132241	21137537	5296	ALE	0.9859	-	0.5230
1	21136688	21145234	8546	DEL	0.9314	-	0.8366
1	21142484	21148177	5693	ALE	0.9983	-	0.9785
1	21145714	21151195	5481	DEL	0.8911	-	0.9365
1	21148850	21154759	5909	ALE	0.9822	-	0.2772
1	21155373	21160674	5301	ALE	0.9963	-	0.2144
1	21158513	21164506	5993	TORK	0.9567	-	0.5471
1	21162622	21168113	5491	ALE	0.9893	-	0.7809
1	21158513	21164506	5993	TORK	0.9567	-	0.8440
1	21162622	21168113	5491	ALE	0.9893	-	0.7809
1	21166467	21171778	5311	ALE	0.9488	-	0.5594
1	21169938	21175318	5380	ALE	0.9967	-	0.6632
1	21175544	21181222	5678	ALE	0.9971	-	0.2201
1	21180868	21185756	4888	REINA	0.9824	-	0.7149
1	21184743	21190375	5632	ALE	0.9985	-	0.3731
1	21187913	21193265	5352	ALE	0.9395	-	0.7322
1	21190832	21196792	5960	REINA	0.9751	-	0.5369
1	21195466	21201436	5970	ALE	0.9842	-	0.9091
1	21200123	21205338	5215	BIANCA	0.9065	-	0.6331
1	21203463	21208868	5405	TORK	0.7870	-	0.5986
1	21200123	21205338	5215	BIANCA	0.9065	-	0.9518
1	21203463	21208868	5405	TORK	0.7870	-	0.5986
1	21206512	21211852	5340	ALE	0.9957	-	0.9657
1	21210078	21216469	6391	ORYCO	0.9940	-	0.7003
1	21214277	21220217	5940	ALE	0.9993	-	0.5931
1	21219479	21225296	5817	ALE	0.9996	-	0.6200
1	21226160	21231084	4924	TORK	0.9826	-	0.9391
1	21228837	21234485	5648	ALE	0.9934	-	0.4607
1	21233867	21238897	5030	ALE	0.9972	-	0.4174
1	21237997	21242584	4587	ALE	0.9736	-	0.9796
1	21240380	21245903	5523	ALE	0.9892	-	0.9262
1	21245710	21250800	5090	ORYCO	0.9982	-	0.9412
1	21240380	21245903	5523	ALE	0.9892	-	0.9469
1	21245710	21250800	5090	ORYCO	0.9982	-	0.9412
1	21249153	21254677	5524	ALE	0.9909	-	0.2985
1	21254528	21259581	5053	ALE	0.9975	-	0.5307
1	21258949	21264339	5390	ALE	0.9675	-	0.5546
1	21261975	21267513	5538	TORK	0.9914	-	0.9487
1	21266920	21271629	4709	ALE	0.9942	-	0.7679
1	21270935	21276573	5638	ALE	0.9988	-	0.4631
1	21275060	21279255	4195	ALE	0.7577	-	0.9759
1	21277714	21282999	5285	ALE	0.9979	-	0.9361
1	21281555	21287850	6295	BIANCA	0.9873	-	0.7223
1	21281555	21287850	6295	BIANCA	0.9873	-	0.7223
1	21288340	21295011	6671	ALE	0.9994	-	0.5536
1	21292428	21297479	5051	ALE	0.9980	-	0.5090
1	21296585	21301578	4993	BIANCA	0.9588	-	0.5711
1	21300645	21307199	6554	TORK	0.9844	-	0.6952
1	21304472	21309739	5267	TORK	0.9765	-	0.4577
1	21309470	21315639	6169	ALE	0.9918	-	0.3529
1	21313047	21318986	5939	ALE	0.9985	-	0.5961
1	21317749	21323722	5973	ALE	0.9602	-	0.2975
1	21321843	21326858	5015	ALE	0.9905	-	0.5477
1	21321843	21326858	5015	ALE	0.9905	-	0.5477
1	21327438	21332586	5148	TORK	0.9998	-	0.4273
1	21330445	21337347	6902	ALE	0.9973	-	0.4698
1	21336885	21343023	6138	TORK	0.9963	-	0.7779
1	21341999	21348521	6522	ALE	0.9037	-	0.8644
1	21346678	21351869	5191	TORK	0.9501	-	0.9563
1	21353235	21358960	5725	ALE	0.9987	-	0.9304
1	21357778	21364331	6553	TORK	0.9686	-	0.6977
1	21361365	21368079	6714	ORYCO	0.9911	-	0.5230
1	21361365	21368079	6714	ORYCO	0.9911	-	0.5230
1	21366579	21377304	10725	TAT	0.9993	-	0.4358
1	21374535	21380099	5564	ALE	0.9956	-	0.6406
1	21379000	21384370	5370	ALE	0.9828	-	0.5597
1	21384077	21389060	4983	ALE	0.9918	-	0.3186
1	21387029	21392883	5854	ALE	0.9543	-	0.9309
1	21390601	21396442	5841	ALE	0.9947	-	0.9995
1	21397797	21403305	5508	ALE	0.9835	-	0.7706
1	21401313	21406886	5573	ALE	0.9988	-	0.6464
1	21405238	21410346	5108	TORK	0.9543	-	0.7634
1	21401313	21406886	5573	ALE	0.9988	-	0.6464
1	21405238	21410346	5108	TORK	0.9543	-	0.7634
1	21408219	21413733	5514	ALE	0.9907	-	0.6124
1	21411259	21416753	5494	ALE	0.9634	-	0.9928
1	21415783	21421295	5512	TORK	0.9908	-	0.3806
1	21418713	21424447	5734	ALE	0.9927	-	0.8915
1	21422664	21428274	5610	TORK	0.9584	-	0.3910
1	21426042	21431995	5953	ALE	0.9951	-	0.8135
1	21429483	21435130	5647	ALE	0.9330	-	0.6701
1	21434540	21440664	6124	TORK	0.9970	-	0.5422
1	21438839	21443993	5154	ALE	0.9975	-	0.4164
1	21441961	21447445	5484	TORK	0.9374	-	0.5350
1	21446210	21451546	5336	ALE	0.9866	-	0.2937
1	21438839	21443993	5154	ALE	0.9976	-	0.7234
1	21441961	21447445	5484	TORK	0.9374	-	0.5350
1	21446210	21451546	5336	ALE	0.9866	-	0.2937
1	21450691	21455536	4845	ALE	0.9948	-	0.9943
1	21455051	21461677	6626	ALE	0.9572	-	0.4848
1	21460610	21466375	5765	ALE	0.9416	-	0.5147
1	21464034	21469867	5833	TORK	0.9641	-	0.7203
1	21468426	21472940	4514	ALE	0.9861	-	0.5629
1	21472418	21477636	5218	REINA	0.9734	-	0.9150
1	21475137	21481344	6207	ALE	0.9936	-	0.5667
1	21479262	21486340	7078	TORK	0.9676	-	0.8427
1	21484232	21490472	6240	REINA	0.9934	-	0.5282
1	21479262	21486340	7078	TORK	0.9676	-	0.7372
1	21484232	21490472	6240	REINA	0.9934	-	0.5282
1	21489623	21495073	5450	ALE	0.9990	-	0.6255
1	21492873	21498128	5255	ALE	0.9813	-	0.9735
1	21496350	21502196	5846	ALE	0.9943	-	0.3544
1	21501483	21506726	5243	TORK	0.9723	-	0.7479
1	21504784	21511418	6634	ALE	0.9311	-	0.2989
1	21508628	21514128	5500	REINA	0.9839	-	0.5514
1	21511752	21517221	5469	ALE	0.9956	-	0.6662
1	21514773	21520830	6057	REINA	0.9904	-	0.7303
1	21521224	21526329	5105	ALE	0.9953	-	0.5130
1	21524576	21531212	6636	BIANCA	0.9238	-	0.3836
1	21521224	21526329	5105	ALE	0.9953	-	0.5132
1	21524576	21531212	6636	BIANCA	0.9238	-	0.3836
1	21528608	21534119	5511	ALE	0.9927	-	0.5055
1	21532254	21537006	4752	ALE	0.9381	-	0.8081
1	21535646	21540597	4951	TORK	0.9194	-	0.6657
1	21539830	21545013	5183	TORK	0.9959	-	0.8655
1	21542714	21548505	5791	ALE	0.9897	-	0.8081
1	21546836	21553332	6496	TORK	0.9244	-	0.6118
1	21550132	21558651	8519	ALE	0.9866	-	0.7852
1	21556471	21561431	4960	REINA	0.7672	-	0.9898
1	21560745	21566748	6003	REINA	0.9970	-	0.8488
1	21560745	21566748	6003	REINA	0.9970	-	0.8588
1	21566255	21571696	5441	ALE	0.9970	-	0.7603
1	21570575	21575840	5265	ALE	0.9936	-	0.7079
1	21574161	21579713	5552	REINA	0.8730	-	0.6373
1	21578865	21584417	5552	ALE	0.9813	-	0.3531
1	21583703	21590593	6890	ALE	0.9980	-	0.5508
1	21590519	21595889	5370	ALE	0.9963	-	0.4088
1	21596064	21600397	4333	ALE	0.9945	-	0.5276
1	21599126	21605364	6238	ALE	0.9969	-	0.6458
1	21602818	21608045	5227	ALE	0.8429	-	0.9613
1	21606147	21611658	5511	ALE	0.9972	-	0.3694
1	21599126	21605364	6238	ALE	0.9969	-	0.9975
1	21602818	21608045	5227	ALE	0.8429	-	0.9613
1	21606147	21611658	5511	ALE	0.9972	-	0.3694
1	21611636	21617556	5920	ALE	0.9949	-	0.7248
1	21615260	21621628	6368	ALE	0.9985	-	0.9749
1	21619896	21625141	5245	ALE	0.9967	-	0.9471
1	21626474	21631015	4541	ALE	0.9893	-	0.8921
1	21630206	21635704	5498	ALE	0.9960	-	0.8900
1	21633561	21638802	5241	ALE	0.9946	-	0.5234
1	21638116	21642768	4652	ALE	0.9904	-	0.6313
1	21641826	21647228	5402	ALE	0.9942	-	0.4592
1	21645220	21651089	5869	ALE	0.9978	-	0.9921
1	21641826	21647228	5402	ALE	0.9942	-	0.4592
1	21645220	21651089	5869	ALE	0.9978	-	0.9921
1	21650013	21656319	6306	TORK	0.9931	-	0.5309
1	21655669	21661151	5482	BIANCA	0.9910	-	0.6932
1	21658993	21664003	5010	ALE	0.9716	-	0.9797
1	21662943	21668361	5418	BIANCA	0.9913	-	0.4926
1	21667928	21673489	5561	TORK	0.9980	-	0.5508
1	21672454	21677628	5174	TORK	0.9959	-	0.6849
1	21674500	21683001	8501	SIRE	0.9612	-	0.6347
1	21681642	21687172	5530	ALE	0.9978	-	0.8371
1	21685931	21691559	5628	ORYCO	0.8692	-	0.8126
1	21681642	21687172	5530	ALE	0.9978	-	0.8371
1	21689297	21694069	4772	REINA	0.9634	-	0.5589
1	21692995	21698869	5874	ALE	0.9903	-	0.6028
1	21696872	21702050	5178	ALE	0.9866	-	0.4971
1	21702389	21707681	5292	ALE	0.9996	-	0.2781
1	21706429	21711769	5340	ALE	0.9963	-	0.8288
1	21708829	21717263	8434	DEL	0.8041	-	0.5311
1	21713953	21720127	6174	ALE	0.9952	-	0.5373
1	21718000	21723043	5043	ALE	0.8889	-	0.3775
1	21721479	21726773	5294	ALE	0.9956	-	0.4621
1	21724395	21729627	5232	ALE	0.9874	-	0.7583
1	21721479	21726773	5294	ALE	0.9956	-	0.4621
1	21724395	21729627	5232	ALE	0.9874	-	0.7583
1	21729228	21733973	4745	ALE	0.9752	-	0.6577
1	21732324	21738161	5837	REINA	0.9711	-	0.3693
1	21736616	21742099	5483	ALE	0.9752	-	0.5345
1	21742615	21747506	4891	ALE	0.9972	-	0.5125
1	21748155	21752995	4840	ALE	0.9502	-	0.5697
1	21750769	21755835	5066	BIANCA	0.7417	-	0.9474
1	21753573	21758921	5348	ALE	0.9993	-	0.4178
1	21757715	21763294	5579	ALE	0.9913	-	0.4879
1	21761365	21767925	6560	TORK	0.9979	-	0.5552
1	21765368	21771521	6153	TORK	0.9941	-	0.6675
1	21761365	21767925	6560	TORK	0.9979	-	0.5552
1	21765368	21771521	6153	TORK	0.9941	-	0.6675
1	21769019	21774990	5971	ALE	0.9993	-	0.4396
1	21774684	21780269	5585	ALE	0.9993	-	0.5637
1	21777733	21783865	6132	ALE	0.8992	-	0.7080
1	21781627	21787652	6025	ORYCO	0.9987	-	0.4491
1	21787058	21792587	5529	TORK	0.9962	-	0.5386
1	21790091	21795551	5460	TORK	0.9631	-	0.7798
1	21792750	21802885	10135	DEL	0.9897	-	0.4332
1	21800808	21806496	5688	TORK	0.9950	-	0.9054
1	21805993	21810748	4755	ALE	0.9984	-	0.8951
1	21800808	21806496	5688	TORK	0.9950	-	0.9224
1	21805993	21810748	4755	ALE	0.9984	-	0.8951
1	21811587	21817107	5520	ALE	0.9975	-	0.7498
1	21817212	21822165	4953	ORYCO	0.9984	-	0.5900
1	21820506	21825774	5268	ALE	0.9889	-	0.6360
1	21823650	21828375	4725	ALE	0.8088	-	0.9678
1	21825693	21834064	8371	ATHILA	0.9954	-	0.6262
1	21832756	21837994	5238	ALE	0.8534	-	0.6720
1	21835832	21840811	4979	ALE	0.9805	-	0.5320
1	21838553	21847148	8595	DEL	0.9756	-	0.9896
1	21843245	21853110	9865	DEL	0.9917	-	0.8844
1	21838553	21847148	8595	DEL	0.9756	-	0.5506
1	21843245	21853110	9865	DEL	0.9917	-	0.8844
1	21851275	21856206	4931	ALE	0.9203	-	0.5700
1	21854080	21859431	5351	ALE	0.9970	-	0.5412
1	21860190	21864876	4686	ALE	0.9964	-	0.7387
1	21863218	21867412	4194	ALE	0.9419	-	0.9945
1	21866679	21872292	5613	ALE	0.9978	-	0.9748
1	21870056	21877374	7318	ALE	0.9976	-	0.9995
1	21874990	21880795	5805	ALE	0.9820	-	0.8529
1	21878418	21883296	4878	ALE	0.9835	-	0.9255
1	21883695	21889616	5921	ALE	0.9989	-	0.5412
1	21883695	21889616	5921	ALE	0.9989	-	0.5412
1	21887692	21892796	5104	ORYCO	0.9988	-	0.9085
1	21892320	21898238	5918	REINA	0.9731	-	0.5538
1	21896834	21904241	7407	DEL	0.9879	-	0.7524
1	21903648	21909404	5756	ALE	0.9952	-	0.4625
1	21907166	21912667	5501	ALE	0.9873	-	0.5969
1	21911362	21916462	5100	ALE	0.9989	-	0.7065
1	21914202	21919568	5366	BIANCA	0.8039	-	0.9309
1	21916501	21924706	8205	DEL	0.9966	-	0.4683
1	21921689	21927150	5461	ALE	0.8230	-	0.9519
1	21921689	21927150	5461	ALE	0.8230	-	0.9519
1	21927559	21932477	4918	ALE	0.9966	-	0.2916
1	21931594	21936952	5358	ALE	0.9876	-	0.5340
1	21934996	21941009	6013	ALE	0.9960	-	0.7021
1	21939175	21945765	6590	ALE	0.9831	-	0.8075
1	21943136	21948319	5183	ALE	0.9931	-	0.9207
1	21946047	21951645	5598	ALE	0.9914	-	0.8990
1	21951614	21957193	5579	ALE	0.9972	-	0.9671
1	21955133	21960375	5242	ALE	0.9719	-	0.8261
1	21959157	21964333	5176	ALE	0.9974	-	0.9639
1	21962078	21967892	5814	TORK	0.9990	-	0.9954
1	21959157	21964333	5176	ALE	0.9974	-	0.3401
1	21962078	21967892	5814	TORK	0.9990	-	0.9954
1	21967116	21972083	4967	ALE	0.9845	-	0.9417
1	21971227	21976194	4967	ALE	0.9986	-	0.4926
1	21973963	21980108	6145	TORK	0.9745	-	0.7674
1	21977016	21984726	7710	SIRE	0.9233	-	0.9998
1	21983769	21988538	4769	ALE	0.9921	-	0.7940
1	21986409	21991170	4761	ALE	0.9323	-	0.4554
1	21991493	21996485	4992	ALE	0.9943	-	0.9053
1	21994275	22000033	5758	BIANCA	0.9463	-	0.2907
1	21999546	22004488	4942	ALE	0.9833	-	0.4635
1	22002127	22007795	5668	ALE	0.9966	-	0.7646
1	21999546	22004488	4942	ALE	0.9833	-	0.3208
1	22002127	22007795	5668	ALE	0.9966	-	0.7646
1	22006316	22012291	5975	BIANCA	0.9946	-	0.9604
1	22011212	22017195	5983	REINA	0.9986	-	0.4059
1	22014211	22022014	7803	TORK	0.9468	-	0.6729
1	22020785	22026665	5880	TORK	0.9970	-	0.5290
1	22025434	22030784	5350	TORK	0.9480	-	0.9778
1	22029433	22035699	6266	ALE	0.9875	-	0.8918
1	22033656	22041184	7528	DEL	0.8408	-	0.4507
1	22039237	22044897	5660	ALE	0.9970	-	0.6079
1	22043362	22049358	5996	ALE	0.9925	-	0.9846
1	22039237	22044897	5660	ALE	0.9970	-	0.8554
1	22043362	22049358	5996	ALE	0.9925	-	0.9846
1	22047243	22052099	4856	ALE	0.9175	-	0.9005
1	22050110	22055476	5366	REINA	0.9711	-	0.6417
1	22054497	22060477	5980	ALE	0.9999	-	0.7320
1	22058031	22062899	4868	ALE	0.9673	-	0.4052
1	22061204	22066461	5257	ALE	0.9995	-	0.4882
1	22065039	22071289	6250	TORK	0.9257	-	0.9990
1	22069596	22074157	4561	ALE	0.9855	-	0.9353
1	22073333	22078723	5390	TORK	0.9528	-	0.7234
1	22076999	22082454	5455	ALE	0.9818	-	0.6042
1	22079710	22088001	8291	TAT	0.9801	-	0.5667
1	22085960	22091463	5503	ALE	0.9955	-	0.5911
1	22079710	22088001	8291	TAT	0.9801	-	0.8092
1	22085960	22091463	5503	ALE	0.9955	-	0.5911
1	22092309	22097856	5547	ALE	0.9912	-	0.5881
1	22096507	22101189	4682	ALE	0.9964	-	0.6006
1	22098874	22104664	5790	DEL	0.8163	-	0.4885
1	22104944	22110081	5137	ALE	0.9951	-	0.9481
1	22108091	22112637	4546	ALE	0.7353	-	0.5439
1	22110744	22115668	4924	ALE	0.9867	-	0.7040
1	22114324	22119909	5585	ALE	0.9927	-	0.4170
1	22117929	22123779	5850	ALE	0.9056	-	0.7555
1	22121383	22127606	6223	ALE	0.9991	-	0.9251
1	22126225	22131428	5203	ALE	0.9966	-	0.7220
1	22121383	22127606	6223	ALE	0.9991	-	0.9251
1	22126225	22131428	5203	ALE	0.9966	-	0.7220
1	22132800	22138207	5407	ALE	0.9910	-	0.4364
1	22135702	22141663	5961	ALE	0.9960	-	0.9898
1	22142306	22147627	5321	ALE	0.9966	-	0.3878
1	22145111	22150711	5600	REINA	0.9988	-	0.9680
1	22151418	22156048	4630	ALE	0.9850	-	0.8408
1	22155694	22162016	6322	ALE	0.9993	-	0.8236
1	22159681	22166489	6808	ALE	0.9969	-	0.7670
1	22164038	22169518	5480	ALE	0.9284	-	0.4702
1	22159681	22166489	6808	ALE	0.9969	-	0.5267
1	22164038	22169518	5480	ALE	0.9284	-	0.4702
1	22167942	22173485	5543	ALE	0.9878	-	0.9915
1	22173742	22179890	6148	ALE	0.9877	-	0.9779
1	22178459	22183820	5361	ALE	0.9333	-	0.8809
1	22181387	22187396	6009	ALE	0.9999	-	0.6804
1	22185865	22191616	5751	ALE	0.9680	-	0.6495
1	22190371	22195521	5150	ALE	0.9979	-	0.8033
1	22195667	22200328	4661	TORK	0.9214	-	0.3324
1	22201688	22207628	5940	REINA	0.9526	-	0.8274
1	22205877	22211498	5621	TORK	0.9859	-	0.8208
1	22198352	22204094	5742	REINA	0.9974	-	0.7734
1	22201688	22207628	5940	REINA	0.9526	-	0.8274
1	22205877	22211498	5621	TORK	0.9859	-	0.8208
1	22211721	22217342	5621	ALE	0.9905	-	0.4803
1	22215766	22221098	5332	TORK	0.9944	-	0.9171
1	22220184	22226126	5942	ALE	0.9945	-	0.3750
1	22225902	22230561	4659	REINA	0.9547	-	0.8770
1	22231655	22237078	5423	ALE	0.9987	-	0.5592
1	22235170	22241244	6074	ALE	0.9957	-	0.2910
1	22239699	22245319	5620	REINA	0.9590	-	0.2906
1	22243259	22249662	6403	TORK	0.9970	-	0.4089
1	22239699	22245319	5620	REINA	0.9590	-	0.9486
1	22243259	22249662	6403	TORK	0.9970	-	0.4089
1	22247980	22253290	5310	ALE	0.9921	-	0.4379
1	22251924	22256838	4914	ALE	0.9946	-	0.7971
1	22255790	22260919	5129	ALE	0.9536	-	0.5523
1	22260591	22267578	6987	REINA	0.9872	-	0.5708
1	22265840	22271064	5224	ALE	0.9820	-	0.6619
1	22269359	22275769	6410	ALE	0.9914	-	0.4882
1	22273628	22278244	4616	ALE	0.9203	-	0.3980
1	22276781	22281097	4316	REINA	0.9923	-	0.8467
1	22281520	22286863	5343	REINA	0.9932	-	0.6101
1	22284659	22290914	6255	ALE	0.9926	-	0.8340
1	22281520	22286863	5343	REINA	0.9932	-	0.6101
1	22284659	22290914	6255	ALE	0.9926	-	0.8340
1	22288069	22302090	14021	DEL	0.9974	-	0.2582
1	22298890	22304624	5734	ALE	0.9974	-	0.7416
1	22302817	22308030	5213	ALE	0.9902	-	0.9905
1	22306807	22315811	9004	TORK	0.9574	-	0.8628
1	22314411	22320113	5702	TORK	0.9656	-	0.9887
1	22318500	22323926	5426	ALE	0.9987	-	0.3361
1	22322812	22328488	5676	REINA	0.9624	-	0.5209
1	22322812	22328488	5676	REINA	0.9624	-	0.5209
1	22326632	22331107	4475	ALE	0.9987	-	0.9826
1	22330981	22336331	5350	ALE	0.9957	-	0.7417
1	22335721	22341387	5666	TORK	0.9867	-	0.6446
1	22340419	22345974	5555	ALE	0.9962	-	0.5096
1	22343457	22351992	8535	SIRE	0.9636	-	0.6811
1	22349411	22355661	6250	ALE	0.9988	-	0.4801
1	22356167	22361967	5800	ALE	0.9970	-	0.6010
1	22362124	22367453	5329	BIANCA	0.9955	-	0.3204
1	22365122	22369970	4848	ALE	0.9342	-	0.9058
1	22362124	22367453	5329	BIANCA	0.9955	-	0.3204
1	22365122	22369970	4848	ALE	0.9342	-	0.9058
1	22368709	22373500	4791	ALE	0.9946	-	0.5171
1	22371757	22376664	4907	ALE	0.9775	-	0.8998
1	22374509	22380732	6223	TORK	0.9862	-	0.9543
1	22381290	22389159	7869	SIRE	0.9716	-	0.4290
1	22387799	22392742	4943	REINA	0.9529	-	0.7949
1	22390492	22395740	5248	ALE	0.9829	-	0.5669
1	22393939	22399186	5247	ALE	0.9975	-	0.4636
1	22397867	22402277	4410	ALE	0.9700	-	0.3405
1	22403540	22408589	5049	ALE	0.9929	-	0.6223
1	22403540	22408589	5049	ALE	0.9929	-	0.6223
1	22408203	22413662	5459	ALE	0.9993	-	0.6371
1	22412922	22418824	5902	ALE	0.9602	-	0.3514
1	22419058	22425151	6093	ALE	0.9969	-	0.8856
1	22422035	22430129	8094	DEL	0.9734	-	0.6901
1	22428155	22434210	6055	ALE	0.9961	-	0.3661
1	22432781	22437328	4547	ORYCO	0.8863	-	0.5140
1	22436360	22442266	5906	ALE	0.9867	-	0.9282
1	22439606	22445405	5799	ALE	0.9828	-	0.6064
1	22444186	22450291	6105	ALE	0.9938	-	0.7522
1	22439606	22445405	5799	ALE	0.9828	-	0.7748
1	22444186	22450291	6105	ALE	0.9938	-	0.7522
1	22448548	22454582	6034	ALE	0.9880	-	0.9325
1	22452503	22458608	6105	TORK	0.9962	-	0.4087
1	22457281	22463326	6045	ALE	0.9993	-	0.4897
1	22461715	22467519	5804	ALE	0.9893	-	0.4786
1	22466078	22475611	9533	TORK	0.9664	-	0.8864
1	22474908	22480025	5117	REINA	0.9894	-	0.5499
1	22480324	22485637	5313	ALE	0.9963	-	0.5418
1	22483269	22488280	5011	ALE	0.9990	-	0.9704
1	22480324	22485637	5313	ALE	0.9963	-	0.5981
1	22483269	22488280	5011	ALE	0.9990	-	0.9704
1	22486572	22492485	5913	TORK	0.9613	-	0.8716
1	22490162	22496330	6168	ALE	0.9738	-	0.4578
1	22496446	22502066	5620	ALE	0.9932	-	0.6985
1	22500393	22506515	6122	TORK	0.9975	-	0.3422
1	22505548	22511620	6072	ALE	0.9993	-	0.8921
1	22510177	22516371	6194	ALE	0.9990	-	0.6691
1	22517680	22522221	4541	ALE	0.9922	-	0.5673
1	22520853	22526771	5918	ALE	0.9918	-	0.4061
1	22524166	22529835	5669	ALE	0.8601	-	0.7982
1	22520853	22526771	5918	ALE	0.9918	-	0.4497
1	22524166	22529835	5669	ALE	0.8601	-	0.7982
1	22527475	22532202	4727	ALE	0.9881	-	0.4477
1	22531639	22537058	5419	ALE	0.9949	-	0.4447
1	22534686	22540444	5758	BIANCA	0.9947	-	0.8795
1	22538006	22543662	5656	ALE	0.9583	-	0.7207
1	22543857	22548988	5131	ALE	0.9920	-	0.7323
1	22547951	22556202	8251	SIRE	0.8981	-	0.4139
1	22554355	22560055	5700	ALE	0.9996	-	0.7506
1	22558154	22563644	5490	TORK	0.9783	-	0.3397
1	22562000	22567805	5805	ALE	0.9647	-	0.3075
1	22562000	22567805	5805	ALE	0.9647	-	0.3075
1	22567444	22572801	5357	TORK	0.9909	-	0.9425
1	22570941	22576049	5108	ALE	0.9446	-	0.4766
1	22576130	22582033	5903	ALE	0.9957	-	0.9866
1	22581801	22587410	5609	TORK	0.9753	-	0.3994
1	22585070	22590805	5735	ALE	0.9979	-	0.9755
1	22588353	22593850	5497	ALE	0.9415	-	0.9336
1	22591482	22597091	5609	ALE	0.9940	-	0.7913
1	22595517	22601129	5612	ALE	0.9722	-	0.9427
1	22599293	22605024	5731	ALE	0.9955	-	0.9222
1	22603078	22608643	5565	ALE	0.9578	-	0.4262
1	22599293	22605024	5731	ALE	0.9955	-	0.3208
1	22603078	22608643	5565	ALE	0.9578	-	0.4262
1	22608117	22614382	6265	TORK	0.9891	-	0.2492
1	22612153	22618177	6024	ALE	0.8224	-	0.9591
1	22615754	22620509	4755	ALE	0.9935	-	0.9023
1	22620384	22625420	5036	ALE	0.9979	-	0.6246
1	22623760	22629535	5775	ALE	0.9793	-	0.6782
1	22627167	22632057	4890	ALE	0.8154	-	0.6444
1	22629679	22635156	5477	ALE	0.9892	-	0.3445
1	22634144	22639790	5646	ALE	0.9902	-	0.7872
1	22638747	22643461	4714	BIANCA	0.9475	-	0.4903
1	22641432	22647217	5785	REINA	0.9796	-	0.7627
1	22644813	22650209	5396	ALE	0.7149	-	0.4015
1	22638747	22643461	4714	BIANCA	0.9475	-	0.9094
1	22641432	22647217	5785	REINA	0.9796	-	0.7627
1	22644813	22650209	5396	ALE	0.7149	-	0.4015
1	22647882	22653823	5941	ALE	0.9771	-	0.9603
1	22655965	22661456	5491	ALE	0.9880	-	0.8589
1	22662155	22668388	6233	REINA	0.9984	-	0.5066
1	22666047	22672705	6658	TORK	0.7925	-	0.4090
1	22669998	22675451	5453	REINA	0.9987	-	0.5414
1	22672898	22679716	6818	REINA	0.9763	-	0.5065
1	22678644	22684870	6226	ALE	0.9947	-	0.7523
1	22681746	22690421	8675	DEL	0.8870	-	0.3220
1	22678644	22684870	6226	ALE	0.9947	-	0.9793
1	22681746	22690421	8675	DEL	0.8870	-	0.3220
1	22688106	22693782	5676	TORK	0.9989	-	0.3071
1	22693449	22698167	4718	ALE	0.9834	-	0.6788
1	22696725	22701924	5199	ALE	0.9795	-	0.4477
1	22701577	22706903	5326	ALE	0.9918	-	0.4015
1	22705119	22710710	5591	ALE	0.7515	-	0.9920
1	22709939	22714956	5017	REINA	0.9942	-	0.6787
1	22714302	22724038	9736	SIRE	0.9774	-	0.9552
1	22722738	22727876	5138	REINA	0.8784	-	0.6392
1	22722738	22727876	5138	REINA	0.8784	-	0.6392
1	22726485	22732368	5883	ALE	0.9872	-	0.9414
1	22731627	22736651	5024	TORK	0.9757	-	0.7322
1	22734218	22741865	7647	SIRE	0.9903	-	0.7053
1	22741267	22747941	6674	REINA	0.9944	-	0.8531
1	22747131	22752542	5411	ALE	0.9872	-	0.5361
1	22750235	22756463	6228	ALE	0.9862	-	0.8515
1	22754074	22759589	5515	ALE	0.9819	-	0.9280
1	22757806	22763203	5397	ALE	0.9980	-	0.9906
1	22761334	22766693	5359	ALE	0.9973	-	0.4401
1	22765427	22771572	6145	ALE	0.9988	-	0.4640
1	22761334	22766693	5359	ALE	0.9973	-	0.4401
1	22765427	22771572	6145	ALE	0.9988	-	0.4640
1	22771449	22777252	5803	ALE	0.9981	-	0.3879
1	22775955	22781494	5539	ALE	0.9909	-	0.8173
1	22780625	22786407	5782	ALE	0.9953	-	0.9030
1	22783334	22791467	8133	SIRE	0.9727	-	0.8470
1	22788934	22794830	5896	REINA	0.9633	-	0.5549
1	22793976	22800464	6488	ALE	0.9948	-	0.7102
1	22799988	22805931	5943	ALE	0.9971	-	0.7489
1	22803191	22809280	6089	BIANCA	0.8896	-	0.6643
1	22807032	22811406	4374	ALE	0.8253	-	0.4957
1	22799988	22805931	5943	ALE	0.9971	-	0.4470
1	22803191	22809280	6089	BIANCA	0.8896	-	0.6643
1	22809467	22814537	5070	BIANCA	0.9429	-	0.6009
1	22812647	22819094	6447	TORK	0.9996	-	0.8789
1	22817478	22822811	5333	ALE	0.9884	-	0.9926
1	22820079	22827667	7588	TORK	0.8479	-	0.9315
1	22825604	22831657	6053	ALE	0.9737	-	0.9694
1	22829554	22834986	5432	ALE	0.9903	-	0.8119
1	22833760	22840101	6341	ALE	0.9913	-	0.8666
1	22839073	22844221	5148	TORK	0.9996	-	0.9683
1	22842397	22847580	5183	ALE	0.9946	-	0.9219
1	22845264	22850308	5044	ALE	0.9740	-	0.9988
1	22839073	22844221	5148	TORK	0.9996	-	0.9683
1	22842397	22847580	5183	ALE	0.9946	-	0.9219
1	22845264	22850308	5044	ALE	0.9740	-	0.9988
1	22848161	22854136	5975	ALE	0.9947	-	0.9906
1	22853042	22861377	8335	BIANCA	0.9426	-	0.7703
1	22858169	22864374	6205	ALE	0.9969	-	0.5877
1	22862340	22867354	5014	ALE	0.9902	-	0.4975
1	22865024	22870318	5294	BIANCA	0.9870	-	0.5162
1	22870828	22875883	5055	TORK	0.9208	-	0.5433
1	22873590	22879194	5604	ALE	0.9945	-	0.6430
1	22876890	22882530	5640	ALE	0.9966	-	0.7929
1	22880182	22885987	5805	ALE	0.8600	-	0.5534
1	22884574	22889897	5323	ALE	0.9947	-	0.8668
1	22880182	22885987	5805	ALE	0.8600	-	0.9426
1	22884574	22889897	5323	ALE	0.9947	-	0.8668
1	22888140	22893171	5031	ALE	0.9874	-	0.7499
1	22891649	22897265	5616	TORK	0.9913	-	0.7313
1	22894524	22901752	7228	SIRE	0.8480	-	0.9451
1	22899547	22904301	4754	REINA	0.9935	-	0.9288
1	22904075	22912882	8807	DEL	0.9530	-	0.6412
1	22911700	22921250	9550	SIRE	0.9865	-	0.9030
1	22922307	22927039	4732	ALE	0.9878	-	0.6547
1	22924582	22930560	5978	ALE	0.9975	-	0.5763
1	22922307	22927039	4732	ALE	0.9878	-	0.6547
1	22924582	22930560	5978	ALE	0.9975	-	0.5763
1	22928480	22933088	4608	ALE	0.9897	-	0.7880
1	22931798	22937867	6069	ALE	0.9594	-	0.6250
1	22937951	22944166	6215	ALE	0.9986	-	0.9926
1	22941941	22947142	5201	ALE	0.7350	-	0.5401
1	22944128	22954763	10635	DEL	0.9648	-	0.9945
1	22952885	22958150	5265	TORK	0.9921	-	0.7433
1	22955873	22962129	6256	TORK	0.9553	-	0.8109
1	22962696	22968840	6144	TORK	0.9570	-	0.3241
1	22962696	22968840	6144	TORK	0.9570	-	0.3241
1	22967234	22972656	5422	ALE	0.9781	-	0.3920
1	22970961	22976965	6004	ALE	0.9970	-	0.6933
1	22975461	22981173	5712	ALE	0.9990	-	0.8177
1	22982460	22987855	5395	ALE	0.9993	-	0.9275
1	22986343	22992850	6507	ALE	0.9627	-	0.3347
1	22993335	22998578	5243	ALE	0.9965	-	0.5128
1	22999132	23003871	4739	ALE	0.9901	-	0.9430
1	23003643	23008167	4524	ALE	0.9830	-	0.9293
1	22999132	23003871	4739	ALE	0.9901	-	0.3421
1	23003643	23008167	4524	ALE	0.9830	-	0.9293
1	23005935	23014285	8350	TORK	0.9066	-	0.9602
1	23012313	23017504	5191	ALE	0.9975	-	0.5066
1	23018774	23023659	4885	ALE	0.9673	-	0.4436
1	23021334	23027139	5805	ALE	0.9954	-	0.9790
1	23025847	23030223	4376	ALE	0.9854	-	0.4799
1	23030145	23035689	5544	TORK	0.9943	-	0.9862
1	23035499	23042145	6646	ALE	0.9879	-	0.5325
1	23041802	23047502	5700	REINA	0.9986	-	0.8907
1	23045548	23050760	5212	ALE	0.9905	-	0.8234
1	23041802	23047502	5700	REINA	0.9986	-	0.8907
1	23045548	23050760	5212	ALE	0.9905	-	0.8234
1	23048479	23054374	5895	REINA	0.9939	-	0.9606
1	23054495	23060398	5903	ALE	0.9989	-	0.5254
1	23057780	23063484	5704	ALE	0.9860	-	0.9749
1	23061247	23067061	5814	ALE	0.9980	-	0.9254
1	23065918	23071822	5904	BIANCA	0.9909	-	0.8199
1	23069140	23075760	6620	ALE	0.9994	-	0.6461
1	23073540	23078956	5416	TORK	0.9806	-	0.8147
1	23078993	23085071	6078	ALE	0.9983	-	0.9852
1	23084902	23089783	4881	ALE	0.9933	-	0.5783
1	23078993	23085071	6078	ALE	0.9983	-	0.8297
1	23084902	23089783	4881	ALE	0.9933	-	0.5783
1	23089200	23094527	5327	BIANCA	0.9903	-	0.9169
1	23092929	23098827	5898	BIANCA	0.9929	-	0.6054
1	23098622	23104561	5939	ALE	0.9981	-	0.7784
1	23102259	23106446	4187	ALE	0.9515	-	0.8797
1	23105573	23111833	6260	ALE	0.9848	-	0.4509
1	23109306	23114159	4853	TORK	0.9964	-	0.5005
1	23111657	23118342	6685	ALE	0.9951	-	0.7219
1	23118226	23125117	6891	SIRE	0.9502	-	0.4846
1	23123037	23128851	5814	ALE	0.9977	-	0.2409
1	23118226	23125117	6891	SIRE	0.9502	-	0.8010
1	23123037	23128851	5814	ALE	0.9977	-	0.2409
1	23127396	23132216	4820	ORYCO	0.9980	-	0.6212
1	23133428	23138759	5331	ALE	0.9838	-	0.9955
1	23136512	23142612	6100	ALE	0.9925	-	0.4745
1	23140480	23145765	5285	ALE	0.9973	-	0.7783
1	23145715	23150529	4814	ALE	0.9905	-	0.9784
1	23150354	23155762	5408	ALE	0.9961	-	0.4503
1	23153782	23158643	4861	ALE	0.8130	-	0.4021
1	23156464	23161776	5312	TORK	0.9972	-	0.6063
1	23162772	23168348	5576	TORK	0.9884	-	0.6265
1	23166003	23171112	5109	TORK	0.7372	-	0.9037
1	23162772	23168348	5576	TORK	0.9884	-	0.6265
1	23166003	23171112	5109	TORK	0.7372	-	0.9037
1	23168624	23174498	5874	TORK	0.9849	-	0.6210
1	23173934	23179003	5069	ALE	0.9977	-	0.9818
1	23178189	23183496	5307	ALE	0.9885	-	0.7814
1	23181173	23186600	5427	REINA	0.9976	-	0.7249
1	23186042	23191536	5494	ALE	0.9990	-	0.6830
1	23191262	23196517	5255	TORK	0.9899	-	0.9785
1	23194237	23199635	5398	ALE	0.9758	-	0.6907
1	23196952	23203236	6284	ALE	0.9975	-	0.9836
1	23203165	23208503	5338	TORK	0.9920	-	0.8926
1	23203165	23208503	5338	TORK	0.9920	-	0.8926
1	23209109	23214889	5780	REINA	0.9961	-	0.3032
1	23212513	23217551	5038	ALE	0.9768	-	0.9965
1	23216006	23221682	5676	ORYCO	0.9994	-	0.4610
1	23219444	23224728	5284	ALE	0.9652	-	0.9578
1	23222590	23226953	4363	ALE	0.9919	-	0.9751
1	23225476	23231998	6522	TORK	0.9726	-	0.7124
1	23229892	23235818	5926	TORK	0.9867	-	0.3839
1	23236322	23241675	5353	ORYCO	0.9992	-	0.5907
1	23239530	23244602	5072	TORK	0.9777	-	0.4521
1	23242517	23248068	5551	ALE	0.9975	-	0.4939
1	23239530	23244602	5072	TORK	0.9777	-	0.5261
1	23242517	23248068	5551	ALE	0.9975	-	0.4939
1	23245527	23255842	10315	ATHILA	0.9821	-	0.8536
1	23253176	23257882	4706	ALE	0.9936	-	0.9570
1	23255777	23261157	5380	ALE	0.9927	-	0.3330
1	23259626	23265767	6141	REINA	0.9993	-	0.6939
1	23263652	23267920	4268	BIANCA	0.9595	-	0.5785
1	23266702	23273236	6534	ALE	0.9984	-	0.5159
1	23271578	23278543	6965	ALE	0.9831	-	0.4129
1	23276631	23282274	5643	ALE	0.9986	-	0.5650
1	23282501	23288733	6232	TORK	0.9990	-	0.9920
1	23282501	23288733	6232	TORK	0.9990	-	0.9920
1	23287063	23293102	6039	ALE	0.9851	-	0.9869
1	23291303	23296913	5610	ALE	0.9769	-	0.9474
1	23296187	23300743	4556	ALE	0.9991	-	0.8076
1	23299168	23304365	5197	TORK	0.9823	-	0.8909
1	23302201	23307085	4884	TORK	0.9634	-	0.7232
1	23305018	23310309	5291	ALE	0.9511	-	0.6554
1	23308206	23313309	5103	REINA	0.9947	-	0.6795
1	23310862	23316546	5684	ALE	0.9982	-	0.9044
1	23315644	23321351	5707	DEL	0.9612	-	0.5178
1	23319235	23324690	5455	ALE	0.9902	-	0.5191
1	23322868	23329143	6275	REINA	0.9805	-	0.6206
1	23319235	23324690	5455	ALE	0.9902	-	0.6379
1	23322868	23329143	6275	REINA	0.9805	-	0.6206
1	23327121	23331455	4334	ALE	0.9921	-	0.5420
1	23329256	23334481	5225	ALE	0.8977	-	0.4644
1	23332780	23337477	4697	ALE	0.9865	-	0.4395
1	23335775	23341193	5418	ALE	0.9973	-	0.6661
1	23339072	23344607	5535	ALE	0.9978	-	0.4896
1	23342274	23347924	5650	ALE	0.9975	-	0.6746
1	23345916	23352430	6514	REINA	0.9595	-	0.5499
1	23349978	23354880	4902	ALE	0.9934	-	0.4583
1	23352956	23361719	8763	DEL	0.9939	-	0.9907
1	23360718	23365637	4919	ALE	0.9934	-	0.5114
1	23363837	23369246	5409	ALE	0.9928	-	0.9617
1	23360718	23365637	4919	ALE	0.9934	-	0.5903
1	23363837	23369246	5409	ALE	0.9928	-	0.9617
1	23367194	23372372	5178	ALE	0.9963	-	0.5364
1	23371036	23375995	4959	ALE	0.9823	-	0.9983
1	23374721	23380395	5674	TORK	0.7580	-	0.5177
1	23377860	23383955	6095	ALE	0.9995	-	0.8689
1	23383287	23389292	6005	ALE	0.9981	-	0.6180
1	23390029	23395724	5695	BIANCA	0.9884	-	0.9507
1	23395867	23400590	4723	ALE	0.9927	-	0.8605
1	23399188	23404523	5335	TORK	0.9546	-	0.6754
1	23402306	23407511	5205	ALE	0.9918	-	0.3654
1	23405645	23411929	6284	ORYCO	0.9978	-	0.9898
1	23399188	23404523	5335	TORK	0.9546	-	0.3918
1	23402306	23407511	5205	ALE	0.9918	-	0.3654
1	23405645	23411929	6284	ORYCO	0.9978	-	0.9898
1	23409467	23414553	5086	ALE	0.9894	-	0.6040
1	23413039	23419233	6194	ALE	0.9893	-	0.4328
1	23417436	23423222	5786	REINA	0.9785	-	0.6135
1	23422021	23428180	6159	ALE	0.9989	-	0.5066
1	23426586	23433321	6735	ALE	0.9992	-	0.3249
1	23430705	23436373	5668	ALE	0.9841	-	0.9870
1	23434503	23439295	4792	ALE	0.9740	-	0.3466
1	23437915	23443613	5698	ORYCO	0.9799	-	0.9896
1	23441968	23446453	4485	REINA	0.9993	-	0.9968
1	23444819	23451045	6226	ALE	0.9850	-	0.2726
1	23441968	23446453	4485	REINA	0.9993	-	0.9968
1	23444819	23451045	6226	ALE	0.9850	-	0.2726
1	23450006	23455535	5529	ALE	0.9909	-	0.9504
1	23453367	23458803	5436	ALE	0.9899	-	0.9956
1	23456826	23462401	5575	BIANCA	0.9907	-	0.5845
1	23460603	23465820	5217	ORYCO	0.9970	-	0.7582
1	23462290	23473084	10794	DEL	0.9880	-	0.6956
1	23471546	23477464	5918	ALE	0.9967	-	0.8168
1	23477333	23482805	5472	ALE	0.9991	-	0.9677
1	23480280	23486215	5935	REINA	0.9596	-	0.9854
1	23486083	23491265	5182	ALE	0.9986	-	0.4599
1	23480280	23486215	5935	REINA	0.9596	-	0.9674
1	23486083	23491265	5182	ALE	0.9986	-	0.4599
1	23491823	23497397	5574	ALE	0.9958	-	0.9740
1	23494877	23500248	5371	ALE	0.9908	-	0.9736
1	23497418	23504420	7002	TORK	0.7654	-	0.4527
1	23501459	23507354	5895	ALE	0.9802	-	0.5944
1	23507966	23512856	4890	ALE	0.9779	-	0.9260
1	23511396	23517418	6022	ALE	0.9961	-	0.4831
1	23515293	23520884	5591	ALE	0.9832	-	0.9124
1	23520682	23526000	5318	TORK	0.9976	-	0.8331
1	23523690	23530430	6740	BIANCA	0.8977	-	0.9723
1	23520682	23526000	5318	TORK	0.9976	-	0.8558
1	23523690	23530430	6740	BIANCA	0.8977	-	0.9723
1	23528883	23535186	6303	ALE	0.9894	-	0.5272
1	23533536	23538563	5027	ALE	0.9974	-	0.6385
1	23536924	23542687	5763	TORK	0.9615	-	0.6813
1	23539876	23546473	6597	ALE	0.9990	-	0.5024
1	23545045	23550519	5474	TORK	0.7159	-	0.3189
1	23548807	23553710	4903	ALE	0.9857	-	0.8417
1	23552950	23558840	5890	TORK	0.9976	-	0.4025
1	23556814	23561979	5165	TORK	0.8219	-	0.6788
1	23559542	23565182	5640	ALE	0.9812	-	0.6194
1	23563712	23569255	5543	ALE	0.9925	-	0.2682
1	23559542	23565182	5640	ALE	0.9812	-	0.5517
1	23563712	23569255	5543	ALE	0.9925	-	0.2682
1	23568937	23573929	4992	ALE	0.9536	-	0.5514
1	23574415	23580624	6209	ALE	0.9965	-	0.9439
1	23579003	23583541	4538	ALE	0.8274	-	0.9833
1	23582120	23587257	5137	ALE	0.9961	-	0.8282
1	23585284	23590752	5468	TORK	0.9688	-	0.9544
1	23589086	23594726	5640	ALE	0.9923	-	0.9146
1	23596019	23601982	5963	ALE	0.9725	-	0.3427
1	23603312	23608815	5503	ALE	0.9920	-	0.9597
1	23606507	23611563	5056	ALE	0.8329	-	0.8237
1	23603312	23608815	5503	ALE	0.9920	-	0.9597
1	23609216	23614926	5710	ALE	0.9976	-	0.5691
1	23614017	23619403	5386	ALE	0.9999	-	0.9896
1	23620236	23625187	4951	ALE	0.9870	-	0.5534
1	23623829	23629055	5226	ALE	0.9697	-	0.7082
1	23628989	23634027	5038	ALE	0.9829	-	0.8400
1	23632340	23638181	5841	ALE	0.9457	-	0.8558
1	23636364	23641796	5432	ALE	0.9815	-	0.7449
1	23641251	23646349	5098	ALE	0.9951	-	0.9975
1	23641251	23646349	5098	ALE	0.9951	-	0.9975
1	23646285	23651932	5647	TORK	0.9860	-	0.3957
1	23650313	23659137	8824	SIRE	0.9841	-	0.3215
1	23656699	23664156	7457	DEL	0.9759	-	0.5387
1	23661489	23666275	4786	ALE	0.9958	-	0.4699
1	23666752	23673045	6293	ALE	0.9836	-	0.9933
1	23671894	23676203	4309	ALE	0.9522	-	0.3992
1	23675076	23680190	5114	ALE	0.9214	-	0.5903
1	23678410	23683278	4868	ALE	0.9860	-	0.6266
1	23684655	23690497	5842	ALE	0.9977	-	0.4426
1	23684655	23690497	5842	ALE	0.9977	-	0.4426
1	23688499	23694269	5770	ALE	0.9977	-	0.6753
1	23692337	23698540	6203	ALE	0.9958	-	0.6643
1	23699078	23703790	4712	TORK	0.9826	-	0.7931
1	23701590	23708323	6733	TORK	0.9962	-	0.9218
1	23706406	23711195	4789	ALE	0.9761	-	0.8282
1	23710875	23717373	6498	REINA	0.9710	-	0.9463
1	23717430	23724175	6745	ALE	0.9956	-	0.8366
1	23722867	23728388	5521	ALE	0.9802	-	0.9772
1	23722867	23728388	5521	ALE	0.9802	-	0.9772
1	23728371	23733703	5332	ALE	0.9947	-	0.4179
1	23733790	23739229	5439	ALE	0.9952	-	0.9562
1	23738986	23744422	5436	TORK	0.9666	-	0.9985
1	23741933	23747922	5989	REINA	0.9941	-	0.8774
1	23746887	23753171	6284	ALE	0.9964	-	0.8043
1	23753535	23759004	5469	REINA	0.9892	-	0.9914
1	23757289	23762491	5202	ALE	0.9967	-	0.7677
1	23762859	23768445	5586	ALE	0.9980	-	0.9355
1	23765910	23771470	5560	TORK	0.8794	-	0.9893
1	23762859	23768445	5586	ALE	0.9980	-	0.9355
1	23765910	23771470	5560	TORK	0.8794	-	0.9893
1	23769930	23775135	5205	ALE	0.9868	-	0.6281
1	23772692	23778569	5877	ALE	0.9946	-	0.7589
1	23777005	23783283	6278	ALE	0.9894	-	0.9372
1	23781050	23785599	4549	ALE	0.9686	-	0.9666
1	23785441	23790266	4825	TORK	0.9951	-	0.8572
1	23790215	23799021	8806	ATHILA	0.9831	-	0.5413
1	23796710	23804895	8185	ATHILA	0.9933	-	0.9993
1	23805085	23809969	4884	BIANCA	0.9857	-	0.8297
1	23796710	23804895	8185	ATHILA	0.9933	-	0.7675
1	23805085	23809969	4884	BIANCA	0.9857	-	0.8297
1	23810748	23816196	5448	ALE	0.9829	-	0.7043
1	23816888	23821668	4780	ALE	0.9884	-	0.8201
1	23820916	23828220	7304	DEL	0.9922	-	0.8496
1	23825545	23830735	5190	ALE	0.9964	-	0.6677
1	23832204	23838268	6064	BIANCA	0.9991	-	0.6971
1	23837556	23842369	4813	ALE	0.9661	-	0.9458
1	23841947	23848104	6157	ALE	0.9794	-	0.7734
1	23841947	23848104	6157	ALE	0.9794	-	0.7734
1	23844705	23853633	8928	DEL	0.9926	-	0.7862
1	23854433	23859314	4881	ALE	0.9944	-	0.9666
1	23857548	23863604	6056	TORK	0.9522	-	0.9479
1	23860278	23868695	8417	SIRE	0.9958	-	0.4973
1	23865576	23871725	6149	ALE	0.9992	-	0.8469
1	23869249	23874844	5595	ALE	0.9931	-	0.8647
1	23872380	23877507	5127	ALE	0.9753	-	0.6691
1	23875212	23881271	6059	ALE	0.9990	-	0.8097
1	23880018	23886026	6008	ALE	0.9818	-	0.6847
1	23885743	23891465	5722	ALE	0.9984	-	0.9980
1	23880018	23886026	6008	ALE	0.9818	-	0.5193
1	23885743	23891465	5722	ALE	0.9984	-	0.9980
1	23890060	23894848	4788	TORK	0.9476	-	0.9865
1	23892750	23898524	5774	ALE	0.9988	-	0.3581
1	23897135	23903169	6034	ALE	0.9936	-	0.7892
1	23902345	23907003	4658	ALE	0.9956	-	0.7382
1	23905389	23910615	5226	ALE	0.9937	-	0.9906
1	23908697	23913862	5165	ALE	0.9709	-	0.8583
1	23911541	23917083	5542	TORK	0.9517	-	0.5971
1	23915363	23920221	4858	ALE	0.9908	-	0.9716
1	23920097	23925022	4925	REINA	0.9940	-	0.3827
1	23924839	23929553	4714	ALE	0.9579	-	0.6798
1	23920097	23925022	4925	REINA	0.9940	-	0.8537
1	23924839	23929553	4714	ALE	0.9579	-	0.6798
1	23927494	23932708	5214	ALE	0.9604	-	0.6287
1	23930846	23935738	4892	ALE	0.9911	-	0.9033
1	23933769	23940391	6622	REINA	0.9016	-	0.4726
1	23938540	23943535	4995	ALE	0.9892	-	0.3788
1	23942465	23948071	5606	ALE	0.9987	-	0.3717
1	23946901	23952921	6020	ALE	0.9968	-	0.7825
1	23951787	23956488	4701	ALE	0.9741	-	0.5042
1	23955850	23961307	5457	ALE	0.9976	-	0.8264
1	23959352	23964706	5354	ALE	0.7737	-	0.9411
1	23963357	23968072	4715	ORYCO	0.9996	-	0.8886
1	23959352	23964706	5354	ALE	0.7737	-	0.4907
1	23963357	23968072	4715	ORYCO	0.9996	-	0.8886
1	23966317	23975774	9457	ATHILA	0.9796	-	0.4132
1	23973493	23978742	5249	ALE	0.9974	-	0.8582
1	23976212	23983107	6895	TORK	0.9868	-	0.4491
1	23982379	23988654	6275	ALE	0.9955	-	0.6012
1	23986109	23991715	5606	BIANCA	0.9822	-	0.5874
1	23990912	23997391	6479	BIANCA	0.9669	-	0.4613
1	23993965	24004137	10172	SIRE	0.9932	-	0.7111
1	24002660	24007587	4927	ALE	0.9953	-	0.9988
1	24002660	24007587	4927	ALE	0.9953	-	0.9988
1	24006423	24011975	5552	TORK	0.9855	-	0.7945
1	24009971	24016055	6084	ALE	0.9993	-	0.8704
1	24013792	24019362	5570	TORK	0.8479	-	0.9039
1	24016547	24026154	9607	DEL	0.9754	-	0.5098
1	24025347	24033118	7771	TORK	0.9426	-	0.8360
1	24031728	24037707	5979	ALE	0.9973	-	0.3916
1	24035207	24040932	5725	ALE	0.9985	-	0.8715
1	24041013	24046670	5657	ALE	0.9968	-	0.4630
1	24041013	24046670	5657	ALE	0.9968	-	0.4702
1	24047234	24051978	4744	ALE	0.8876	-	0.6293
1	24050683	24056215	5532	ALE	0.9989	-	0.9720
1	24056746	24062085	5339	ALE	0.9807	-	0.7598
1	24060361	24067137	6776	TORK	0.9266	-	0.7878
1	24064870	24071011	6141	TORK	0.9762	-	0.7081
1	24068654	24074254	5600	ALE	0.9907	-	0.7683
1	24071926	24078340	6414	TORK	0.7209	-	0.4091
1	24075876	24081337	5461	ALE	0.9985	-	0.7183
1	24080799	24086804	6005	TORK	0.9956	-	0.9925
1	24080799	24086804	6005	TORK	0.9956	-	0.9913
1	24083536	24094800	11264	ATHILA	0.9851	-	0.9530
1	24091731	24097773	6042	ALE	0.9753	-	0.9659
1	24096069	24101116	5047	ALE	0.9924	-	0.4987
1	24101519	24106456	4937	ALE	0.9969	-	0.8194
1	24104374	24110270	5896	TORK	0.9908	-	0.8402
1	24108974	24115517	6543	TORK	0.9941	-	0.6475
1	24113017	24118371	5354	REINA	0.9908	-	0.6728
1	24116555	24122855	6300	ALE	0.9981	-	0.4104
1	24119959	24126336	6377	TORK	0.8438	-	0.6800
1	24124675	24129565	4890	ALE	0.9912	-	0.5341
1	24119959	24126336	6377	TORK	0.8438	-	0.7412
1	24124675	24129565	4890	ALE	0.9912	-	0.5341
1	24127286	24135828	8542	SIRE	0.9865	-	0.9998
1	24134105	24139030	4925	ALE	0.9965	-	0.8005
1	24136966	24141561	4595	TORK	0.9299	-	0.9085
1	24140207	24146008	5801	ALE	0.9989	-	0.9990
1	24143589	24148594	5005	ALE	0.9994	-	0.9611
1	24147506	24153382	5876	REINA	0.9732	-	0.3394
1	24150873	24156037	5164	TORK	0.8777	-	0.7102
1	24154207	24159324	5117	ALE	0.9990	-	0.4341
1	24157056	24161973	4917	ALE	0.8826	-	0.9678
1	24159958	24165814	5856	ALE	0.9993	-	0.7947
1	24163360	24168646	5286	ALE	0.9641	-	0.6023
1	24159958	24165814	5856	ALE	0.9993	-	0.5594
1	24163360	24168646	5286	ALE	0.9641	-	0.6023
1	24167432	24172987	5555	TORK	0.9956	-	0.6870
1	24172602	24181629	9027	SIRE	0.9929	-	0.9374
1	24179144	24185667	6523	ALE	0.9994	-	0.6845
1	24184124	24188433	4309	REINA	0.9881	-	0.4199
1	24186426	24191217	4791	ALE	0.9712	-	0.4805
1	24189617	24195057	5440	ORYCO	0.9882	-	0.9862
1	24192748	24198111	5363	BIANCA	0.7680	-	0.5519
1	24195985	24201018	5033	ALE	0.9966	-	0.5659
1	24198946	24203749	4803	ALE	0.9679	-	0.8302
1	24203279	24208348	5069	ALE	0.9865	-	0.3289
1	24198946	24203749	4803	ALE	0.9679	-	0.3253
1	24203279	24208348	5069	ALE	0.9865	-	0.3289
1	24206395	24212118	5723	TORK	0.9957	-	0.6635
1	24209889	24215509	5620	ALE	0.9964	-	0.9041
1	24215236	24220507	5271	ALE	0.9992	-	0.9585
1	24219876	24224701	4825	TORK	0.9678	-	0.7502
1	24222648	24228749	6101	ALE	0.9996	-	0.8737
1	24227003	24232095	5092	BIANCA	0.8624	-	0.8986
1	24230816	24236015	5199	ALE	0.9839	-	0.8498
1	24233861	24238325	4464	ORYCO	0.9242	-	0.6869
1	24235912	24242066	6154	ALE	0.9775	-	0.4505
1	24240202	24246141	5939	ALE	0.9271	-	0.3078
1	24244389	24249762	5373	ORYCO	0.9979	-	0.5286
1	24240202	24246141	5939	ALE	0.9271	-	0.5166
1	24244389	24249762	5373	ORYCO	0.9979	-	0.5286
1	24249510	24256749	7239	ALE	0.9944	-	0.9897
1	24253450	24261947	8497	TORK	0.9794	-	0.8522
1	24259562	24265637	6075	TORK	0.9983	-	0.5566
1	24264568	24270096	5528	TORK	0.9941	-	0.9691
1	24268412	24273946	5534	ALE	0.9837	-	0.8850
1	24271896	24277534	5638	TORK	0.8968	-	0.6256
1	24275835	24280914	5079	ALE	0.9952	-	0.9668
1	24278742	24285382	6640	TORK	0.9773	-	0.8531
1	24283246	24288901	5655	TORK	0.9843	-	0.5017
1	24278742	24285382	6640	TORK	0.9773	-	0.9255
1	24283246	24288901	5655	TORK	0.9843	-	0.5017
1	24289547	24294779	5232	ALE	0.9906	-	0.7342
1	24294071	24299543	5472	ALE	0.9483	-	0.3248
1	24297572	24302111	4539	ALE	0.9927	-	0.3623
1	24302701	24308257	5556	ALE	0.9980	-	0.5805
1	24305826	24311540	5714	TORK	0.9480	-	0.9410
1	24310677	24315320	4643	ALE	0.9880	-	0.4297
1	24314243	24319405	5162	ALE	0.9953	-	0.9697
1	24317537	24322811	5274	ALE	0.9600	-	0.4700
1	24320680	24327182	6502	ALE	0.9908	-	0.9791
1	24324367	24330689	6322	ALE	0.9976	-	0.9940
1	24320680	24327182	6502	ALE	0.9908	-	0.9742
1	24324367	24330689	6322	ALE	0.9976	-	0.9940
1	24329335	24334315	4980	ALE	0.9965	-	0.9130
1	24334110	24339764	5654	ALE	0.9972	-	0.9933
1	24338755	24343852	5097	ALE	0.9926	-	0.5682
1	24344421	24349992	5571	ALE	0.9959	-	0.9881
1	24351308	24357248	5940	ALE	0.9974	-	0.5823
1	24355144	24360938	5794	TORK	0.9968	-	0.8902
1	24359256	24364449	5193	TORK	0.9765	-	0.8929
1	24364436	24370504	6068	REINA	0.9993	-	0.8831
1	24359256	24364449	5193	TORK	0.9765	-	0.2876
1	24364436	24370504	6068	REINA	0.9993	-	0.8831
1	24367800	24373512	5712	ALE	0.8819	-	0.9734
1	24371043	24376133	5090	ALE	0.9661	-	0.7158
1	24374882	24380453	5571	ALE	0.9899	-	0.5791
1	24382142	24388111	5969	ALE	0.9952	-	0.5392
1	24385482	24395451	9969	ATHILA	0.9944	-	0.5031
1	24394438	24399608	5170	ALE	0.9924	-	0.9768
1	24399072	24404512	5440	ALE	0.9832	-	0.8473
1	24402416	24406915	4499	ALE	0.8281	-	0.9753
1	24399072	24404512	5440	ALE	0.9832	-	0.3207
1	24402416	24406915	4499	ALE	0.8281	-	0.9753
1	24403927	24413476	9549	SIRE	0.9985	-	0.5678
1	24409993	24415720	5727	ALE	0.9773	-	0.5230
1	24413495	24419633	6138	ALE	0.9136	-	0.7223
1	24417403	24422152	4749	ORYCO	0.9894	-	0.5206
1	24422386	24427883	5497	ALE	0.9803	-	0.7534
1	24427209	24432320	5111	REINA	0.9923	-	0.8109
1	24430580	24435762	5182	BIANCA	0.9963	-	0.8898
1	24433876	24438795	4919	ALE	0.9495	-	0.4597
1	24437140	24443077	5937	BIANCA	0.9986	-	0.7258
1	24440800	24446370	5570	TORK	0.9417	-	0.9840
1	24445810	24451083	5273	ALE	0.9942	-	0.7923
1	24440800	24446370	5570	TORK	0.9417	-	0.9843
1	24445810	24451083	5273	ALE	0.9942	-	0.7923
1	24448567	24454496	5929	ALE	0.9939	-	0.9700
1	24452081	24457807	5726	ALE	0.8180	-	0.6861
1	24457137	24462167	5030	TORK	0.9647	-	0.3740
1	24460717	24465396	4679	ALE	0.9978	-	0.4452
1	24465275	24471369	6094	ALE	0.9908	-	0.9248
1	24469227	24477558	8331	DEL	0.9320	-	0.3609
1	24474745	24479871	5126	ALE	0.9225	-	0.7327
1	24477648	24483744	6096	REINA	0.9967	-	0.9177
1	24481698	24487962	6264	BIANCA	0.9245	-	0.4917
1	24485671	24491607	5936	BIANCA	0.9984	-	0.4441
1	24481698	24487962	6264	BIANCA	0.9245	-	0.4917
1	24485671	24491607	5936	BIANCA	0.9984	-	0.4441
1	24491374	24496968	5594	ALE	0.9731	-	0.5885
1	24498427	24503539	5112	ALE	0.9975	-	0.8307
1	24505758	24510342	4584	ALE	0.9954	-	0.4153
1	24507081	24517376	10295	ATHILA	0.9992	-	0.6025
1	24516531	24521688	5157	ALE	0.9985	-	0.7516
1	24519535	24525679	6144	ALE	0.9975	-	0.5914
1	24524010	24528376	4366	ALE	0.8389	-	0.8185
1	24519535	24525679	6144	ALE	0.9975	-	0.5787
1	24524010	24528376	4366	ALE	0.8389	-	0.8185
1	24526859	24531983	5124	ALE	0.9793	-	0.5674
1	24531814	24538387	6573	ALE	0.9988	-	0.6268
1	24536421	24541860	5439	ALE	0.9995	-	0.5254
1	24541702	24547369	5667	TORK	0.9984	-	0.3947
1	24545129	24550658	5529	ALE	0.9958	-	0.9984
1	24551683	24557021	5338	ALE	0.9872	-	0.9942
1	24555779	24561242	5463	ALE	0.9981	-	0.8139
1	24559270	24563743	4473	ALE	0.9847	-	0.8476
1	24561688	24567551	5863	ALE	0.9960	-	0.8787
1	24564915	24570932	6017	ALE	0.9970	-	0.5961
1	24559270	24563743	4473	ALE	0.9847	-	0.5790
1	24561688	24567551	5863	ALE	0.9960	-	0.8787
1	24564915	24570932	6017	ALE	0.9970	-	0.5961
1	24567938	24575983	8045	DEL	0.8823	-	0.5406
1	24574350	24579864	5514	ALE	0.9960	-	0.8307
1	24577647	24583858	6211	ALE	0.9721	-	0.5157
1	24581624	24586396	4772	ORYCO	0.9456	-	0.9895
1	24584754	24590174	5420	ALE	0.9971	-	0.3294
1	24589638	24600330	10692	DEL	0.9896	-	0.4139
1	24597140	24603598	6458	ALE	0.9790	-	0.8927
1	24602402	24607744	5342	ALE	0.9986	-	0.4436
1	24606274	24611220	4946	ALE	0.9931	-	0.9216
1	24602402	24607744	5342	ALE	0.9986	-	0.4436
1	24606274	24611220	4946	ALE	0.9931	-	0.9216
1	24609640	24615175	5535	ALE	0.7860	-	0.3984
1	24614253	24619806	5553	ALE	0.9839	-	0.6995
1	24618708	24623819	5111	ALE	0.9962	-	0.6732
1	24623626	24629250	5624	ALE	0.9969	-	0.9943
1	24627106	24632921	5815	ALE	0.9220	-	0.8906
1	24632905	24638127	5222	ALE	0.9970	-	0.9654
1	24636094	24641654	5560	ALE	0.8794	-	0.5381
1	24640330	24645536	5206	ALE	0.9966	-	0.8078
1	24643369	24648856	5487	ALE	0.9971	-	0.5379
1	24640330	24645536	5206	ALE	0.9966	-	0.5420
1	24643369	24648856	5487	ALE	0.9971	-	0.5379
1	24647807	24653323	5516	TORK	0.9936	-	0.4198
1	24651914	24657733	5819	ALE	0.9859	-	0.4093
1	24657288	24663427	6139	ALE	0.9987	-	0.8276
1	24662098	24667178	5080	TORK	0.9698	-	0.4068
1	24667081	24672542	5461	TORK	0.9811	-	0.8858
1	24670540	24675318	4778	ALE	0.8303	-	0.5432
1	24674311	24679489	5178	ALE	0.9948	-	0.6515
1	24677697	24683111	5414	ALE	0.9873	-	0.5577
1	24681030	24687197	6167	ALE	0.9956	-	0.3791
1	24684860	24689481	4621	TORK	0.9455	-	0.8973
1	24681030	24687197	6167	ALE	0.9956	-	0.3811
1	24684860	24689481	4621	TORK	0.9455	-	0.8973
1	24687425	24692184	4759	ALE	0.9872	-	0.6572
1	24690356	24695659	5303	ALE	0.9938	-	0.9028
1	24694425	24700193	5768	TORK	0.9949	-	0.8993
1	24697991	24704356	6365	ALE	0.9993	-	0.9931
1	24702082	24706690	4608	ALE	0.9828	-	0.9334
1	24704972	24710232	5260	ALE	0.9985	-	0.5525
1	24708257	24713239	4982	ALE	0.9040	-	0.4209
1	24711052	24716151	5099	TORK	0.9938	-	0.6017
1	24713890	24719304	5414	ALE	0.9941	-	0.4360
1	24719258	24723941	4683	ALE	0.9980	-	0.5916
1	24722019	24727477	5458	ALE	0.9638	-	0.8359
1	24725214	24730379	5165	REINA	0.9908	-	0.8687
1	24719258	24723941	4683	ALE	0.9980	-	0.7755
1	24722019	24727477	5458	ALE	0.9638	-	0.8359
1	24725214	24730379	5165	REINA	0.9908	-	0.8687
1	24731631	24737369	5738	ALE	0.9968	-	0.9832
1	24735795	24741463	5668	TORK	0.9960	-	0.7767
1	24738871	24744834	5963	ALE	0.9993	-	0.9740
1	24743530	24748903	5373	TORK	0.9174	-	0.4271
1	24748442	24754468	6026	TORK	0.9825	-	0.5468
1	24751998	24757534	5536	TORK	0.9993	-	0.6258
1	24755235	24759688	4453	ALE	0.8675	-	0.9753
1	24758722	24764024	5302	ALE	0.9911	-	0.7391
1	24763934	24769092	5158	ALE	0.9705	-	0.6198
1	24758722	24764024	5302	ALE	0.9911	-	0.4914
1	24763934	24769092	5158	ALE	0.9705	-	0.6198
1	24768060	24773669	5609	ALE	0.9849	-	0.5823
1	24773555	24779791	6236	ALE	0.9955	-	0.7210
1	24776323	24785330	9007	TORK	0.9836	-	0.9080
1	24782370	24787733	5363	ALE	0.9932	-	0.9849
1	24786453	24791630	5177	ALE	0.9932	-	0.5073
1	24791023	24796492	5469	ALE	0.9955	-	0.5094
1	24796435	24802253	5818	TORK	0.9933	-	0.7077
1	24800176	24806098	5922	ALE	0.9954	-	0.6549
1	24800176	24806098	5922	ALE	0.9954	-	0.9158
1	24807134	24811939	4805	ALE	0.9780	-	0.4705
1	24810421	24816678	6257	TORK	0.9782	-	0.6643
1	24813582	24822983	9401	DEL	0.9904	-	0.8788
1	24820641	24826269	5628	TORK	0.9950	-	0.8654
1	24824592	24830709	6117	ALE	0.9809	-	0.9942
1	24830142	24835072	4930	ALE	0.9985	-	0.9105
1	24835242	24840637	5395	ALE	0.9952	-	0.8510
1	24838243	24843959	5716	ALE	0.9639	-	0.9592
1	24842026	24847449	5423	ALE	0.9971	-	0.9955
1	24845535	24851699	6164	TORK	0.8947	-	0.6425
1	24842026	24847449	5423	ALE	0.9971	-	0.9955
1	24845535	24851699	6164	TORK	0.8947	-	0.6425
1	24849954	24856286	6332	ORYCO	0.9984	-	0.9701
1	24855629	24861733	6104	REINA	0.9556	-	0.5652
1	24861259	24867308	6049	TORK	0.9848	-	0.4657
1	24865316	24874062	8746	SIRE	0.9897	-	0.4739
1	24872891	24878077	5186	ALE	0.9955	-	0.7026
1	24877403	24883335	5932	ALE	0.9799	-	0.5405
1	24884087	24890339	6252	TORK	0.9976	-	0.6816
1	24884087	24890339	6252	TORK	0.9976	-	0.6816
1	24888453	24893871	5418	REINA	0.9414	-	0.3745
1	24892200	24897065	4865	ALE	0.9870	-	0.6742
1	24895679	24901812	6133	ALE	0.9618	-	0.6832
1	24899899	24904681	4782	TORK	0.9948	-	0.4650
1	24902606	24907580	4974	REINA	0.8596	-	0.7373
1	24905481	24911143	5662	TORK	0.9762	-	0.4168
1	24908634	24914350	5716	ALE	0.9988	-	0.9382
1	24912022	24917723	5701	ALE	0.9924	-	0.7740
1	24917802	24923246	5444	TORK	0.9955	-	0.9294
1	24921716	24928204	6488	ALE	0.9985	-	0.4469
1	24925300	24931628	6328	ALE	0.9922	-	0.9375
1	24921716	24928204	6488	ALE	0.9985	-	0.4469
1	24925300	24931628	6328	ALE	0.9922	-	0.9375
1	24931820	24938698	6878	ALE	0.9977	-	0.4049
1	24936139	24941664	5525	ALE	0.9989	-	0.5524
1	24942188	24948201	6013	ALE	0.9972	-	0.4292
1	24948595	24953761	5166	TORK	0.9863	-	0.8248
1	24953305	24959398	6093	ALE	0.9987	-	0.5000
1	24956771	24962127	5356	ALE	0.8449	-	0.6759
1	24960738	24966626	5888	ALE	0.9993	-	0.6073
1	24964240	24970067	5827	ORYCO	0.9988	-	0.9829
1	24960738	24966626	5888	ALE	0.9993	-	0.5827
1	24964240	24970067	5827	ORYCO	0.9988	-	0.9829
1	24969144	24974774	5630	ALE	0.9961	-	0.5355
1	24973420	24978432	5012	ALE	0.8838	-	0.7931
1	24976232	24982567	6335	ALE	0.9809	-	0.8897
1	24981750	24986823	5073	ALE	0.9556	-	0.4781
1	24985497	24989982	4485	ALE	0.9932	-	0.9874
1	24987813	24993851	6038	ALE	0.9970	-	0.3961
1	24991870	24996493	4623	ALE	0.9054	-	0.7134
1	24994901	24999672	4771	ALE	0.9765	-	0.8261
1	24999966	25005672	5706	BIANCA	0.9520	-	0.5984
1	25005043	25010302	5259	ALE	0.9896	-	0.4030
1	24999966	25005672	5706	BIANCA	0.9520	-	0.4263
1	25005043	25010302	5259	ALE	0.9896	-	0.4030
1	25007957	25013288	5331	ALE	0.9814	-	0.9995
1	25012915	25018296	5381	ALE	0.9965	-	0.7603
1	25018452	25024980	6528	TORK	0.9899	-	0.5180
1	25023040	25028177	5137	ALE	0.9966	-	0.9797
1	25027833	25033015	5182	ALE	0.9882	-	0.9443
1	25032456	25037451	4995	ALE	0.9961	-	0.6238
1	25037389	25042720	5331	ALE	0.9909	-	0.6100
1	25042412	25047766	5354	ALE	0.9983	-	0.6862
1	25045412	25051085	5673	BIANCA	0.8847	-	0.6444
1	25042412	25047766	5354	ALE	0.9983	-	0.6862
1	25045412	25051085	5673	BIANCA	0.8847	-	0.6444
1	25049112	25054732	5620	ALE	0.9981	-	0.8922
1	25054081	25059684	5603	ALE	0.9878	-	0.4535
1	25058058	25063117	5059	ALE	0.9935	-	0.6588
1	25062765	25068722	5957	ALE	0.9895	-	0.7538
1	25065982	25071925	5943	ALE	0.9811	-	0.7372
1	25070788	25076176	5388	TORK	0.9822	-	0.7366
1	25074458	25079767	5309	ALE	0.9911	-	0.8701
1	25077528	25083629	6101	ALE	0.9978	-	0.5284
1	25083852	25089606	5754	ALE	0.9647	-	0.3581
1	25083852	25089606	5754	ALE	0.9647	-	0.3581
1	25089185	25094815	5630	ALE	0.9981	-	0.9913
1	25095910	25101007	5097	ALE	0.9899	-	0.8261
1	25101785	25106953	5168	ALE	0.9987	-	0.7583
1	25107213	25112426	5213	TORK	0.9361	-	0.4997
1	25110280	25115236	4956	ALE	0.9926	-	0.4287
1	25115205	25119630	4425	ALE	0.9995	-	0.7786
1	25119929	25125530	5601	ALE	0.9979	-	0.9980
1	25124724	25130862	6138	REINA	0.9946	-	0.9228
1	25119929	25125530	5601	ALE	0.9979	-	0.6649
1	25124724	25130862	6138	REINA	0.9946	-	0.9228
1	25127191	25138552	11361	DEL	0.9763	-	0.9431
1	25134738	25140927	6189	ORYCO	0.9987	-	0.4166
1	25138615	25143503	4888	REINA	0.9945	-	0.9895
1	25143939	25148384	4445	ALE	0.9725	-	0.9781
1	25147506	25152721	5215	ALE	0.9924	-	0.2568
1	25151711	25158131	6420	ALE	0.9986	-	0.8367
1	25157129	25162379	5250	ALE	0.9965	-	0.3617
1	25160261	25165385	5124	ALE	0.8784	-	0.7004
1	25164255	25170610	6355	ALE	0.9921	-	0.4341
1	25160261	25165385	5124	ALE	0.8784	-	0.8969
1	25164255	25170610	6355	ALE	0.9921	-	0.4341
1	25169458	25173803	4345	ALE	0.9898	-	0.9784
1	25172894	25178714	5820	ALE	0.9943	-	0.7976
1	25176713	25181585	4872	ALE	0.9750	-	0.8990
1	25181096	25186940	5844	ALE	0.9975	-	0.6761
1	25185068	25190279	5211	ALE	0.9903	-	0.6469
1	25188186	25192871	4685	ALE	0.9737	-	0.4294
1	25190976	25197112	6136	REINA	0.8515	-	0.9102
1	25195223	25200994	5771	ALE	0.9821	-	0.8111
1	25201912	25207719	5807	TORK	0.9684	-	0.6911
1	25205707	25210610	4903	ALE	0.9756	-	0.4230
1	25201912	25207719	5807	TORK	0.9684	-	0.6911
1	25205707	25210610	4903	ALE	0.9756	-	0.4230
1	25209163	25214711	5548	REINA	0.9914	-	0.4795
1	25212470	25218580	6110	TORK	0.9768	-	0.4196
1	25218492	25223787	5295	ALE	0.9990	-	0.4147
1	25221549	25226795	5246	ALE	0.9820	-	0.9550
1	25225280	25230044	4764	ALE	0.9953	-	0.9837
1	25230894	25236519	5625	ALE	0.8983	-	0.4174
1	25234239	25238706	4467	ALE	0.9869	-	0.9369
1	25236996	25241029	4033	BIANCA	0.9098	-	0.7668
1	25240313	25245769	5456	ALE	0.9987	-	0.9352
1	25243541	25249240	5699	ORYCO	0.9993	-	0.9111
1	25240313	25245769	5456	ALE	0.9987	-	0.5682
1	25243541	25249240	5699	ORYCO	0.9993	-	0.9111
1	25249069	25253754	4685	REINA	0.9864	-	0.8455
1	25254444	25260222	5778	TORK	0.9953	-	0.6211
1	25257503	25263961	6458	ORYCO	0.9919	-	0.6763
1	25262543	25269059	6516	TORK	0.9965	-	0.4310
1	25267267	25273831	6564	ALE	0.9711	-	0.7019
1	25272073	25278012	5939	ALE	0.9908	-	0.6832
1	25278226	25283483	5257	ALE	0.9978	-	0.9557
1	25283449	25289042	5593	ALE	0.9962	-	0.7305
1	25283449	25289042	5593	ALE	0.9962	-	0.7305
1	25290148	25295302	5154	REINA	0.9961	-	0.5172
1	25298001	25302998	4997	ALE	0.9914	-	0.6930
1	25300662	25306712	6050	ORYCO	0.9741	-	0.9966
1	25304792	25310639	5847	ALE	0.9958	-	0.6572
1	25308324	25313788	5464	TORK	0.8250	-	0.5961
1	25311014	25317908	6894	ALE	0.9932	-	0.7017
1	25315670	25321440	5770	ALE	0.9737	-	0.6074
1	25321787	25327458	5671	ALE	0.9871	-	0.9256
1	25325201	25331344	6143	ALE	0.9319	-	0.6972
1	25321787	25327458	5671	ALE	0.9871	-	0.9256
1	25325201	25331344	6143	ALE	0.9319	-	0.6972
1	25329731	25335936	6205	REINA	0.9988	-	0.5539
1	25333851	25339055	5204	REINA	0.9646	-	0.4386
1	25339591	25345164	5573	ALE	0.9722	-	0.5374
1	25344070	25349618	5548	ORYCO	0.9743	-	0.6423
1	25348014	25354272	6258	TORK	0.9892	-	0.5976
1	25353984	25359551	5567	ALE	0.9985	-	0.3599
1	25357972	25363301	5329	ORYCO	0.8483	-	0.5615
1	25360920	25367519	6599	REINA	0.9983	-	0.4916
1	25360920	25367519	6599	REINA	0.9983	-	0.4741
1	25366407	25371061	4654	TORK	0.9800	-	0.9044
1	25369169	25374447	5278	BIANCA	0.9967	-	0.5176
1	25372741	25378559	5818	BIANCA	0.9379	-	0.5156
1	25376536	25381563	5027	ALE	0.9909	-	0.6047
1	25380599	25386105	5506	ALE	0.9955	-	0.5828
1	25383864	25389026	5162	TORK	0.9174	-	0.9867
1	25389727	25396327	6600	REINA	0.9972	-	0.3580
1	25395949	25401385	5436	ALE	0.9977	-	0.9516
1	25401436	25407010	5574	ALE	0.9974	-	0.6051
1	25401436	25407010	5574	ALE	0.9974	-	0.6051
1	25407373	25412862	5489	ALE	0.9984	-	0.3324
1	25413660	25418842	5182	ALE	0.9919	-	0.9548
1	25416526	25422091	5565	TORK	0.9591	-	0.9700
1	25422851	25428225	5374	TORK	0.9866	-	0.5551
1	25426002	25434744	8742	DEL	0.9975	-	0.9032
1	25431608	25436888	5280	ALE	0.9965	-	0.6236
1	25438053	25444114	6061	ALE	0.9982	-	0.6325
1	25443039	25448063	5024	ALE	0.9269	-	0.6800
1	25443039	25448063	5024	ALE	0.9269	-	0.6800
1	25446482	25455407	8925	SIRE	0.9467	-	0.3248
1	25452524	25457978	5454	ORYCO	0.9943	-	0.6308
1	25456532	25463091	6559	ALE	0.9801	-	0.5677
1	25462628	25468771	6143	TORK	0.9963	-	0.8584
1	25467573	25472989	5416	ALE	0.9979	-	0.9643
1	25471187	25475837	4650	ALE	0.9953	-	0.8561
1	25473518	25478999	5481	REINA	0.9949	-	0.6024
1	25478470	25484835	6365	ALE	0.9992	-	0.8737
1	25485778	25491854	6076	ALE	0.9987	-	0.7528
1	25485778	25491854	6076	ALE	0.9987	-	0.7528
1	25491901	25498314	6413	TORK	0.9534	-	0.7602
1	25496142	25501323	5181	ALE	0.9950	-	0.9981
1	25498868	25504714	5846	TORK	0.9053	-	0.9722
1	25503747	25508581	4834	ALE	0.9872	-	0.6743
1	25506571	25511320	4749	ALE	0.7162	-	0.5199
1	25510149	25516484	6335	ALE	0.9684	-	0.9737
1	25514398	25519981	5583	ALE	0.9956	-	0.8955
1	25519766	25525664	5898	ALE	0.9945	-	0.7732
1	25525455	25531315	5860	REINA	0.9954	-	0.5656
1	25519766	25525664	5898	ALE	0.9945	-	0.6249
1	25525455	25531315	5860	REINA	0.9954	-	0.5656
1	25529226	25534136	4910	ALE	0.9653	-	0.6977
1	25533715	25538830	5115	ALE	0.9852	-	0.3457
1	25539145	25544504	5359	ALE	0.9949	-	0.9753
1	25542015	25547533	5518	ALE	0.9988	-	0.7454
1	25545316	25550680	5364	TORK	0.7737	-	0.9321
1	25548313	25553782	5469	ALE	0.9932	-	0.4451
1	25552890	25558787	5897	ALE	0.9986	-	0.8431
1	25558287	25564470	6183	TORK	0.9984	-	0.5500
1	25563874	25569979	6105	ALE	0.9978	-	0.7120
1	25563874	25569979	6105	ALE	0.9978	-	0.7120
1	25568584	25574291	5707	ALE	0.9921	-	0.9008
1	25574122	25580006	5884	ALE	0.9979	-	0.8309
1	25577965	25582672	4707	ALE	0.9740	-	0.9961
1	25580400	25586410	6010	ALE	0.9977	-	0.5770
1	25584511	25590007	5496	ALE	0.9992	-	0.5250
1	25589213	25594109	4896	ALE	0.9549	-	0.9571
1	25593006	25598218	5212	ALE	0.9938	-	0.9221
1	25596833	25602190	5357	ORYCO	0.8927	-	0.6957
1	25599843	25605444	5601	ALE	0.9994	-	0.8491
1	25603852	25609709	5857	ALE	0.9965	-	0.5153
1	25599843	25605444	5601	ALE	0.9994	-	0.4403
1	25603852	25609709	5857	ALE	0.9965	-	0.5153
1	25608510	25613358	4848	ALE	0.9747	-	0.8612
1	25613309	25618351	5042	ALE	0.9964	-	0.7830
1	25618245	25623565	5320	TORK	0.9784	-	0.6810
1	25621109	25626846	5737	ALE	0.9887	-	0.8438
1	25624551	25629672	5121	ALE	0.9981	-	0.4001
1	25627284	25632644	5360	ALE	0.9874	-	0.4974
1	25630672	25636574	5902	TORK	0.8550	-	0.7745
1	25634440	25639439	4999	ALE	0.9982	-	0.9206
1	25637577	25643591	6014	ALE	0.9780	-	0.5717
1	25640675	25649630	8955	TORK	0.9928	-	0.3350
1	25640675	25649630	8955	TORK	0.9928	-	0.5195
1	25646880	25653397	6517	TORK	0.9925	-	0.7947
1	25651014	25656291	5277	ALE	0.9907	-	0.8932
1	25654570	25660278	5708	ALE	0.9945	-	0.9797
1	25658573	25663440	4867	ALE	0.9465	-	0.3764
1	25661353	25666369	5016	TORK	0.9964	-	0.8015
1	25664462	25670704	6242	BIANCA	0.9746	-	0.7886
1	25671058	25676565	5507	BIANCA	0.9944	-	0.8584
1	25676377	25682538	6161	ORYCO	0.9947	-	0.9503
1	25681621	25685779	4158	ALE	0.7460	-	0.5014
1	25684142	25689884	5742	ALE	0.9980	-	0.9526
1	25681621	25685779	4158	ALE	0.7460	-	0.5014
1	25684142	25689884	5742	ALE	0.9980	-	0.9526
1	25689135	25694582	5447	ALE	0.9917	-	0.7580
1	25693929	25699739	5810	ALE	0.9983	-	0.8723
1	25699700	25705278	5578	ALE	0.9972	-	0.8006
1	25705714	25711429	5715	ALE	0.9728	-	0.8676
1	25709219	25714713	5494	ALE	0.9928	-	0.9843
1	25713700	25720096	6396	ALE	0.9949	-	0.4304
1	25719969	25726251	6282	TORK	0.9994	-	0.3580
1	25719969	25726251	6282	TORK	0.9994	-	0.4938
1	25726170	25731967	5797	ALE	0.9928	-	0.4751
1	25729551	25736227	6676	ALE	0.9958	-	0.8380
1	25735608	25740700	5092	ALE	0.9947	-	0.6530
1	25738263	25743801	5538	ALE	0.9500	-	0.9560
1	25741985	25747693	5708	ALE	0.9916	-	0.8197
1	25746733	25752636	5903	BIANCA	0.9752	-	0.6602
1	25750575	25756214	5639	ALE	0.9849	-	0.6332
1	25755553	25761475	5922	TORK	0.9891	-	0.2189
1	25762107	25767750	5643	ALE	0.9991	-	0.9908
1	25765496	25770543	5047	ALE	0.9433	-	0.9590
1	25762107	25767750	5643	ALE	0.9991	-	0.9908
1	25765496	25770543	5047	ALE	0.9433	-	0.9590
1	25768613	25773952	5339	ORYCO	0.9805	-	0.6681
1	25772600	25780451	7851	SIRE	0.9976	-	0.9375
1	25777829	25783466	5637	ALE	0.9961	-	0.8897
1	25781727	25787510	5783	ALE	0.9940	-	0.9303
1	25786295	25793250	6955	ORYCO	0.9986	-	0.5603
1	25790731	25795879	5148	BIANCA	0.9608	-	0.5198
1	25794780	25799773	4993	ALE	0.9989	-	0.9480
1	25799160	25805048	5888	ALE	0.9983	-	0.4953
1	25802775	25808289	5514	ALE	0.9154	-	0.9965
1	25799160	25805048	5888	ALE	0.9983	-	0.5470
1	25802775	25808289	5514	ALE	0.9154	-	0.9965
1	25806413	25813172	6759	ALE	0.9994	-	0.7497
1	25811221	25816323	5102	BIANCA	0.9674	-	0.4419
1	25814898	25819731	4833	ALE	0.9948	-	0.8998
1	25818627	25824618	5991	ALE	0.9853	-	0.8658
1	25821920	25827700	5780	TORK	0.7436	-	0.9444
1	25825050	25830970	5920	ALE	0.9967	-	0.4804
1	25828244	25834212	5968	TORK	0.9766	-	0.8933
1	25834418	25840823	6405	ORYCO	0.9998	-	0.4777
1	25839194	25844737	5543	ALE	0.9972	-	0.9418
1	25841979	25848403	6424	REINA	0.9988	-	0.9912
1	25839194	25844737	5543	ALE	0.9972	-	0.9129
1	25841979	25848403	6424	REINA	0.9988	-	0.9912
1	25847509	25852795	5286	ALE	0.9933	-	0.7956
1	25850738	25856216	5478	ALE	0.9658	-	0.9977
1	25855401	25860717	5316	ORYCO	0.9808	-	0.8955
1	25859456	25864268	4812	ALE	0.9737	-	0.6768
1	25862543	25867906	5363	ALE	0.9958	-	0.7775
1	25866644	25872555	5911	ALE	0.9991	-	0.2751
1	25870533	25876033	5500	ALE	0.8847	-	0.7004
1	25873584	25878992	5408	ALE	0.9984	-	0.4900
1	25877608	25883028	5420	ALE	0.9600	-	0.9782
1	25882312	25887564	5252	REINA	0.9875	-	0.6955
1	25885961	25892049	6088	ALE	0.9976	-	0.9734
1	25882312	25887564	5252	REINA	0.9875	-	0.6955
1	25885961	25892049	6088	ALE	0.9976	-	0.9734
1	25892920	25897710	4790	ALE	0.9551	-	0.9862
1	25897310	25902154	4844	ALE	0.9894	-	0.7897
1	25900605	25906609	6004	ALE	0.7702	-	0.7442
1	25904820	25910418	5598	TORK	0.9700	-	0.6923
1	25908224	25914377	6153	ALE	0.9986	-	0.9996
1	25912664	25916891	4227	ALE	0.9904	-	0.6505
1	25917199	25923507	6308	TORK	0.9959	-	0.9719
1	25923242	25928574	5332	BIANCA	0.9395	-	0.7985
1	25926275	25931883	5608	ALE	0.9938	-	0.4505
1	25923242	25928574	5332	BIANCA	0.9395	-	0.7985
1	25931339	25936596	5257	TORK	0.9966	-	0.8704
1	25935279	25941273	5994	ALE	0.9591	-	0.9374
1	25940036	25947368	7332	TORK	0.9955	-	0.7806
1	25945531	25950531	5000	ALE	0.9771	-	0.4750
1	25949037	25954245	5208	ALE	0.9944	-	0.6663
1	25953758	25959200	5442	ALE	0.9798	-	0.5392
1	25958736	25963865	5129	ALE	0.9925	-	0.3387
1	25962938	25968226	5288	ALE	0.9969	-	0.7472
1	25962938	25968226	5288	ALE	0.9969	-	0.7472
1	25968068	25973902	5834	TORK	0.9878	-	0.5538
1	25972089	25977486	5397	ALE	0.9981	-	0.7187
1	25975245	25980416	5171	ALE	0.9727	-	0.3654
1	25980777	25986034	5257	ALE	0.9947	-	0.4661
1	25984501	25989598	5097	ALE	0.9764	-	0.8663
1	25987565	25992592	5027	ALE	0.7729	-	0.7377
1	25990405	25997390	6985	TORK	0.9896	-	0.9683
1	25994628	26000649	6021	TORK	0.9987	-	0.5898
1	26000507	26006264	5757	ALE	0.9989	-	0.8864
1	26000507	26006264	5757	ALE	0.9989	-	0.8642
1	26006970	26012229	5259	ALE	0.9941	-	0.5069
1	26012613	26017333	4720	ALE	0.9908	-	0.4447
1	26015147	26020930	5783	ORYCO	0.9788	-	0.4662
1	26020294	26025856	5562	REINA	0.9953	-	0.5212
1	26024577	26030386	5809	ALE	0.9944	-	0.9474
1	26028510	26033228	4718	ALE	0.8583	-	0.2973
1	26031276	26037156	5880	BIANCA	0.9925	-	0.7137
1	26036081	26044769	8688	DEL	0.9619	-	0.9930
1	26041924	26047113	5189	ALE	0.9970	-	0.6424
1	26045695	26050459	4764	ALE	0.9774	-	0.7127
1	26041924	26047113	5189	ALE	0.9970	-	0.6424
1	26045695	26050459	4764	ALE	0.9774	-	0.7127
1	26050952	26055376	4424	ALE	0.9779	-	0.4301
1	26054140	26059336	5196	TORK	0.9070	-	0.5984
1	26058162	26063924	5762	ALE	0.9996	-	0.4023
1	26063808	26072107	8299	DEL	0.9808	-	0.8549
1	26068403	26077820	9417	DEL	0.9983	-	0.9491
1	26076401	26081939	5538	ALE	0.9979	-	0.5942
1	26080509	26086274	5765	REINA	0.9620	-	0.8815
1	26083795	26089586	5791	ALE	0.9942	-	0.7966
1	26080509	26086274	5765	REINA	0.9620	-	0.9440
1	26083795	26089586	5791	ALE	0.9942	-	0.7966
1	26089726	26095410	5684	ALE	0.9955	-	0.6032
1	26094666	26100229	5563	ALE	0.9933	-	0.4520
1	26098338	26103957	5619	ALE	0.9785	-	0.6568
1	26102678	26108221	5543	ALE	0.9940	-	0.6404
1	26107542	26112441	4899	ALE	0.9762	-	0.7394
1	26110468	26115548	5080	BIANCA	0.9995	-	0.9296
1	26114598	26120691	6093	TORK	0.9829	-	0.2690
1	26118270	26124603	6333	ORYCO	0.9990	-	0.3065
1	26123832	26129916	6084	ORYCO	0.9860	-	0.5772
1	26123832	26129916	6084	ORYCO	0.9860	-	0.5772
1	26127281	26132848	5567	ALE	0.9591	-	0.5624
1	26130439	26135582	5143	BIANCA	0.9818	-	0.4918
1	26134892	26140439	5547	ALE	0.9173	-	0.4187
1	26138203	26143818	5615	ALE	0.9988	-	0.9298
1	26142651	26148090	5439	ALE	0.9866	-	0.6633
1	26149511	26156165	6654	REINA	0.9918	-	0.6862
1	26156091	26161325	5234	ALE	0.9985	-	0.9752
1	26159701	26165926	6225	SIRE	0.9100	-	0.3800
1	26163461	26170188	6727	ALE	0.9997	-	0.8421
1	26159701	26165926	6225	SIRE	0.9100	-	0.9038
1	26163461	26170188	6727	ALE	0.9997	-	0.8421
1	26168358	26173917	5559	TORK	0.9788	-	0.4156
1	26171988	26177782	5794	ALE	0.9973	-	0.6301
1	26176808	26182009	5201	ALE	0.9929	-	0.4533
1	26179697	26185507	5810	REINA	0.7050	-	0.8274
1	26183478	26189017	5539	ALE	0.9971	-	0.4488
1	26188607	26193611	5004	ALE	0.9899	-	0.7431
1	26193317	26199082	5765	ALE	0.9983	-	0.8664
1	26196690	26203618	6928	ALE	0.9972	-	0.9448
1	26203555	26208526	4971	ALE	0.9830	-	0.3998
1	26203555	26208526	4971	ALE	0.9830	-	0.3998
1	26207379	26212669	5290	ALE	0.9895	-	0.5004
1	26211859	26216955	5096	ALE	0.9978	-	0.9337
1	26215659	26220877	5218	ALE	0.9951	-	0.5586
1	26218923	26225340	6417	DEL	0.8407	-	0.7361
1	26222460	26229308	6848	REINA	0.9973	-	0.5195
1	26228886	26234355	5469	ALE	0.9786	-	0.4715
1	26234397	26239825	5428	REINA	0.9976	-	0.5553
1	26239866	26244817	4951	ALE	0.9902	-	0.8825
1	26244546	26250619	6073	ALE	0.9967	-	0.6345
1	26239866	26244817	4951	ALE	0.9902	-	0.5939
1	26244546	26250619	6073	ALE	0.9967	-	0.6345
1	26248350	26253343	4993	ALE	0.9935	-	0.4718
1	26252569	26257961	5392	ALE	0.9958	-	0.5691
1	26256124	26261954	5830	ALE	0.9960	-	0.7766
1	26260378	26265615	5237	ALE	0.7743	-	0.4953
1	26263399	26268936	5537	ALE	0.9974	-	0.9631
1	26267535	26272173	4638	ALE	0.9784	-	0.3966
1	26270268	26276211	5943	ALE	0.9981	-	0.9720
1	26274963	26281464	6501	BIANCA	0.9996	-	0.6591
1	26280643	26284992	4349	ALE	0.9889	-	0.5034
1	26284338	26289513	5175	TORK	0.9773	-	0.9988
1	26280643	26284992	4349	ALE	0.9889	-	0.6063
1	26284338	26289513	5175	TORK	0.9773	-	0.9988
1	26287158	26293284	6126	ALE	0.9804	-	0.8756
1	26293437	26299289	5852	ALE	0.9980	-	0.4963
1	26299908	26304618	4710	ALE	0.9911	-	0.8654
1	26302553	26308310	5757	ALE	0.9959	-	0.7463
1	26306787	26312051	5264	ALE	0.9725	-	0.8589
1	26310465	26316025	5560	ALE	0.9977	-	0.6715
1	26313955	26318550	4595	ALE	0.9983	-	0.9479
1	26318912	26325146	6234	ALE	0.9995	-	0.4832
1	26322391	26328885	6494	ALE	0.9800	-	0.5023
1	26326229	26331646	5417	TORK	0.9988	-	0.3604
1	26318912	26325146	6234	ALE	0.9995	-	0.8112
1	26322391	26328885	6494	ALE	0.9800	-	0.5023
1	26326229	26331646	5417	TORK	0.9988	-	0.3604
1	26329831	26336146	6315	ALE	0.9965	-	0.8862
1	26336437	26341749	5312	ALE	0.9868	-	0.7756
1	26340522	26345684	5162	ALE	0.9096	-	0.9101
1	26343405	26348702	5297	ALE	0.9995	-	0.4618
1	26346555	26352621	6066	ALE	0.9948	-	0.8572
1	26352391	26358341	5950	ALE	0.9982	-	0.9867
1	26357949	26362368	4419	ALE	0.9636	-	0.8054
1	26360273	26365661	5388	ALE	0.9997	-	0.6219
1	26363966	26369662	5696	ALE	0.9974	-	0.5624
1	26360273	26365661	5388	ALE	0.9997	-	0.7286
1	26363966	26369662	5696	ALE	0.9974	-	0.5624
1	26366774	26375529	8755	SIRE	0.9907	-	0.5608
1	26373446	26379051	5605	ALE	0.9929	-	0.9585
1	26377321	26383358	6037	ALE	0.9654	-	0.9284
1	26380843	26386728	5885	ALE	0.9975	-	0.7678
1	26386041	26391203	5162	TORK	0.9944	-	0.4874
1	26391740	26397070	5330	ALE	0.9914	-	0.2787
1	26395454	26401015	5561	ALE	0.9794	-	0.9992
1	26400056	26404933	4877	ALE	0.9106	-	0.9347
1	26403160	26408454	5294	ORYCO	0.9962	-	0.6233
1	26400056	26404933	4877	ALE	0.9106	-	0.6613
1	26403160	26408454	5294	ORYCO	0.9962	-	0.6233
1	26410062	26415135	5073	ALE	0.9972	-	0.9449
1	26416744	26422405	5661	ALE	0.9969	-	0.8680
1	26420942	26425177	4235	ALE	0.7232	-	0.9863
1	26422946	26428410	5464	ALE	0.9954	-	0.9919
1	26427058	26434864	7806	ATHILA	0.9643	-	0.6893
1	26432771	26439248	6477	ALE	0.9982	-	0.7855
1	26439986	26444051	4065	ALE	0.9815	-	0.4106
1	26443679	26449660	5981	TORK	0.9975	-	0.6904
1	26439986	26444051	4065	ALE	0.9815	-	0.8134
1	26443679	26449660	5981	TORK	0.9975	-	0.6904
1	26449901	26456010	6109	ALE	0.9237	-	0.9872
1	26453499	26459843	6344	CRM	0.9903	-	0.9970
1	26457194	26462469	5275	ALE	0.9905	-	0.6009
1	26462144	26468024	5880	TORK	0.9972	-	0.5468
1	26466142	26471769	5627	ALE	0.9991	-	0.4175
1	26471479	26476429	4950	ALE	0.9797	-	0.7959
1	26474630	26479649	5019	ALE	0.9919	-	0.3858
1	26478560	26483364	4804	ALE	0.9928	-	0.8151
1	26481261	26487224	5963	TORK	0.9973	-	0.9372
1	26485309	26491444	6135	ALE	0.9869	-	0.9477
1	26481261	26487224	5963	TORK	0.9973	-	0.9373
1	26485309	26491444	6135	ALE	0.9869	-	0.9477
1	26491299	26497365	6066	ALE	0.9934	-	0.8373
1	26496059	26501021	4962	ALE	0.9188	-	0.4250
1	26498794	26504414	5620	ALE	0.9984	-	0.4525
1	26503999	26511895	7896	TORK	0.9373	-	0.9152
1	26509055	26514878	5823	ALE	0.9967	-	0.3342
1	26514188	26519448	5260	ALE	0.9049	-	0.8014
1	26517173	26522257	5084	ALE	0.9985	-	0.5185
1	26520298	26525952	5654	ALE	0.9985	-	0.9955
1	26520298	26525952	5654	ALE	0.9985	-	0.9589
1	26526488	26531765	5277	ALE	0.9321	-	0.3950
1	26529950	26535512	5562	ALE	0.9897	-	0.9649
1	26535044	26539973	4929	ALE	0.9741	-	0.5000
1	26537731	26544450	6719	ALE	0.9978	-	1.0000
1	26543301	26550445	7144	ALE	0.9993	-	0.6302
1	26548657	26554812	6155	ALE	0.9507	-	0.4538
1	26553441	26558468	5027	ALE	0.9990	-	0.9395
1	26557798	26563685	5887	ALE	0.9876	-	0.7220
1	26561807	26568095	6288	ALE	0.9853	-	0.3940
1	26561807	26568095	6288	ALE	0.9853	-	0.3940
1	26566801	26572415	5614	ALE	0.9969	-	0.3402
1	26572949	26578861	5912	ALE	0.9985	-	0.8527
1	26577852	26582798	4946	ALE	0.9744	-	0.9850
1	26581417	26587217	5800	ALE	0.9972	-	0.6110
1	26585703	26591757	6054	ALE	0.9799	-	0.4312
1	26590803	26595491	4688	TORK	0.9608	-	0.5507
1	26594222	26600896	6674	ALE	0.9959	-	0.4349
1	26600005	26604992	4987	ALE	0.9894	-	0.8752
1	26604455	26610604	6149	ALE	0.9945	-	0.9791
1	26600005	26604992	4987	ALE	0.9894	-	0.8107
1	26604455	26610604	6149	ALE	0.9945	-	0.9791
1	26609842	26615045	5203	ALE	0.9674	-	0.7777
1	26612807	26619725	6918	ALE	0.9947	-	0.6965
1	26616979	26623206	6227	TORK	0.9884	-	0.6862
1	26621846	26627266	5420	ALE	0.9559	-	0.4411
1	26624724	26631179	6455	REINA	0.9486	-	0.8732
1	26631041	26637617	6576	ALE	0.9945	-	0.9557
1	26637974	26642820	4846	ALE	0.9920	-	0.6166
1	26642544	26647726	5182	ALE	0.9937	-	0.8561
1	26646392	26651617	5225	ALE	0.9918	-	0.9893
1	26642544	26647726	5182	ALE	0.9937	-	0.8561
1	26651532	26657377	5845	TORK	0.9355	-	0.6504
1	26655303	26660711	5408	ALE	0.9734	-	0.4929
1	26658212	26664057	5845	ALE	0.9884	-	0.9224
1	26661564	26667262	5698	ALE	0.9992	-	0.6401
1	26667105	26672946	5841	REINA	0.9603	-	0.9009
1	26673784	26678854	5070	ALE	0.9975	-	0.3673
1	26676546	26681542	4996	ALE	0.9921	-	0.4661
1	26680634	26686573	5939	ALE	0.9994	-	0.8011
1	26684729	26690673	5944	BIANCA	0.9881	-	0.9308
1	26680634	26686573	5939	ALE	0.9994	-	0.8242
1	26684729	26690673	5944	BIANCA	0.9881	-	0.9308
1	26690883	26695828	4945	ALE	0.9899	-	0.4138
1	26693547	26698523	4976	ALE	0.8960	-	0.9991
1	26696139	26702621	6482	ALE	0.9992	-	0.6107
1	26702082	26707618	5536	ALE	0.9537	-	0.4348
1	26705204	26711039	5835	ALE	0.9951	-	0.8949
1	26709961	26714989	5028	ALE	0.9848	-	0.4157
1	26716277	26721751	5474	ALE	0.9924	-	0.6127
1	26722003	26726954	4951	ALE	0.9984	-	0.8942
1	26724901	26729664	4763	ALE	0.9972	-	0.7939
1	26722003	26726954	4951	ALE	0.9984	-	0.8942
1	26724901	26729664	4763	ALE	0.9972	-	0.7939
1	26727230	26733051	5821	ALE	0.9982	-	0.4327
1	26734013	26739167	5154	ALE	0.9990	-	0.5576
1	26737547	26741826	4279	BIANCA	0.7741	-	0.6647
1	26739495	26745554	6059	ALE	0.9974	-	0.5267
1	26743419	26748053	4634	ALE	0.8671	-	0.6533
1	26745974	26751705	5731	ALE	0.9613	-	0.4080
1	26751393	26756897	5504	REINA	0.9981	-	0.5912
1	26754726	26759568	4842	ALE	0.9970	-	0.3976
1	26756183	26767308	11125	ATHILA	0.9854	-	0.5817
1	26764103	26769627	5524	ALE	0.9093	-	0.3566
1	26756183	26767308	11125	ATHILA	0.9854	-	0.5514
1	26764103	26769627	5524	ALE	0.9093	-	0.3566
1	26767921	26773605	5684	ALE	0.9926	-	0.6806
1	26772397	26778724	6327	BIANCA	0.9936	-	0.8123
1	26777250	26781868	4618	ALE	0.9954	-	0.9516
1	26779616	26785212	5596	ALE	0.9848	-	0.6412
1	26783309	26788863	5554	ALE	0.9981	-	0.3469
1	26787387	26793467	6080	ORYCO	0.9984	-	0.3615
1	26791046	26796525	5479	ALE	0.9980	-	0.6108
1	26796500	26802529	6029	ALE	0.9886	-	0.4216
1	26801517	26806606	5089	ALE	0.9667	-	0.4114
1	26804273	26810515	6242	ALE	0.9991	-	0.7126
1	26801517	26806606	5089	ALE	0.9667	-	0.4114
1	26804273	26810515	6242	ALE	0.9991	-	0.7126
1	26809599	26815659	6060	REINA	0.9841	-	0.9106
1	26814505	26820225	5720	ALE	0.9973	-	0.6408
1	26820729	26826615	5886	ALE	0.9909	-	0.5918
1	26826264	26832083	5819	ALE	0.9762	-	0.7296
1	26832009	26836596	4587	ORYCO	0.8531	-	0.3471
1	26835934	26842303	6369	ALE	0.9997	-	0.4937
1	26842696	26847783	5087	REINA	0.9985	-	0.7354
1	26842696	26847783	5087	REINA	0.9985	-	0.7354
1	26847420	26852763	5343	ALE	0.9825	-	0.8756
1	26853594	26858800	5206	ALE	0.9951	-	0.5317
1	26856566	26863203	6637	TORK	0.9743	-	0.6869
1	26863381	26867867	4486	ALE	0.9584	-	0.5113
1	26865569	26874317	8748	SIRE	0.9084	-	0.5520
1	26875133	26880428	5295	ALE	0.9793	-	0.5650
1	26878978	26885435	6457	TORK	0.9832	-	0.7175
1	26883760	26889970	6210	ALE	0.9968	-	0.3010
1	26878978	26885435	6457	TORK	0.9832	-	0.2718
1	26883760	26889970	6210	ALE	0.9968	-	0.3010
1	26887441	26893078	5637	CRM	0.8240	-	0.9856
1	26892578	26897734	5156	TORK	0.9964	-	0.5521
1	26900279	26906105	5826	ALE	0.9984	-	0.6889
1	26903406	26913125	9719	ATHILA	0.9785	-	0.8895
1	26909623	26918026	8403	TORK	0.8822	-	0.9986
1	26918818	26924901	6083	ALE	0.9912	-	0.5521
1	26922725	26927953	5228	ALE	0.9929	-	0.3671
1	26925373	26931535	6162	DEL	0.7263	-	0.8543
1	26918818	26924901	6083	ALE	0.9912	-	0.8037
1	26922725	26927953	5228	ALE	0.9929	-	0.3671
1	26925373	26931535	6162	DEL	0.7263	-	0.8543
1	26929012	26933894	4882	ALE	0.9189	-	0.5165
1	26932787	26939753	6966	TORK	0.9390	-	0.6623
1	26936598	26948019	11421	ATHILA	0.9987	-	0.3079
1	26945203	26949739	4536	ALE	0.9432	-	0.6212
1	26947959	26953183	5224	ALE	0.7285	-	0.3369
1	26951942	26956671	4729	TORK	0.9775	-	0.5638
1	26955003	26960054	5051	ALE	0.9794	-	0.5992
1	26959947	26965683	5736	ALE	0.9974	-	0.7457
1	26964785	26970273	5488	TORK	0.9932	-	0.9687
1	26959947	26965683	5736	ALE	0.9974	-	0.4935
1	26964785	26970273	5488	TORK	0.9932	-	0.9687
1	26969218	26974455	5237	REINA	0.9828	-	0.3689
1	26974282	26980268	5986	TORK	0.9961	-	0.8362
1	26979055	26985382	6327	ALE	0.9984	-	0.4869
1	26983152	26991536	8384	ATHILA	0.9728	-	0.7063
1	26989639	26995205	5566	ALE	0.9776	-	0.3533
1	26993302	26998455	5153	BIANCA	0.7043	-	0.9111
1	26996404	27002744	6340	ALE	0.9959	-	0.3907
1	27000799	27006027	5228	ALE	0.9952	-	0.9029
1	27004950	27010227	5277	REINA	0.9540	-	0.8373
1	27000799	27006027	5228	ALE	0.9952	-	0.8818
1	27004950	27010227	5277	REINA	0.9540	-	0.8373
1	27007940	27014007	6067	ALE	0.9946	-	0.9510
1	27012098	27018266	6168	ALE	0.9919	-	0.5815
1	27019205	27025033	5828	ALE	0.9930	-	0.4923
1	27025097	27030240	5143	BIANCA	0.9570	-	0.9725
1	27028766	27034959	6193	BIANCA	0.9958	-	0.4251
1	27034756	27039773	5017	REINA	0.9978	-	0.6572
1	27039390	27045142	5752	ALE	0.9734	-	0.9205
1	27042952	27048602	5650	ALE	0.9998	-	0.9680
1	27046774	27051662	4888	BIANCA	0.8969	-	0.6600
1	27039390	27045142	5752	ALE	0.9734	-	0.6982
1	27042952	27048602	5650	ALE	0.9998	-	0.9680
1	27049501	27054918	5417	ALE	0.9932	-	0.4048
1	27054469	27059723	5254	ALE	0.9319	-	0.5383
1	27060075	27064406	4331	ALE	0.8554	-	0.3812
1	27062608	27068721	6113	ALE	0.9998	-	0.4998
1	27068543	27073850	5307	ALE	0.9960	-	0.3141
1	27072782	27078681	5899	ALE	0.9978	-	0.5148
1	27079984	27084107	4123	ALE	0.9682	-	0.9696
1	27082175	27087593	5418	ALE	0.9898	-	0.8443
1	27085554	27091129	5575	ALE	0.9775	-	0.3062
1	27079984	27084107	4123	ALE	0.9682	-	0.8293
1	27082175	27087593	5418	ALE	0.9898	-	0.8443
1	27085554	27091129	5575	ALE	0.9775	-	0.3062
1	27089041	27094080	5039	ALE	0.9885	-	0.9973
1	27094301	27099958	5657	REINA	0.9997	-	0.7136
1	27098471	27103626	5155	ALE	0.9039	-	0.4045
1	27103179	27109380	6201	BIANCA	0.9993	-	0.8529
1	27107835	27113512	5677	ALE	0.9471	-	0.7249
1	27111026	27116263	5237	TORK	0.7359	-	0.4198
1	27114015	27119563	5548	ALE	0.9955	-	0.5107
1	27118645	27123816	5171	ALE	0.9601	-	0.7053
1	27120859	27129768	8909	SIRE	0.9926	-	0.8026
1	27118645	27123816	5171	ALE	0.9601	-	0.7372
1	27120859	27129768	8909	SIRE	0.9926	-	0.7982
1	27126958	27131675	4717	ALE	0.9699	-	0.8469
1	27130425	27135714	5289	REINA	0.9420	-	0.7985
1	27134712	27139802	5090	ALE	0.9900	-	0.4059
1	27140472	27145622	5150	BIANCA	0.9332	-	0.5667
1	27145230	27150138	4908	ALE	0.9974	-	0.5922
1	27149591	27154687	5096	ALE	0.9944	-	0.9085
1	27153080	27157940	4860	ALE	0.9384	-	0.5205
1	27155765	27160790	5025	ORYCO	0.7598	-	0.5772
1	27159407	27164756	5349	ALE	0.9935	-	0.9121
1	27165898	27171838	5940	ALE	0.9827	-	0.3488
1	27159407	27164756	5349	ALE	0.9935	-	0.4869
1	27165898	27171838	5940	ALE	0.9827	-	0.3488
1	27169462	27174267	4805	BIANCA	0.8847	-	0.4978
1	27172187	27178209	6022	ALE	0.9864	-	0.9337
1	27177503	27183326	5823	REINA	0.9903	-	0.8020
1	27181286	27187086	5800	ALE	0.9953	-	0.6644
1	27185069	27190798	5729	ALE	0.9917	-	0.6099
1	27189290	27194296	5006	ALE	0.9781	-	0.7508
1	27192457	27197949	5492	ALE	0.9961	-	0.6820
1	27195814	27201180	5366	ALE	0.9926	-	0.7132
1	27200657	27206629	5972	ALE	0.9967	-	0.9344
1	27204287	27209203	4916	TORK	0.9831	-	0.7953
1	27200657	27206629	5972	ALE	0.9967	-	0.9638
1	27204287	27209203	4916	TORK	0.9831	-	0.7953
1	27207967	27213015	5048	ORYCO	0.9991	-	0.9005
1	27210561	27216438	5877	BIANCA	0.9562	-	0.8348
1	27213711	27219692	5981	BIANCA	0.9030	-	0.9040
1	27219607	27224692	5085	ALE	0.9973	-	0.3315
1	27224619	27230348	5729	ALE	0.9877	-	0.9199
1	27230092	27235339	5247	REINA	0.9933	-	0.5232
1	27236239	27241592	5353	ORYCO	0.9842	-	0.4449
1	27240360	27246088	5728	ALE	0.9975	-	0.5240
1	27240360	27246088	5728	ALE	0.9975	-	0.7851
1	27245253	27255482	10229	DEL	0.9744	-	0.5335
1	27254264	27259287	5023	ALE	0.9960	-	0.9015
1	27257572	27263204	5632	ALE	0.9951	-	0.6318
1	27263591	27269018	5427	ALE	0.9956	-	0.4376
1	27268603	27274073	5470	ORYCO	0.9999	-	0.4185
1	27271913	27279744	7831	TORK	0.9601	-	0.7682
1	27279914	27286081	6167	ALE	0.9956	-	0.6010
1	27285958	27292440	6482	ALE	0.9993	-	0.7584
1	27279914	27286081	6167	ALE	0.9956	-	0.7050
1	27285958	27292440	6482	ALE	0.9993	-	0.7584
1	27292215	27297283	5068	ALE	0.9921	-	0.9694
1	27297859	27303474	5615	BIANCA	0.9858	-	0.7796
1	27302861	27308721	5860	BIANCA	0.9903	-	0.8871
1	27306867	27312239	5372	BIANCA	0.9672	-	0.6639
1	27310871	27319981	9110	DEL	0.9899	-	0.3476
1	27316794	27322125	5331	ALE	0.9965	-	0.9551
1	27319542	27325753	6211	ALE	0.9994	-	0.9904
1	27324293	27329270	4977	ALE	0.8933	-	0.9326
1	27319542	27325753	6211	ALE	0.9994	-	0.6822
1	27324293	27329270	4977	ALE	0.8933	-	0.9326
1	27328639	27334097	5458	ALE	0.9955	-	0.4579
1	27331538	27339339	7801	SIRE	0.9407	-	0.4566
1	27338317	27343238	4921	ALE	0.9195	-	0.5307
1	27341153	27345560	4407	ALE	0.9939	-	0.9231
1	27345040	27351867	6827	ALE	0.9958	-	0.5136
1	27351572	27357794	6222	TORK	0.8091	-	0.6778
1	27354995	27362905	7910	TORK	0.9725	-	0.4101
1	27360127	27365362	5235	ALE	0.9956	-	0.6324
1	27365332	27371033	5701	ALE	0.9882	-	0.5364
1	27360127	27365362	5235	ALE	0.9956	-	0.7012
1	27365332	27371033	5701	ALE	0.9882	-	0.5364
1	27370820	27376102	5282	ALE	0.9993	-	0.9606
1	27374990	27379514	4524	ALE	0.9971	-	0.7008
1	27377214	27382948	5734	ALE	0.9817	-	0.5147
1	27380765	27385941	5176	ALE	0.9022	-	0.7752
1	27384701	27390451	5750	TORK	0.9930	-	0.9201
1	27387849	27394150	6301	REINA	0.9983	-	0.6899
1	27392735	27397711	4976	ALE	0.9977	-	0.3736
1	27398252	27403698	5446	ALE	0.8874	-	0.3305
1	27402109	27406832	4723	ALE	0.9358	-	0.4492
1	27404276	27410643	6367	ALE	0.9974	-	0.8902
1	27402109	27406832	4723	ALE	0.9358	-	0.4492
1	27404276	27410643	6367	ALE	0.9974	-	0.8902
1	27408335	27417290	8955	DEL	0.9878	-	0.5577
1	27414250	27422772	8522	DEL	0.9826	-	0.9971
1	27419669	27429019	9350	TORK	0.9984	-	0.3408
1	27427059	27431811	4752	ALE	0.7298	-	0.8538
1	27432623	27437241	4618	ALE	0.9808	-	0.2947
1	27436652	27445280	8628	TORK	0.9754	-	0.9641
1	27444356	27449929	5573	ALE	0.9991	-	0.6286
1	27444356	27449929	5573	ALE	0.9991	-	0.6286
1	27447753	27451960	4207	ALE	0.9832	-	0.5243
1	27451779	27460801	9022	SIRE	0.9902	-	0.7381
1	27458581	27464384	5803	ALE	0.9766	-	0.3860
1	27461847	27467811	5964	ALE	0.9895	-	0.8530
1	27465402	27471865	6463	ALE	0.9990	-	0.3454
1	27469288	27478954	9666	DEL	0.9848	-	0.6309
1	27477365	27482305	4940	BIANCA	0.8441	-	0.7318
1	27480548	27490011	9463	ATHILA	0.9830	-	0.8686
1	27480548	27490011	9463	ATHILA	0.9830	-	0.9786
1	27488663	27494554	5891	REINA	0.9951	-	0.9833
1	27492066	27497936	5870	TORK	0.9838	-	0.9369
1	27496449	27503384	6935	ALE	0.9956	-	0.7892
1	27501654	27506480	4826	ALE	0.9947	-	0.4950
1	27506080	27511735	5655	ALE	0.9889	-	0.4404
1	27511660	27517663	6003	TORK	0.9677	-	0.7891
1	27519247	27524420	5173	ALE	0.9993	-	0.5952
1	27523192	27528475	5283	ALE	0.9480	-	0.5028
1	27519247	27524420	5173	ALE	0.9993	-	0.5097
1	27523192	27528475	5283	ALE	0.9480	-	0.5028
1	27528146	27533345	5199	ALE	0.9975	-	0.4853
1	27533944	27540017	6073	REINA	0.9982	-	0.6083
1	27540746	27547473	6727	REINA	0.9991	-	0.7613
1	27547881	27553351	5470	BIANCA	0.9988	-	0.9714
1	27551911	27558910	6999	TORK	0.9740	-	0.7280
1	27558655	27564491	5836	ALE	0.9846	-	0.2836
1	27563078	27568115	5037	GALADRIEL	0.8921	-	0.9320
1	27565955	27572071	6116	REINA	0.9813	-	0.7270
1	27558655	27564491	5836	ALE	0.9846	-	0.5273
1	27563078	27568115	5037	GALADRIEL	0.8921	-	0.9320
1	27571528	27577564	6036	ALE	0.9916	-	0.4733
1	27576332	27584058	7726	SIRE	0.9883	-	0.6440
1	27581294	27586410	5116	ALE	0.9823	-	0.5599
1	27584023	27589419	5396	BIANCA	0.9801	-	0.8904
1	27588459	27594183	5724	ALE	0.9898	-	0.6256
1	27592275	27598135	5860	ALE	0.9976	-	0.5821
1	27595599	27601309	5710	ALE	0.9947	-	0.7177
1	27602179	27607995	5816	ALE	0.9822	-	0.7334
1	27602179	27607995	5816	ALE	0.9822	-	0.7334
1	27607703	27613409	5706	BIANCA	0.9751	-	0.9836
1	27611344	27615795	4451	ALE	0.9745	-	0.6165
1	27614156	27619043	4887	ALE	0.9895	-	0.6958
1	27616819	27622363	5544	ALE	0.9789	-	0.8936
1	27619805	27626663	6858	TORK	0.9932	-	0.4409
1	27626400	27631180	4780	ALE	0.9973	-	0.7330
1	27630354	27635013	4659	ALE	0.7800	-	0.3841
1	27633275	27638703	5428	TORK	0.9961	-	0.3539
1	27636557	27641585	5028	ALE	0.8419	-	0.9213
1	27640447	27645669	5222	ALE	0.9833	-	0.4647
1	27645953	27651317	5364	ALE	0.9946	-	0.6977
1	27640447	27645669	5222	ALE	0.9833	-	0.4547
1	27645953	27651317	5364	ALE	0.9946	-	0.6977
1	27650012	27656121	6109	TORK	0.9957	-	0.3947
1	27653459	27659533	6074	ALE	0.9940	-	0.6958
1	27659962	27665936	5974	ORYCO	0.9892	-	0.4556
1	27663728	27669245	5517	ALE	0.9883	-	0.8035
1	27667678	27672883	5205	ALE	0.9990	-	0.9165
1	27670889	27676756	5867	ALE	0.9970	-	0.3557
1	27677029	27682819	5790	ALE	0.9889	-	0.9392
1	27683417	27688380	4963	ALE	0.9723	-	0.6134
1	27683417	27688380	4963	ALE	0.9723	-	0.6134
1	27689967	27694943	4976	ORYCO	0.9942	-	0.3668
1	27694011	27699525	5514	ALE	0.8998	-	0.7798
1	27697436	27702541	5105	ALE	0.9984	-	0.9630
1	27702150	27707536	5386	BIANCA	0.9910	-	0.5669
1	27707110	27711979	4869	ALE	0.9978	-	0.7597
1	27709930	27715252	5322	ALE	0.9997	-	0.5340
1	27712796	27718689	5893	BIANCA	0.9370	-	0.9539
1	27717010	27722573	5563	ALE	0.9979	-	0.7236
1	27722484	27728811	6327	ALE	0.9985	-	0.5439
1	27722484	27728811	6327	ALE	0.9985	-	0.5439
1	27726363	27732248	5885	ALE	0.9985	-	0.7575
1	27729687	27736434	6747	TORK	0.9986	-	0.5072
1	27733686	27738936	5250	ALE	0.9570	-	0.7197
1	27740406	27745448	5042	ALE	0.9841	-	0.9552
1	27743158	27748752	5594	TORK	0.9870	-	0.8275
1	27746886	27752396	5510	TORK	0.9785	-	0.8190
1	27752552	27757960	5408	ALE	0.9832	-	0.9773
1	27757302	27762653	5351	ALE	0.9944	-	0.6816
1	27760359	27765739	5380	ALE	0.9701	-	0.8189
1	27763502	27770337	6835	ALE	0.9160	-	0.7004
1	27760359	27765739	5380	ALE	0.9701	-	0.6860
1	27763502	27770337	6835	ALE	0.9160	-	0.7004
1	27768233	27773437	5204	ALE	0.9998	-	0.8697
1	27771056	27776958	5902	ORYCO	0.9914	-	0.5813
1	27775536	27780976	5440	TORK	0.9950	-	0.4267
1	27780312	27785255	4943	TORK	0.9865	-	0.9362
1	27784278	27793307	9029	SIRE	0.9499	-	0.9694
1	27789989	27796895	6906	REINA	0.9966	-	0.6940
1	27794951	27800665	5714	ALE	0.9971	-	0.9574
1	27798883	27804726	5843	BIANCA	0.9908	-	0.7372
1	27803654	27809610	5956	REINA	0.9635	-	0.6801
1	27798883	27804726	5843	BIANCA	0.9908	-	0.5441
1	27803654	27809610	5956	REINA	0.9635	-	0.6801
1	27808600	27814464	5864	ALE	0.9938	-	0.5858
1	27812526	27818759	6233	BIANCA	0.8400	-	0.9097
1	27816273	27821148	4875	ALE	0.9770	-	0.3275
1	27819123	27824703	5580	ALE	0.9979	-	0.8865
1	27823216	27827538	4322	ALE	0.7211	-	0.5131
1	27825994	27831256	5262	TORK	0.9981	-	0.7708
1	27829387	27834315	4928	ALE	0.9964	-	0.7978
1	27833902	27838793	4891	ALE	0.9667	-	0.3980
1	27837607	27843283	5676	REINA	0.9609	-	0.3570
1	27841044	27847490	6446	TORK	0.9054	-	0.3023
1	27841044	27847490	6446	TORK	0.9054	-	0.2968
1	27845297	27854368	9071	SIRE	0.9940	-	0.5473
1	27852337	27856773	4436	ALE	0.9369	-	0.3925
1	27856069	27861721	5652	ALE	0.9922	-	0.3601
1	27861919	27867514	5595	REINA	0.9910	-	0.8587
1	27868263	27873676	5413	ALE	0.9956	-	0.5253
1	27874483	27880983	6500	ALE	0.9937	-	0.4976
1	27878429	27883566	5137	TORK	0.9028	-	0.9482
1	27881508	27887170	5662	ALE	0.9996	-	0.4572
1	27885528	27890414	4886	REINA	0.9527	-	0.7159
1	27878429	27883566	5137	TORK	0.9028	-	0.8921
1	27881508	27887170	5662	ALE	0.9996	-	0.4572
1	27885528	27890414	4886	REINA	0.9527	-	0.7159
1	27890906	27896409	5503	BIANCA	0.9924	-	0.9865
1	27894579	27899601	5022	ALE	0.9765	-	0.8466
1	27897356	27903082	5726	ALE	0.9615	-	0.3285
1	27903449	27908274	4825	ALE	0.9919	-	0.3551
1	27906765	27913122	6357	ALE	0.9854	-	0.3691
1	27914286	27920198	5912	REINA	0.9866	-	0.6571
1	27919266	27924546	5280	TORK	0.9984	-	0.3068
1	27922710	27929037	6327	TORK	0.9700	-	0.5600
1	27919266	27924546	5280	TORK	0.9984	-	0.5036
1	27922710	27929037	6327	TORK	0.9700	-	0.5600
1	27926586	27932621	6035	ALE	0.9832	-	0.9535
1	27932618	27938977	6359	REINA	0.9798	-	0.7600
1	27937921	27947091	9170	DEL	0.9798	-	0.9862
1	27944704	27954164	9460	DEL	0.9339	-	0.2655
1	27950789	27957076	6287	ALE	0.9936	-	0.4718
1	27956052	27968603	12551	SIRE	0.9772	-	0.9335
1	27956052	27968603	12551	SIRE	0.9772	-	0.2794
1	27966670	27972609	5939	REINA	0.9899	-	0.6154
1	27972777	27978388	5611	TORK	0.9779	-	0.8357
1	27975717	27983247	7530	ATHILA	0.9866	-	0.8589
1	27981487	27987489	6002	TORK	0.9868	-	0.3509
1	27985439	27991222	5783	BIANCA	0.9634	-	0.7034
1	27992025	27997347	5322	ALE	0.9965	-	0.9309
1	27995262	28000223	4961	TORK	0.9015	-	0.9690
1	27998735	28003680	4945	ALE	0.9930	-	0.4816
1	28002020	28007419	5399	ALE	0.9901	-	0.4917
1	28004817	28010869	6052	ALE	0.9998	-	0.9570
1	28002020	28007419	5399	ALE	0.9901	-	0.4917
1	28004817	28010869	6052	ALE	0.9998	-	0.9570
1	28009629	28014537	4908	ALE	0.9774	-	0.6389
1	28012181	28017698	5517	REINA	0.8234	-	0.9154
1	28017270	28023476	6206	ALE	0.9844	-	0.3120
1	28021246	28026008	4762	TORK	0.9660	-	0.4126
1	28027183	28032276	5093	ALE	0.9973	-	0.2380
1	28029830	28035354	5524	ALE	0.9921	-	0.9981
1	28033251	28038294	5043	ALE	0.9948	-	0.5440
1	28036577	28041783	5206	BIANCA	0.9910	-	0.9910
1	28041940	28047127	5187	TORK	0.9946	-	0.8239
1	28041940	28047127	5187	TORK	0.9946	-	0.8239
1	28046092	28051902	5810	TORK	0.9891	-	0.4104
1	28050612	28056084	5472	ALE	0.9997	-	0.6328
1	28056922	28063015	6093	REINA	0.9950	-	0.9407
1	28060317	28067701	7384	ALE	0.9979	-	0.9850
1	28065308	28070416	5108	ALE	0.9916	-	0.8385
1	28070364	28075723	5359	ALE	0.9913	-	0.9892
1	28075953	28084881	8928	DEL	0.9623	-	0.4099
1	28081607	28087272	5665	ALE	0.9940	-	0.6574
1	28081607	28087272	5665	ALE	0.9940	-	0.6574
1	28087626	28092386	4760	ALE	0.8641	-	0.2844
1	28091361	28096942	5581	ALE	0.9974	-	0.5355
1	28096590	28102036	5446	ALE	0.9922	-	0.6852
1	28101229	28105564	4335	ALE	0.9982	-	0.9056
1	28104275	28109468	5193	ALE	0.9833	-	0.9030
1	28110151	28116255	6104	ALE	0.9997	-	0.9422
1	28115848	28121039	5191	TORK	0.9528	-	0.7624
1	28120072	28125128	5056	ALE	0.9894	-	0.3703
1	28124596	28129903	5307	ALE	0.9970	-	0.3835
1	28120072	28125128	5056	ALE	0.9894	-	0.7761
1	28124596	28129903	5307	ALE	0.9970	-	0.3835
1	28130570	28136044	5474	ALE	0.9899	-	0.5603
1	28134548	28140066	5518	ALE	0.9510	-	0.6085
1	28137849	28143236	5387	ALE	0.9960	-	0.4788
1	28140831	28146056	5225	ALE	0.9954	-	0.6133
1	28143088	28154406	11318	SIRE	0.9987	-	0.6892
1	28152935	28157761	4826	TORK	0.9465	-	0.4500
1	28158401	28163897	5496	ALE	0.9921	-	0.3868
1	28164429	28170022	5593	ALE	0.9932	-	0.9611
1	28158401	28163897	5496	ALE	0.9919	-	0.6088
1	28164429	28170022	5593	ALE	0.9932	-	0.9611
1	28168640	28174086	5446	ALE	0.9954	-	0.8578
1	28173450	28179413	5963	ALE	0.8997	-	0.5400
1	28177165	28182515	5350	ALE	0.9534	-	0.8735
1	28180563	28186056	5493	ALE	0.9608	-	0.9401
1	28183813	28188239	4426	REINA	0.9781	-	0.3105
1	28188328	28193550	5222	ALE	0.9879	-	0.8466
1	28191655	28198198	6543	ALE	0.9939	-	0.3539
1	28197435	28202746	5311	BIANCA	0.9829	-	0.7191
1	28202909	28208521	5612	TORK	0.9848	-	0.4664
1	28202909	28208521	5612	TORK	0.9848	-	0.4664
1	28210056	28215273	5217	ALE	0.9457	-	0.6738
1	28214449	28219588	5139	ALE	0.9801	-	0.3657
1	28217683	28222565	4882	ALE	0.9949	-	0.9946
1	28221826	28228645	6819	TORK	0.9979	-	0.5785
1	28229496	28235486	5990	TORK	0.9817	-	0.3538
1	28233289	28238355	5066	TORK	0.9964	-	0.4770
1	28237842	28242728	4886	ALE	0.9947	-	0.9245
1	28241645	28246507	4862	ALE	0.9888	-	0.5152
1	28244415	28251194	6779	ALE	0.9991	-	0.6513
1	28241645	28246507	4862	ALE	0.9888	-	0.5152
1	28244415	28251194	6779	ALE	0.9991	-	0.6513
1	28250114	28255479	5365	ALE	0.9985	-	0.8583
1	28253855	28259634	5779	ANGELA	0.8029	-	0.7233
1	28257581	28263344	5763	ALE	0.9995	-	0.9635
1	28260552	28267002	6450	ORYCO	0.9843	-	0.9735
1	28264903	28270204	5301	ALE	0.9435	-	0.9672
1	28268094	28272689	4595	ALE	0.7762	-	0.8263
1	28270512	28276775	6263	TORK	0.9199	-	0.5570
1	28274077	28279763	5686	ALE	0.9986	-	0.8635
1	28280082	28285577	5495	ALE	0.9995	-	0.2211
1	28283862	28288178	4316	ALE	0.9883	-	0.9582
1	28280082	28285577	5495	ALE	0.9995	-	0.9283
1	28283862	28288178	4316	ALE	0.9883	-	0.9582
1	28287409	28292874	5465	ALE	0.9968	-	0.9928
1	28290536	28295336	4800	ALE	0.9752	-	0.7679
1	28293260	28299602	6342	ALE	0.9959	-	0.9982
1	28297150	28301911	4761	TORK	0.8684	-	0.7551
1	28300542	28305843	5301	ALE	0.9985	-	0.5232
1	28303454	28309246	5792	ALE	0.9033	-	0.7013
1	28306781	28312870	6089	ALE	0.9972	-	0.5419
1	28310672	28316340	5668	ALE	0.9847	-	0.9183
1	28313936	28319149	5213	ALE	0.7577	-	0.3877
1	28317458	28322085	4627	ALE	0.9982	-	0.6615
1	28321400	28326663	5263	ALE	0.9975	-	0.9933
1	28321400	28326663	5263	ALE	0.9975	-	0.9933
1	28326115	28332074	5959	ALE	0.9959	-	0.6563
1	28331181	28335966	4785	ALE	0.9738	-	0.9614
1	28334561	28341326	6765	ALE	0.9984	-	0.7723
1	28338518	28344223	5705	ALE	0.9985	-	0.8342
1	28343705	28348731	5026	ALE	0.9967	-	0.9158
1	28346750	28351993	5243	ALE	0.9886	-	0.4531
1	28351999	28357693	5694	ALE	0.9972	-	0.4038
1	28356881	28362065	5184	ALE	0.9895	-	0.7701
1	28360102	28365609	5507	ALE	0.9990	-	0.9944
1	28365865	28371146	5281	ALE	0.9984	-	0.7019
1	28360102	28365609	5507	ALE	0.9990	-	0.8866
1	28365865	28371146	5281	ALE	0.9984	-	0.7019
1	28373951	28379741	5790	ALE	0.9722	-	0.4897
1	28379800	28385064	5264	ALE	0.9986	-	0.8016
1	28382899	28388587	5688	ALE	0.9967	-	0.8887
1	28387271	28393200	5929	ALE	0.9994	-	0.7893
1	28391022	28396235	5213	BIANCA	0.9942	-	0.6175
1	28395606	28401304	5698	ALE	0.9917	-	0.7721
1	28399768	28404405	4637	ALE	0.9614	-	0.8464
1	28406178	28412160	5982	ORYCO	0.9925	-	0.9731
1	28399768	28404405	4637	ALE	0.9614	-	0.7276
1	28410210	28419272	9062	DEL	0.9665	-	0.9899
1	28415903	28421628	5725	ALE	0.9618	-	0.9597
1	28418951	28425301	6350	REINA	0.9880	-	0.5466
1	28425006	28430685	5679	ALE	0.9593	-	0.9843
1	28430201	28435716	5515	ALE	0.9958	-	0.6021
1	28434789	28439867	5078	BIANCA	0.9931	-	0.9066
1	28439820	28445391	5571	TORK	0.9919	-	0.9930
1	28442962	28448767	5805	ALE	0.9954	-	0.4829
1	28446071	28452550	6479	ALE	0.9703	-	0.9579
1	28439820	28445391	5571	TORK	0.9919	-	0.5125
1	28442962	28448767	5805	ALE	0.9954	-	0.4829
1	28449667	28455936	6269	TORK	0.9947	-	0.9000
1	28455610	28461431	5821	ALE	0.9949	-	0.2897
1	28459122	28464694	5572	TORK	0.9862	-	0.5422
1	28465115	28470157	5042	ALE	0.9938	-	0.4447
1	28468511	28473817	5306	ALE	0.9952	-	0.8156
1	28474346	28480223	5877	ALE	0.9994	-	0.4760
1	28478021	28483690	5669	TORK	0.9936	-	0.4631
1	28482579	28489041	6462	REINA	0.9725	-	0.6046
1	28482579	28489041	6462	REINA	0.9725	-	0.6046
1	28488036	28493473	5437	ALE	0.9964	-	0.7827
1	28492286	28497473	5187	ALE	0.9931	-	0.9466
1	28495636	28501355	5719	ALE	0.9993	-	0.7075
1	28498858	28504313	5455	ALE	0.9684	-	0.6755
1	28502717	28510197	7480	TORK	0.9926	-	0.4106
1	28508739	28514396	5657	ALE	0.9991	-	0.4122
1	28512500	28519322	6822	ALE	0.9937	-	0.4878
1	28516780	28523046	6266	BIANCA	0.9958	-	0.4488
1	28520833	28526885	6052	TORK	0.8594	-	0.3831
1	28524404	28529883	5479	ALE	0.9973	-	0.8509
1	28520833	28526885	6052	TORK	0.8594	-	0.3964
1	28524404	28529883	5479	ALE	0.9973	-	0.8509
1	28529704	28535175	5471	TORK	0.9864	-	0.8790
1	28536499	28542265	5766	ALE	0.9885	-	0.9938
1	28541386	28547165	5779	ALE	0.9948	-	0.5083
1	28544610	28550520	5910	TORK	0.9137	-	0.6762
1	28549497	28554674	5177	ALE	0.8606	-	0.4744
1	28552684	28558584	5900	ALE	0.9859	-	0.7295
1	28555274	28563873	8599	ATHILA	0.9121	-	0.9340
1	28561454	28566569	5115	ALE	0.9856	-	0.6108
1	28564496	28569600	5104	TORK	0.9694	-	0.8119
1	28561454	28566569	5115	ALE	0.9856	-	0.6108
1	28564496	28569600	5104	TORK	0.9694	-	0.8119
1	28567277	28573551	6274	ALE	0.9985	-	0.5524
1	28572676	28577287	4611	ALE	0.8588	-	0.5087
1	28575047	28581030	5983	ALE	0.9870	-	0.3522
1	28579959	28585782	5823	TORK	0.9873	-	0.6392
1	28583266	28588386	5120	TORK	0.8596	-	0.7466
1	28585845	28591896	6051	ALE	0.9945	-	0.9918
1	28590560	28595165	4605	TORK	0.9777	-	0.6061
1	28593519	28599463	5944	ALE	0.9990	-	0.7733
1	28597906	28603150	5244	BIANCA	0.9986	-	0.8641
1	28601733	28607364	5631	BIANCA	0.9632	-	0.8314
1	28605024	28610944	5920	TORK	0.9270	-	0.4905
1	28601733	28607364	5631	BIANCA	0.9632	-	0.8314
1	28605024	28610944	5920	TORK	0.9270	-	0.4905
1	28608992	28614299	5307	BIANCA	0.7328	-	0.6264
1	28612622	28617771	5149	TORK	0.9949	-	0.5104
1	28617342	28622389	5047	ALE	0.9684	-	0.9926
1	28620011	28627646	7635	TORK	0.8894	-	0.7448
1	28625325	28630183	4858	ALE	0.9931	-	0.9483
1	28630537	28635720	5183	ALE	0.9992	-	0.3586
1	28634392	28639667	5275	ALE	0.9927	-	0.7151
1	28637123	28643351	6228	BIANCA	0.9299	-	0.5273
1	28642045	28647403	5358	TORK	0.8436	-	0.7413
1	28645075	28650240	5165	TORK	0.9880	-	0.5920
1	28642045	28647403	5358	TORK	0.8436	-	0.7413
1	28645075	28650240	5165	TORK	0.9880	-	0.5920
1	28650028	28655427	5399	BIANCA	0.9975	-	0.5143
1	28656229	28661416	5187	TORK	0.9899	-	0.4200
1	28660265	28664839	4574	TORK	0.9960	-	0.9048
1	28665647	28670377	4730	ALE	0.9965	-	0.6977
1	28670557	28675619	5062	ALE	0.9564	-	0.9775
1	28673743	28679335	5592	ALE	0.9990	-	0.8327
1	28677457	28682578	5121	ALE	0.9931	-	0.8427
1	28681193	28686691	5498	ALE	0.9990	-	0.5605
1	28684461	28688963	4502	TORK	0.8298	-	0.8147
1	28681193	28686691	5498	ALE	0.9990	-	0.5636
1	28684461	28688963	4502	TORK	0.8298	-	0.8147
1	28687616	28694049	6433	ALE	0.9786	-	0.5805
1	28691935	28696989	5054	ALE	0.9980	-	0.2582
1	28696148	28701721	5573	ALE	0.9895	-	0.2570
1	28700589	28704991	4402	ALE	0.9927	-	0.8922
1	28704056	28709508	5452	ALE	0.9988	-	0.6688
1	28710158	28715144	4986	ALE	0.9986	-	0.5832
1	28714022	28719131	5109	REINA	0.9895	-	0.5368
1	28716504	28722885	6381	ALE	0.8088	-	0.8050
1	28720276	28725769	5493	ALE	0.7976	-	0.7060
1	28723233	28728890	5657	BIANCA	0.9749	-	0.9258
1	28720276	28725769	5493	ALE	0.7976	-	0.7424
1	28723233	28728890	5657	BIANCA	0.9749	-	0.9258
1	28730922	28735325	4403	ALE	0.9976	-	0.7943
1	28736830	28742347	5517	ALE	0.9624	-	0.3332
1	28740360	28746848	6488	ALE	0.9950	-	0.7623
1	28746548	28752443	5895	BIANCA	0.9825	-	0.8051
1	28751121	28756531	5410	ALE	0.9900	-	0.4745
1	28754888	28761476	6588	ALE	0.9973	-	0.8605
1	28761913	28767281	5368	ORYCO	0.9705	-	0.4928
1	28765037	28770246	5209	ALE	0.9918	-	0.4840
1	28761913	28767281	5368	ORYCO	0.9705	-	0.4928
1	28765037	28770246	5209	ALE	0.9918	-	0.4840
1	28769023	28774267	5244	ALE	0.9870	-	0.9771
1	28771631	28777951	6320	CRM	0.9975	-	0.9407
1	28775918	28785206	9288	DEL	0.9561	-	0.8629
1	28781973	28788348	6375	REINA	0.9931	-	0.3871
1	28786116	28791361	5245	ALE	0.9383	-	0.3900
1	28789777	28795403	5626	ALE	0.9818	-	0.9458
1	28795060	28800358	5298	ALE	0.9994	-	0.6743
1	28799876	28805892	6016	BIANCA	0.9770	-	0.9569
1	28804351	28813571	9220	ATHILA	0.9809	-	0.9378
1	28799876	28805892	6016	BIANCA	0.9770	-	0.4069
1	28804351	28813571	9220	ATHILA	0.9809	-	0.9378
1	28814096	28819569	5473	ORYCO	0.9977	-	0.6374
1	28820001	28825191	5190	ALE	0.9986	-	0.9746
1	28822738	28828566	5828	ALE	0.9972	-	0.7580
1	28826413	28832284	5871	REINA	0.9914	-	0.6085
1	28833007	28839774	6767	ALE	0.9992	-	0.9186
1	28839361	28844699	5338	ALE	0.9992	-	0.8039
1	28842785	28848342	5557	ALE	0.9905	-	0.8435
1	28839361	28844699	5338	ALE	0.9992	-	0.8233
1	28842785	28848342	5557	ALE	0.9905	-	0.8435
1	28847775	28853543	5768	ALE	0.9965	-	0.3421
1	28854602	28860666	6064	ALE	0.9971	-	0.6639
1	28858450	28863978	5528	REINA	0.9959	-	0.8892
1	28861010	28869235	8225	TORK	0.9864	-	0.7697
1	28866695	28872104	5409	ALE	0.9232	-	0.7918
1	28870489	28875698	5209	ALE	0.9996	-	0.4338
1	28874555	28880326	5771	ORYCO	0.9888	-	0.8527
1	28877838	28883360	5522	ALE	0.9957	-	0.7138
1	28882494	28888218	5724	ALE	0.9991	-	0.6150
1	28882494	28888218	5724	ALE	0.9991	-	0.6150
1	28887788	28893460	5672	TORK	0.9456	-	0.7125
1	28892504	28898457	5953	ALE	0.9945	-	0.9598
1	28897477	28904340	6863	ALE	0.9967	-	0.8532
1	28903555	28909046	5491	ALE	0.9993	-	0.6165
1	28909014	28914918	5904	ALE	0.9887	-	0.5119
1	28912845	28918789	5944	ALE	0.9989	-	0.7269
1	28916812	28921953	5141	ALE	0.9993	-	0.7490
1	28921233	28927164	5931	TORK	0.9563	-	0.9740
1	28924834	28929505	4671	ALE	0.8542	-	0.5076
1	28921233	28927164	5931	TORK	0.9563	-	0.9740
1	28924834	28929505	4671	ALE	0.8542	-	0.5076
1	28927894	28933746	5852	ALE	0.9942	-	0.9762
1	28933099	28938340	5241	ALE	0.9409	-	0.4710
1	28937380	28942401	5021	ALE	0.9857	-	0.5752
1	28939940	28945697	5757	ALE	0.9144	-	0.9958
1	28943811	28948558	4747	ALE	0.9831	-	0.4641
1	28947053	28953887	6834	TAT	0.9307	-	0.3950
1	28951673	28956557	4884	ALE	0.9990	-	0.4530
1	28955704	28961863	6159	ALE	0.9852	-	0.7547
1	28959759	28965530	5771	ALE	0.9798	-	0.5010
1	28963125	28968847	5722	TORK	0.9464	-	0.7474
1	28959759	28965530	5771	ALE	0.9798	-	0.9981
1	28963125	28968847	5722	TORK	0.9464	-	0.7474
1	28966608	28972070	5462	BIANCA	0.9771	-	0.6314
1	28970440	28976328	5888	ALE	0.8989	-	0.9450
1	28974380	28984573	10193	SIRE	0.9664	-	0.6367
1	28983763	28989458	5695	ALE	0.9949	-	0.6629
1	28989566	28994628	5062	ALE	0.9976	-	0.6583
1	28994150	28999476	5326	ALE	0.9994	-	0.5162
1	28998151	29004266	6115	ORYCO	0.9904	-	0.4473
1	29004065	29014830	10765	TAT	0.9951	-	0.5693
1	29013494	29019359	5865	ALE	0.9970	-	0.7014
1	29018660	29023471	4811	TORK	0.9859	-	0.6435
1	29023601	29028886	5285	ALE	0.9929	-	0.9944
1	29026271	29032664	6393	ALE	0.9629	-	0.4333
1	29032684	29037538	4854	REINA	0.9966	-	0.4641
1	29035548	29040022	4474	ALE	0.9843	-	0.7152
1	29038344	29047145	8801	DEL	0.9992	-	0.8178
1	29038344	29047145	8801	DEL	0.9992	-	0.8735
1	29047595	29053594	5999	TORK	0.9878	-	0.2691
1	29052008	29058012	6004	ALE	0.9877	-	0.8029
1	29055679	29061578	5899	ALE	0.7885	-	0.9461
1	29059496	29064708	5212	ALE	0.9953	-	0.7721
1	29063748	29069435	5687	ALE	0.9991	-	0.2609
1	29069371	29075433	6062	ALE	0.9947	-	0.8311
1	29074874	29080156	5282	ALE	0.9863	-	0.3811
1	29080827	29086682	5855	REINA	0.9773	-	0.9997
1	29083631	29092383	8752	SIRE	0.7964	-	0.5163
1	29080827	29086682	5855	REINA	0.9773	-	0.9997
1	29083631	29092383	8752	SIRE	0.7964	-	0.5163
1	29089863	29095012	5149	TORK	0.9949	-	0.9270
1	29094391	29099453	5062	ALE	0.9476	-	0.9991
1	29099630	29104209	4579	ALE	0.9620	-	0.9145
1	29102047	29112675	10628	ATHILA	0.9898	-	0.4164
1	29110690	29116656	5966	ALE	0.9517	-	0.3787
1	29114239	29118864	4625	ALE	0.8714	-	0.5934
1	29118403	29124168	5765	ALE	0.9975	-	0.3115
1	29123498	29128739	5241	ALE	0.9889	-	0.5664
1	29123498	29128739	5241	ALE	0.9889	-	0.5664
1	29126982	29132568	5586	ALE	0.9956	-	0.5079
1	29130054	29135438	5384	TORK	0.8245	-	0.5185
1	29132959	29138433	5474	TORK	0.9890	-	0.8308
1	29137550	29143331	5781	ORYCO	0.9947	-	0.8021
1	29142159	29148004	5845	ALE	0.9996	-	0.9142
1	29148104	29153424	5320	ALE	0.9438	-	0.9856
1	29151397	29156396	4999	BIANCA	0.9741	-	0.6069
1	29154427	29159921	5494	REINA	0.9862	-	0.5888
1	29157090	29165610	8520	ATHILA	0.9592	-	0.9728
1	29163029	29169450	6421	ALE	0.9802	-	0.4278
1	29157090	29165610	8520	ATHILA	0.9592	-	0.5419
1	29163029	29169450	6421	ALE	0.9802	-	0.4278
1	29168313	29173588	5275	ALE	0.9984	-	0.8048
1	29171528	29178290	6762	BIANCA	0.8396	-	0.4495
1	29174380	29184658	10278	SIRE	0.9972	-	0.3893
1	29181965	29187416	5451	ALE	0.9811	-	0.8467
1	29185100	29190815	5715	BIANCA	0.8204	-	0.8348
1	29190168	29196328	6160	REINA	0.9963	-	0.6387
1	29193804	29199046	5242	ALE	0.9978	-	0.8293
1	29198080	29204473	6393	TORK	0.9790	-	0.9978
1	29201955	29207109	5154	TORK	0.9955	-	0.4486
1	29205593	29211000	5407	ALE	0.9549	-	0.8620
1	29201955	29207109	5154	TORK	0.9955	-	0.4486
1	29205593	29211000	5407	ALE	0.9549	-	0.8620
1	29209713	29215621	5908	ALE	0.9663	-	0.7001
1	29213172	29218952	5780	TORK	0.9970	-	0.7524
1	29217781	29222631	4850	ALE	0.9975	-	0.9156
1	29220613	29225711	5098	TORK	0.7393	-	0.9685
1	29223506	29229817	6311	ALE	0.9977	-	0.7322
1	29228695	29233809	5114	ALE	0.7077	-	0.9832
1	29231439	29236876	5437	ALE	0.9966	-	0.8198
1	29234719	29240060	5341	ALE	0.9471	-	0.4026
1	29237588	29243506	5918	ALE	0.9866	-	0.8930
1	29243016	29248636	5620	ORYCO	0.9953	-	0.6675
1	29243016	29248636	5620	ORYCO	0.9953	-	0.6675
1	29249516	29255680	6164	ALE	0.9942	-	0.4452
1	29256035	29261608	5573	ALE	0.9521	-	0.3113
1	29259499	29265926	6427	ALE	0.9729	-	0.5136
1	29265601	29271635	6034	ALE	0.9960	-	0.7629
1	29270921	29276432	5511	REINA	0.8871	-	0.5464
1	29274528	29280334	5806	ALE	0.9978	-	0.8075
1	29278870	29284055	5185	ALE	0.9059	-	0.6709
1	29283928	29288308	4380	ALE	0.9835	-	0.2731
1	29286266	29291518	5252	ALE	0.9445	-	0.8863
1	29278870	29284055	5185	ALE	0.9059	-	0.8286
1	29283928	29288308	4380	ALE	0.9835	-	0.2731
1	29289344	29293955	4611	ALE	0.9623	-	0.7303
1	29293259	29298601	5342	ALE	0.9918	-	0.5289
1	29296675	29302378	5703	TORK	0.9928	-	0.8965
1	29302242	29307315	5073	REINA	0.9985	-	0.6312
1	29307958	29312829	4871	ALE	0.9702	-	0.8600
1	29311395	29316134	4739	ALE	0.9984	-	0.7267
1	29314262	29319048	4786	ALE	0.9990	-	0.7101
1	29317161	29322993	5832	TORK	0.9507	-	0.5726
1	29323179	29328989	5810	ALE	0.9889	-	0.3415
1	29323179	29328989	5810	ALE	0.9889	-	0.3415
1	29330675	29336338	5663	ALE	0.9997	-	0.3328
1	29335610	29341344	5734	ORYCO	0.9890	-	0.5422
1	29339008	29345126	6118	ALE	0.8669	-	0.2961
1	29342556	29347974	5418	ALE	0.9811	-	0.6834
1	29346210	29351633	5423	ALE	0.9922	-	0.4983
1	29353081	29358593	5512	ALE	0.9943	-	0.6380
1	29356640	29362029	5389	ALE	0.9846	-	0.7002
1	29361689	29367616	5927	ALE	0.9973	-	0.9865
1	29365575	29371434	5859	ALE	0.9741	-	0.6213
1	29361689	29367616	5927	ALE	0.9973	-	0.9865
1	29365575	29371434	5859	ALE	0.9741	-	0.6213
1	29368777	29374792	6015	ALE	0.9990	-	0.6052
1	29372196	29378394	6198	TORK	0.9931	-	0.8986
1	29378321	29384027	5706	ALE	0.9936	-	0.3200
1	29383823	29388810	4987	ALE	0.9957	-	0.9705
1	29387013	29392871	5858	REINA	0.9907	-	0.9179
1	29390353	29396049	5696	ALE	0.9977	-	0.5355
1	29396327	29401416	5089	ALE	0.9927	-	0.5201
1	29401936	29407223	5287	ALE	0.9637	-	0.5271
1	29401936	29407223	5287	ALE	0.9637	-	0.5271
1	29404872	29412012	7140	SIRE	0.9865	-	0.4699
1	29409615	29415323	5708	ALE	0.9843	-	0.2961
1	29414107	29419787	5680	ALE	0.9593	-	0.9821
1	29419552	29425165	5613	TORK	0.9944	-	0.7731
1	29422811	29429047	6236	ALE	0.9904	-	0.7811
1	29427353	29432640	5287	ALE	0.9649	-	0.7975
1	29430496	29436647	6151	BIANCA	0.8289	-	0.5624
1	29434180	29438985	4805	ALE	0.9885	-	0.7221
1	29437082	29442604	5522	ALE	0.9775	-	0.4663
1	29440247	29445943	5696	ALE	0.9975	-	0.6836
1	29443433	29448738	5305	ALE	0.9855	-	0.9060
1	29440247	29445943	5696	ALE	0.9975	-	0.7684
1	29443433	29448738	5305	ALE	0.9855	-	0.9060
1	29446914	29451947	5033	ALE	0.9861	-	0.7621
1	29451297	29459280	7983	DEL	0.9561	-	0.2179
1	29457743	29463139	5396	ALE	0.9978	-	0.3639
1	29463228	29469346	6118	TORK	0.9975	-	0.5923
1	29469104	29474507	5403	ALE	0.9957	-	0.6289
1	29473770	29479341	5571	TORK	0.9939	-	0.4673
1	29478021	29483996	5975	ALE	0.9674	-	0.9102
1	29481556	29486339	4783	ALE	0.9936	-	0.6804
1	29481556	29486339	4783	ALE	0.9936	-	0.6804
1	29486711	29492896	6185	TORK	0.9960	-	0.4111
1	29492290	29497555	5265	ALE	0.9900	-	0.9847
1	29497635	29503153	5518	ALE	0.9824	-	0.9140
1	29502265	29507950	5685	ALE	0.9976	-	0.5891
1	29505578	29510836	5258	ALE	0.9852	-	0.7624
1	29508752	29514190	5438	ALE	0.9869	-	0.9020
1	29512058	29517102	5044	ALE	0.9668	-	0.5862
1	29515523	29524484	8961	TORK	0.9778	-	0.9914
1	29521138	29526927	5789	ALE	0.9933	-	0.5757
1	29525023	29530263	5240	ALE	0.9958	-	0.9463
1	29521138	29526927	5789	ALE	0.9933	-	0.5726
1	29525023	29530263	5240	ALE	0.9958	-	0.9463
1	29528551	29533312	4761	ALE	0.9395	-	0.4332
1	29531358	29536660	5302	BIANCA	0.8364	-	0.9975
1	29535876	29541464	5588	ALE	0.9994	-	0.6834
1	29542253	29547502	5249	ALE	0.9974	-	0.6099
1	29547337	29553297	5960	ALE	0.9772	-	0.3982
1	29550557	29557092	6535	ALE	0.8998	-	0.6346
1	29554799	29561160	6361	ALE	0.9689	-	0.5148
1	29560127	29566213	6086	ORYCO	0.9900	-	0.4620
1	29565150	29570088	4938	ALE	0.9800	-	0.7546
1	29560127	29566213	6086	ORYCO	0.9900	-	0.8110
1	29565150	29570088	4938	ALE	0.9800	-	0.7546
1	29567089	29575596	8507	DEL	0.9843	-	0.9975
1	29571762	29581701	9939	DEL	0.8967	-	0.6905
1	29578499	29584416	5917	ALE	0.9917	-	0.4256
1	29582669	29587555	4886	ALE	0.8260	-	0.4434
1	29586094	29591783	5689	ALE	0.9908	-	0.3916
1	29589610	29594720	5110	BIANCA	0.7995	-	0.9635
1	29592568	29597778	5210	TORK	0.9838	-	0.4978
1	29597121	29601485	4364	ORYCO	0.8803	-	0.9009
1	29599249	29604770	5521	ALE	0.9836	-	0.7734
1	29602715	29607749	5034	ALE	0.9858	-	0.8836
1	29599249	29604770	5521	ALE	0.9836	-	0.8180
1	29602715	29607749	5034	ALE	0.9858	-	0.8836
1	29608854	29613818	4964	TORK	0.9799	-	0.3415
1	29613604	29619769	6165	ALE	0.9938	-	0.6596
1	29617516	29622953	5437	ALE	0.9820	-	0.6602
1	29620990	29627044	6054	ALE	0.9994	-	0.9344
1	29624340	29636953	12613	DEL	0.9791	-	0.6543
1	29635044	29643361	8317	TORK	0.9159	-	0.3357
1	29642875	29648543	5668	ALE	0.9928	-	0.4418
1	29646469	29651594	5125	ALE	0.9960	-	0.6785
1	29642875	29648543	5668	ALE	0.9928	-	0.4418
1	29650034	29655707	5673	TORK	0.9770	-	0.3369
1	29653657	29658958	5301	ALE	0.9967	-	0.7590
1	29657755	29662596	4841	REINA	0.9873	-	0.4441
1	29660368	29665652	5284	ALE	0.8583	-	0.7309
1	29663530	29668486	4956	ORYCO	0.9674	-	0.6516
1	29667184	29675126	7942	TORK	0.9911	-	0.9834
1	29675543	29681710	6167	ALE	0.9950	-	0.6949
1	29681031	29686476	5445	TORK	0.9454	-	0.4247
1	29685180	29690191	5011	TORK	0.9476	-	0.6789
1	29681031	29686476	5445	TORK	0.9454	-	0.4255
1	29685180	29690191	5011	TORK	0.9476	-	0.6789
1	29687960	29693228	5268	TORK	0.9893	-	0.4010
1	29691550	29696884	5334	ALE	0.9979	-	0.4920
1	29695004	29699987	4983	TORK	0.9299	-	0.9433
1	29699611	29705748	6137	ALE	0.9895	-	0.8522
1	29704363	29709059	4696	ALE	0.9942	-	0.9077
1	29710031	29715794	5763	ALE	0.9959	-	0.6224
1	29713347	29719545	6198	ALE	0.9493	-	0.5556
1	29717543	29722551	5008	ALE	0.9936	-	0.8102
1	29721209	29726915	5706	BIANCA	0.9109	-	0.7692
1	29724322	29730023	5701	TORK	0.9865	-	0.8684
1	29721209	29726915	5706	BIANCA	0.9109	-	0.7687
1	29724322	29730023	5701	TORK	0.9865	-	0.8684
1	29727559	29733438	5879	ALE	0.9910	-	0.5915
1	29731897	29737339	5442	ALE	0.9976	-	0.9156
1	29736093	29741086	4993	ALE	0.9887	-	0.5123
1	29738707	29746389	7682	ATHILA	0.8589	-	0.7578
1	29743385	29749780	6395	TORK	0.9833	-	0.8263
1	29749883	29756220	6337	TORK	0.9993	-	0.9521
1	29753809	29759723	5914	TORK	0.9518	-	0.8835
1	29757407	29763019	5612	TORK	0.9974	-	0.9993
1	29760939	29765646	4707	ALE	0.9160	-	0.4847
1	29763425	29769140	5715	TORK	0.9912	-	0.6431
1	29760939	29765646	4707	ALE	0.9160	-	0.4774
1	29763425	29769140	5715	TORK	0.9912	-	0.6431
1	29767502	29772898	5396	ALE	0.9899	-	0.3058
1	29772266	29777698	5432	ALE	0.9927	-	0.8938
1	29775637	29780976	5339	TORK	0.8813	-	0.9761
1	29779160	29784836	5676	ALE	0.9950	-	0.6137
1	29784979	29789888	4909	ALE	0.9933	-	0.9615
1	29790013	29795248	5235	TORK	0.9576	-	0.3476
1	29793939	29799015	5076	ORYCO	0.9983	-	0.8899
1	29797831	29804005	6174	BIANCA	0.9815	-	0.5011
1	29801159	29809901	8742	SIRE	0.9521	-	0.8200
1	29801159	29809901	8742	SIRE	0.9521	-	0.8173
1	29806707	29812470	5763	ALE	0.9972	-	0.3041
1	29810230	29816293	6063	ALE	0.7572	-	0.7909
1	29814197	29819781	5584	ALE	0.9911	-	0.6607
1	29819352	29824619	5267	REINA	0.9925	-	0.9973
1	29822339	29828365	6026	ALE	0.9646	-	0.8884
1	29825717	29832511	6794	ALE	0.9923	-	0.8502
1	29832780	29838675	5895	ALE	0.9974	-	0.5702
1	29836252	29841770	5518	ALE	0.9517	-	0.9494
1	29842420	29847547	5127	ALE	0.9760	-	0.3960
1	29845510	29850787	5277	ALE	0.9956	-	0.3753
1	29842420	29847547	5127	ALE	0.9760	-	0.3960
1	29845510	29850787	5277	ALE	0.9956	-	0.3753
1	29851053	29858838	7785	SIRE	0.9475	-	0.6185
1	29855869	29861320	5451	ALE	0.9898	-	0.5344
1	29861694	29867010	5316	ALE	0.9977	-	0.6841
1	29867680	29873406	5726	TORK	0.9821	-	0.7428
1	29873561	29878791	5230	ALE	0.9970	-	0.4814
1	29877193	29882561	5368	ALE	0.9687	-	0.9844
1	29880197	29889121	8924	SIRE	0.9978	-	0.9589
1	29880197	29889121	8924	SIRE	0.9978	-	0.7755
1	29888561	29893960	5399	ALE	0.9885	-	0.8678
1	29892167	29897748	5581	TORK	0.9917	-	0.8761
1	29898165	29903442	5277	ORYCO	0.9982	-	0.9362
1	29901661	29906919	5258	TORK	0.9778	-	0.9432
1	29904849	29911188	6339	BIANCA	0.9988	-	0.4179
1	29909137	29913809	4672	TORK	0.9911	-	0.7006
1	29911867	29917369	5502	REINA	0.9942	-	0.4804
1	29914666	29921923	7257	REINA	0.9986	-	0.5310
1	29918171	29927185	9014	TAT	0.9924	-	0.9696
1	29925623	29930662	5039	ORYCO	0.9833	-	0.6740
1	29918171	29927185	9014	TAT	0.9924	-	0.8597
1	29925623	29930662	5039	ORYCO	0.9833	-	0.6740
1	29929583	29935916	6333	ALE	0.9953	-	0.3989
1	29935299	29940881	5582	ALE	0.9666	-	0.8375
1	29941465	29946348	4883	ALE	0.9977	-	0.5693
1	29945183	29954400	9217	TAT	0.9967	-	0.8539
1	29952200	29957254	5054	ALE	0.7974	-	0.8028
1	29955845	29964076	8231	DEL	0.9700	-	0.4565
1	29961457	29967058	5601	ALE	0.7585	-	0.4527
1	29961457	29967058	5601	ALE	0.7585	-	0.4527
1	29964816	29973630	8814	DEL	0.9941	-	0.5352
1	29970448	29982555	12107	ATHILA	0.9676	-	0.6870
1	29980796	29986422	5626	ALE	0.9808	-	0.5076
1	29983358	29992082	8724	DEL	0.9975	-	0.8809
1	29991663	29996818	5155	TORK	0.9799	-	0.8617
1	29996803	30001794	4991	ALE	0.9993	-	0.3615
1	30000451	30005548	5097	ORYCO	0.9766	-	0.4674
1	30004676	30009935	5259	ALE	0.9751	-	0.3583
1	30000451	30005548	5097	ORYCO	0.9766	-	0.5673
1	30004676	30009935	5259	ALE	0.9751	-	0.3583
1	30009015	30014209	5194	TORK	0.9309	-	0.8776
1	30012107	30017828	5721	BIANCA	0.9880	-	0.4845
1	30018992	30024118	5126	ALE	0.9752	-	0.3043
1	30024372	30030354	5982	REINA	0.9975	-	0.4564
1	30029942	30036941	6999	REINA	0.9772	-	0.7106
1	30034725	30039716	4991	ALE	0.9961	-	0.6151
1	30043784	30049676	5892	BIANCA	0.9920	-	0.8030
1	30043784	30049676	5892	BIANCA	0.9920	-	0.8030
1	30047206	30052928	5722	BIANCA	0.9969	-	0.5071
1	30052775	30057547	4772	ALE	0.9874	-	0.9922
1	30055884	30063366	7482	SIRE	0.9459	-	0.9517
1	30060774	30070512	9738	SIRE	0.9953	-	0.7954
1	30069941	30075228	5287	ALE	0.9995	-	0.7832
1	30074980	30084142	9162	TORK	0.9820	-	0.3876
1	30083096	30088368	5272	ALE	0.9984	-	0.9312
1	30083096	30088368	5272	ALE	0.9984	-	0.9312
1	30085769	30092170	6401	ALE	0.7045	-	0.8001
1	30089299	30095930	6631	ALE	0.9976	-	0.4413
1	30094983	30099986	5003	ALE	0.9487	-	0.9476
1	30097668	30108771	11103	TORK	0.9964	-	0.6697
1	30106807	30113658	6851	ALE	0.9865	-	0.8184
1	30112714	30118183	5469	ALE	0.9979	-	0.9128
1	30116275	30122309	6034	BIANCA	0.9938	-	0.7437
1	30125178	30130194	5016	ALE	0.9934	-	0.3332
1	30125178	30130194	5016	ALE	0.9934	-	0.3332
1	30129583	30135263	5680	ALE	0.9993	-	0.4118
1	30133796	30140684	6888	ALE	0.9987	-	0.4733
1	30138326	30144191	5865	ALE	0.9912	-	0.5562
1	30143453	30149213	5760	ALE	0.9929	-	0.7343
1	30147407	30154059	6652	TORK	0.9824	-	0.6600
1	30153573	30158934	5361	ALE	0.9924	-	0.8997
1	30157199	30161587	4388	TORK	0.8397	-	0.9074
1	30159837	30165532	5695	ALE	0.9960	-	0.7344
1	30164314	30170345	6031	ALE	0.9806	-	0.4946
1	30159837	30165532	5695	ALE	0.9960	-	0.7231
1	30164314	30170345	6031	ALE	0.9806	-	0.4946
1	30168427	30173074	4647	TORK	0.8330	-	0.5520
1	30173085	30178113	5028	ALE	0.9972	-	0.8003
1	30177097	30185215	8118	SIRE	0.9838	-	0.5825
1	30184298	30189373	5075	ALE	0.9939	-	0.3192
1	30187252	30193240	5988	ALE	0.9972	-	0.4596
1	30194387	30202695	8308	ATHILA	0.9956	-	0.9894
1	30201847	30206720	4873	ALE	0.9875	-	0.4794
1	30201847	30206720	4873	ALE	0.9875	-	0.4794
1	30205538	30213089	7551	DEL	0.9374	-	0.9431
1	30210301	30215888	5587	ALE	0.9966	-	0.3232
1	30213951	30220164	6213	ORYCO	0.9921	-	0.5360
1	30221043	30226407	5364	ALE	0.9486	-	0.6371
1	30224391	30230513	6122	ALE	0.9936	-	0.7932
1	30228694	30234041	5347	ALE	0.9957	-	0.6453
1	30232785	30237953	5168	REINA	0.9771	-	0.4273
1	30235519	30241496	5977	TORK	0.9966	-	0.9416
1	30240582	30245369	4787	ALE	0.9568	-	0.7567
1	30243968	30248588	4620	TORK	0.9414	-	0.5407
1	30240582	30245369	4787	ALE	0.9568	-	0.5710
1	30243968	30248588	4620	TORK	0.9414	-	0.5407
1	30247137	30253438	6301	ALE	0.9888	-	0.5338
1	30251834	30257771	5937	TORK	0.9463	-	0.4757
1	30256633	30261314	4681	ALE	0.9697	-	0.7505
1	30259803	30265213	5410	TORK	0.9613	-	0.7878
1	30263493	30269439	5946	ALE	0.9887	-	0.5620
1	30267558	30272254	4696	ALE	0.9572	-	0.9136
1	30270030	30275190	5160	ALE	0.9845	-	0.6158
1	30273269	30278094	4825	ALE	0.9499	-	0.4747
1	30275871	30281116	5245	REINA	0.9261	-	0.7672
1	30282530	30287346	4816	ALE	0.9850	-	0.9528
1	30286660	30291349	4689	ALE	0.9868	-	0.5006
1	30282530	30287346	4816	ALE	0.9850	-	0.9528
1	30291784	30296543	4759	BIANCA	0.9409	-	0.6966
1	30295324	30300508	5184	ALE	0.9969	-	0.7885
1	30298708	30305743	7035	ALE	0.9486	-	0.2798
1	30302717	30308829	6112	ALE	0.9884	-	0.6683
1	30308219	30315358	7139	ALE	0.9984	-	0.9480
1	30315329	30323452	8123	SIRE	0.9802	-	0.9954
1	30322007	30327619	5612	ALE	0.9792	-	0.5862
1	30325937	30331883	5946	CRM	0.9902	-	0.3363
1	30322007	30327619	5612	ALE	0.9792	-	0.5862
1	30329967	30334596	4629	TORK	0.7016	-	0.3269
1	30332356	30337514	5158	ALE	0.9992	-	0.3333
1	30336550	30341767	5217	ALE	0.9948	-	0.5120
1	30341258	30346738	5480	ALE	0.9903	-	0.7668
1	30344978	30351046	6068	ALE	0.9633	-	0.5383
1	30351602	30357297	5695	ALE	0.9988	-	0.6887
1	30355513	30360138	4625	ALE	0.8939	-	0.4574
1	30358127	30366867	8740	ATHILA	0.9971	-	0.3748
1	30363860	30368635	4775	CRM	0.9570	-	0.6645
1	30358127	30366867	8740	ATHILA	0.9971	-	0.9363
1	30363860	30368635	4775	CRM	0.9570	-	0.6645
1	30366643	30372337	5694	ALE	0.9998	-	0.2843
1	30370514	30376016	5502	ANGELA	0.8635	-	0.6605
1	30374481	30380722	6241	ALE	0.9994	-	0.8991
1	30385983	30390642	4659	ALE	0.9341	-	0.4524
1	30388454	30393683	5229	ALE	0.9945	-	0.9226
1	30394251	30399545	5294	ORYCO	0.9949	-	0.5355
1	30404595	30411079	6484	ALE	0.9960	-	0.5642
1	30378551	30383793	5242	ALE	0.9936	-	0.7181
1	30382225	30387646	5421	ALE	0.9991	-	0.9597
1	30397175	30404833	7658	DEL	0.9947	-	0.4220
1	30402114	30406917	4803	ALE	0.9899	-	0.7303
1	30410181	30416171	5990	BIANCA	0.9994	-	0.9258
1	30416948	30422402	5454	ALE	0.9777	-	0.8963
1	30424806	30427671	2865	BIANCA	0.9274	-	0.9729
