1	3401	8129	4728	ALE	0.9922	-	0.7081
1	7752	13474	5722	ALE	0.9993	-	0.4922
1	14145	19088	4943	ALE	0.9910	-	0.8320
1	21333	26729	5396	ORYCO	0.9995	-	0.4647
1	41419	46923	5504	ALE	0.9905	-	0.8130
1	41419	46923	5504	ALE	0.9905	-	0.8130
1	64001	68846	4845	ALE	0.9902	-	0.7227
1	65853	74973	9120	DEL	0.9932	-	0.6246
1	77041	81529	4488	ALE	0.9992	-	0.8075
1	85122	93834	8712	TORK	0.9930	-	0.8215
1	95978	105616	9638	SIRE	0.9961	-	0.4724
1	105491	110281	4790	ALE	0.9996	-	0.4308
1	117615	122805	5190	BIANCA	0.9980	-	0.6534
1	128400	132551	4151	ALE	0.9977	-	0.9157
1	131445	143051	11606	SIRE	0.9951	-	0.6809
1	142758	148215	5457	ALE	0.9929	-	0.4340
1	168624	174124	5500	BIANCA	0.9995	-	0.2898
1	180091	184488	4397	ALE	0.9955	-	0.4797
1	187178	194981	7803	BIANCA	0.9954	-	0.4648
1	193071	202484	9413	ATHILA	0.9905	-	0.6216
1	225816	231077	5261	ALE	0.9982	-	0.7972
1	230425	237669	7244	TORK	0.9950	-	0.9700
1	235513	240006	4493	ALE	0.9982	-	0.5186
1	238673	244358	5685	ALE	0.9973	-	0.8669
1	241991	248238	6247	ALE	0.9986	-	0.4201
1	238673	244358	5685	ALE	0.9973	-	0.5478
1	241991	248238	6247	ALE	0.9986	-	0.4201
1	255395	266519	11124	ATHILA	0.9910	-	0.8160
1	268440	273126	4686	ALE	0.9985	-	0.9137
1	279016	284581	5565	ALE	0.9982	-	0.4935
1	279016	284581	5565	ALE	0.9982	-	0.9928
1	292644	297988	5344	ORYCO	0.9968	-	0.9798
1	298787	304213	5426	ALE	0.9980	-	0.7336
1	337881	343989	6108	BIANCA	0.9964	-	0.4007
1	341758	347626	5868	BIANCA	0.9980	-	0.3066
1	345603	353690	8087	BIANCA	0.9911	-	0.9453
1	352343	358308	5965	ALE	0.9988	-	0.3837
1	363289	369024	5735	ALE	0.9999	-	0.9065
1	363289	369024	5735	ALE	0.9999	-	0.9065
1	369043	374909	5866	REINA	0.9981	-	0.9953
1	374645	379921	5276	REINA	0.9931	-	0.6693
1	382092	387949	5857	ORYCO	0.9965	-	0.6266
1	389907	396078	6171	ORYCO	0.9983	-	0.8012
1	396998	403003	6005	REINA	0.9997	-	0.5343
1	401186	407575	6389	BIANCA	0.9961	-	0.3993
1	401186	407575	6389	BIANCA	0.9961	-	0.4010
1	426452	432202	5750	TORK	0.9945	-	0.7447
1	434964	440430	5466	ALE	1.0000	-	0.8737
1	444246	450031	5785	ALE	0.9998	-	0.8578
1	444246	450031	5785	ALE	0.9998	-	0.8578
1	467037	471921	4884	REINA	0.9986	-	0.6523
1	474871	480802	5931	ALE	0.9983	-	0.5535
1	482932	488312	5380	ALE	1.0000	-	0.3692
1	482932	488312	5380	ALE	1.0000	-	0.3692
1	488252	497942	9690	DEL	0.9992	-	0.9430
1	507734	514064	6330	BIANCA	0.9906	-	0.9869
1	521789	527334	5545	ALE	0.9956	-	0.9453
1	521789	527334	5545	ALE	0.9956	-	0.9453
1	552612	559393	6781	ALE	0.9964	-	0.5906
1	560419	565853	5434	ALE	0.9938	-	0.9823
1	560419	565853	5434	ALE	0.9938	-	0.9579
1	583362	589277	5915	CRM	0.9931	-	0.6384
1	600949	607024	6075	ALE	0.9958	-	0.8894
1	600949	607024	6075	ALE	0.9958	-	0.8378
1	616090	627879	11789	DEL	0.9974	-	0.7115
1	623984	634127	10143	SIRE	0.9930	-	0.9041
1	635782	641692	5910	BIANCA	0.9945	-	0.4032
1	664076	669651	5575	ALE	0.9942	-	0.6717
1	671398	676862	5464	REINA	0.9935	-	0.9305
1	674758	681467	6709	TORK	0.9906	-	0.6793
1	683919	688923	5004	ALE	0.9989	-	0.6202
1	683919	688923	5004	ALE	0.9989	-	0.6202
1	687242	695984	8742	ATHILA	0.9975	-	0.7497
1	706544	716046	9502	TORK	0.9981	-	0.5719
1	726048	730895	4847	ALE	0.9976	-	0.9855
1	726048	730895	4847	ALE	0.9976	-	0.9855
1	736942	741695	4753	BIANCA	0.9969	-	0.6933
1	747800	753089	5289	BIANCA	0.9947	-	0.7239
1	761156	770913	9757	DEL	0.9958	-	0.8990
1	761156	770913	9757	DEL	0.9958	-	0.8991
1	769928	774200	4272	BIANCA	0.9984	-	0.9999
1	775184	785095	9911	ATHILA	0.9920	-	0.9713
1	784147	789753	5606	ALE	0.9982	-	0.4418
1	804348	809059	4711	REINA	0.9903	-	0.9475
1	804348	809059	4711	REINA	0.9903	-	0.9475
1	811668	815864	4196	ALE	0.9993	-	0.9421
1	814726	820945	6219	BIANCA	0.9903	-	0.5763
1	820695	826276	5581	ALE	0.9967	-	0.9027
1	831680	838165	6485	BIANCA	0.9991	-	0.7528
1	847539	853942	6403	BIANCA	0.9970	-	0.7745
1	861026	864848	3822	ORYCO	0.9970	-	0.8764
1	864004	868193	4189	ALE	0.9986	-	0.9832
1	882340	889398	7058	ALE	0.9999	-	0.7758
1	882340	889398	7058	ALE	0.9999	-	0.7758
1	893836	898377	4541	ORYCO	0.9966	-	0.9415
1	899322	905276	5954	REINA	0.9985	-	0.6917
1	903366	908848	5482	REINA	0.9961	-	0.9085
1	906772	912633	5861	BIANCA	0.9966	-	0.6374
1	925066	935140	10074	SIRE	0.9917	-	0.5074
1	938082	944113	6031	ALE	0.9990	-	0.4716
1	942798	947688	4890	ALE	0.9993	-	0.9690
1	955941	964049	8108	BIANCA	0.9915	-	0.5618
1	963172	968559	5387	REINA	0.9938	-	0.7052
1	963172	968559	5387	REINA	0.9938	-	0.7052
1	967883	973676	5793	ALE	0.9950	-	0.9461
1	992230	998617	6387	CRM	0.9997	-	0.5250
1	998473	1003328	4855	ALE	0.9948	-	0.4330
1	1001548	1006591	5043	REINA	0.9994	-	0.9642
1	1001548	1006591	5043	REINA	0.9994	-	0.9642
1	1008873	1012827	3954	ALE	0.9981	-	0.6150
1	1013668	1019829	6161	BIANCA	0.9984	-	0.9476
1	1022204	1026885	4681	ALE	0.9959	-	0.9695
1	1034710	1040037	5327	BIANCA	0.9924	-	0.6388
1	1040692	1046339	5647	BIANCA	0.9968	-	0.9694
1	1040692	1046339	5647	BIANCA	0.9968	-	0.9852
1	1069470	1074373	4903	ALE	0.9901	-	0.8629
1	1083695	1088987	5292	BIANCA	0.9931	-	0.8176
1	1083695	1088987	5292	BIANCA	0.9931	-	0.8176
1	1092071	1097924	5853	REINA	0.9975	-	0.7276
1	1102890	1113384	10494	SIRE	0.9905	-	0.7562
1	1112185	1117382	5197	REINA	0.9984	-	0.5970
1	1124533	1129763	5230	REINA	0.9982	-	0.9799
1	1124533	1129763	5230	REINA	0.9982	-	0.9799
1	1127475	1133129	5654	BIANCA	0.9931	-	0.5698
1	1131401	1137336	5935	ALE	0.9970	-	0.9902
1	1146604	1156906	10302	DEL	0.9996	-	0.4535
1	1172735	1178500	5765	BIANCA	0.9945	-	0.4261
1	1176484	1181193	4709	ALE	0.9951	-	0.9390
1	1196519	1202187	5668	BIANCA	0.9976	-	0.9906
1	1204814	1210385	5571	ALE	0.9926	-	0.9135
1	1204814	1210385	5571	ALE	0.9926	-	0.9135
1	1218107	1223250	5143	ALE	0.9996	-	0.5635
1	1221138	1226683	5545	ALE	0.9976	-	0.3921
1	1224379	1234367	9988	ATHILA	0.9916	-	0.9679
1	1234331	1239245	4914	ALE	0.9929	-	0.5316
1	1241352	1246658	5306	TORK	0.9912	-	0.4544
1	1241352	1246658	5306	TORK	0.9912	-	0.4544
1	1247466	1257077	9611	SIRE	0.9941	-	0.7279
1	1256063	1262510	6447	BIANCA	0.9983	-	0.3794
1	1265435	1272755	7320	BIANCA	0.9999	-	0.7623
1	1282865	1292581	9716	DEL	0.9960	-	0.9370
1	1282865	1292581	9716	DEL	0.9960	-	0.9370
1	1290341	1295126	4785	BIANCA	0.9968	-	0.4571
1	1305431	1309967	4536	ALE	0.9992	-	0.9837
1	1313901	1323781	9880	DEL	0.9920	-	0.3415
1	1321414	1326056	4642	REINA	0.9954	-	0.6196
1	1323547	1332596	9049	ATHILA	0.9947	-	0.5191
1	1321414	1326056	4642	REINA	0.9954	-	0.6196
1	1323547	1332596	9049	ATHILA	0.9947	-	0.5191
1	1340924	1350280	9356	DEL	0.9994	-	0.3269
1	1349230	1354597	5367	REINA	0.9998	-	0.9001
1	1363177	1372418	9241	ATHILA	0.9921	-	0.4725
1	1363177	1372418	9241	ATHILA	0.9921	-	0.4725
1	1370778	1380526	9748	SIRE	0.9989	-	0.9487
1	1385358	1389801	4443	ALE	0.9985	-	0.5757
1	1397290	1403023	5733	ALE	0.9966	-	0.9523
1	1409582	1414759	5177	REINA	0.9979	-	0.9905
1	1426782	1433661	6879	BIANCA	0.9944	-	0.5705
1	1440092	1445941	5849	TORK	0.9935	-	0.8356
1	1443355	1452852	9497	BIANCA	0.9912	-	0.6527
1	1440092	1445941	5849	TORK	0.9935	-	0.9961
1	1443355	1452852	9497	BIANCA	0.9912	-	0.6527
1	1453114	1459063	5949	ALE	0.9941	-	0.4585
1	1458896	1466630	7734	REINA	0.9989	-	0.4313
1	1464210	1468909	4699	REINA	0.9978	-	0.9309
1	1478847	1490316	11469	DEL	0.9996	-	0.8047
1	1478847	1490316	11469	DEL	0.9996	-	0.7938
1	1497564	1502544	4980	REINA	0.9997	-	0.9998
1	1502162	1507433	5271	REINA	0.9969	-	0.5300
1	1515275	1521404	6129	ALE	0.9943	-	0.9315
1	1526794	1531653	4859	REINA	0.9990	-	0.7508
1	1529761	1534900	5139	TORK	0.9948	-	0.8394
1	1550806	1556200	5394	ALE	0.9982	-	0.9996
1	1558628	1563911	5283	REINA	0.9985	-	0.8166
1	1567865	1573355	5490	ALE	0.9939	-	0.5291
1	1575922	1581572	5650	ORYCO	0.9988	-	0.9150
1	1579074	1584534	5460	REINA	0.9943	-	0.8174
1	1583254	1593283	10029	ANGELA	0.9913	-	0.3872
1	1609398	1614447	5049	ORYCO	0.9997	-	0.4004
1	1613492	1618410	4918	ORYCO	0.9951	-	0.9470
1	1623901	1636838	12937	BIANCA	0.9946	-	0.6122
1	1635224	1644638	9414	ATHILA	0.9953	-	0.8986
1	1666301	1671779	5478	ALE	0.9942	-	0.9317
1	1670112	1679104	8992	ATHILA	0.9957	-	0.9927
1	1679070	1684549	5479	ALE	0.9997	-	0.7297
1	1679070	1684549	5479	ALE	0.9997	-	0.5944
1	1694563	1699600	5037	BIANCA	0.9972	-	0.5407
1	1710808	1716619	5811	BIANCA	0.9954	-	0.4525
1	1729641	1735581	5940	ALE	0.9975	-	0.8911
1	1733496	1739587	6091	ALE	0.9962	-	0.9692
1	1741525	1746989	5464	ALE	0.9936	-	0.9602
1	1745375	1750274	4899	ALE	0.9950	-	0.6319
1	1750797	1756209	5412	ALE	0.9942	-	0.4528
1	1754933	1764625	9692	ANGELA	0.9992	-	0.6598
1	1774639	1783513	8874	ANGELA	0.9957	-	0.8628
1	1783367	1787797	4430	ALE	0.9986	-	0.8080
1	1797245	1808071	10826	SIRE	0.9953	-	0.5915
1	1805461	1810741	5280	ALE	0.9906	-	0.6193
1	1797245	1808071	10826	SIRE	0.9953	-	0.9288
1	1805461	1810741	5280	ALE	0.9906	-	0.6193
1	1819971	1825527	5556	BIANCA	0.9987	-	0.3483
1	1828953	1839355	10402	SIRE	0.9969	-	0.5598
1	1837116	1843074	5958	BIANCA	0.9918	-	0.7506
1	1863361	1868535	5174	BIANCA	0.9920	-	0.8232
1	1865568	1875537	9969	DEL	0.9935	-	0.7989
1	1888446	1894437	5991	ALE	0.9966	-	0.7992
1	1894324	1900051	5727	BIANCA	0.9903	-	0.4915
1	1898745	1908954	10209	SIRE	0.9980	-	0.7340
1	1908375	1913556	5181	ALE	0.9999	-	0.7821
1	1921544	1933428	11884	SIRE	0.9976	-	0.5351
1	1921544	1933428	11884	SIRE	0.9976	-	0.5351
1	1939699	1947260	7561	BIANCA	0.9921	-	0.9743
1	1945172	1955543	10371	DEL	0.9934	-	0.5312
1	1956384	1961017	4633	ALE	0.9999	-	0.9385
1	1971729	1977379	5650	ALE	0.9945	-	0.9850
1	1978898	1983471	4573	ALE	0.9996	-	0.4656
1	1995448	2000923	5475	ALE	0.9903	-	0.4672
1	1999999	2006742	6743	BIANCA	0.9948	-	0.6362
1	1999999	2006742	6743	BIANCA	0.9948	-	0.9902
1	2016491	2022260	5769	ALE	0.9921	-	0.9843
1	2028432	2033660	5228	ALE	0.9987	-	0.3613
1	2039354	2045052	5698	ALE	0.9929	-	0.5507
1	2039354	2045052	5698	ALE	0.9929	-	0.3451
1	2049907	2054407	4500	ALE	0.9975	-	0.5401
1	2053095	2058251	5156	ORYCO	0.9991	-	0.6724
1	2061848	2068334	6486	REINA	0.9996	-	0.3859
1	2071679	2076676	4997	ORYCO	0.9972	-	0.9442
1	2076559	2082281	5722	ALE	0.9960	-	0.8084
1	2087534	2096803	9269	SIRE	0.9970	-	0.6307
1	2095415	2104078	8663	ATHILA	0.9905	-	0.2721
1	2101087	2106427	5340	BIANCA	0.9998	-	0.2812
1	2112773	2120207	7434	BIANCA	0.9994	-	0.3277
1	2118985	2123611	4626	REINA	0.9985	-	0.7733
1	2145998	2150543	4545	REINA	0.9936	-	0.2885
1	2153720	2165631	11911	ATHILA	0.9953	-	0.5322
1	2166843	2172614	5771	BIANCA	0.9945	-	0.5240
1	2183004	2188517	5513	BIANCA	0.9906	-	0.6301
1	2238416	2243794	5378	ALE	0.9986	-	0.7066
1	2242146	2246934	4788	REINA	0.9971	-	0.8148
1	2242146	2246934	4788	REINA	0.9971	-	0.8148
1	2251125	2256257	5132	BIANCA	0.9983	-	0.8025
1	2273317	2278284	4967	REINA	0.9909	-	0.3365
1	2277825	2285564	7739	ALE	0.9983	-	0.6104
1	2288870	2298569	9699	SIRE	0.9980	-	0.6424
1	2299947	2305139	5192	BIANCA	0.9984	-	0.7351
1	2319208	2323328	4120	ALE	0.9944	-	0.9376
1	2325803	2332459	6656	DEL	0.9985	-	0.9615
1	2319208	2323328	4120	ALE	0.9944	-	0.4942
1	2325803	2332459	6656	DEL	0.9985	-	0.9615
1	2338192	2344618	6426	BIANCA	0.9989	-	0.8273
1	2350404	2357086	6682	ALE	0.9990	-	0.9834
1	2356738	2362263	5525	REINA	0.9985	-	0.6659
1	2373280	2377846	4566	ALE	0.9942	-	0.9815
1	2376060	2381362	5302	TORK	0.9925	-	0.7390
1	2379307	2384683	5376	BIANCA	0.9988	-	0.7879
1	2390462	2395455	4993	BIANCA	0.9968	-	0.4510
1	2396733	2407112	10379	ATHILA	0.9987	-	0.5189
1	2403721	2409350	5629	BIANCA	0.9972	-	0.6377
1	2396733	2407112	10379	ATHILA	0.9987	-	0.6665
1	2403721	2409350	5629	BIANCA	0.9972	-	0.6377
1	2407650	2412926	5276	BIANCA	0.9955	-	0.2458
1	2424083	2428654	4571	ORYCO	0.9967	-	0.9978
1	2428891	2440328	11437	SIRE	0.9992	-	0.3659
1	2442800	2449926	7126	ALE	0.9954	-	0.9859
1	2442800	2449926	7126	ALE	0.9954	-	0.9859
1	2449206	2455239	6033	BIANCA	0.9958	-	0.3288
1	2466682	2472274	5592	ALE	0.9949	-	0.9104
1	2471958	2476684	4726	ALE	0.9987	-	0.9048
1	2475590	2480783	5193	ALE	0.9971	-	0.3643
1	2486242	2491812	5570	ALE	0.9972	-	0.5855
1	2492076	2497907	5831	ALE	0.9992	-	0.8660
1	2502548	2506852	4304	BIANCA	0.9994	-	0.5235
1	2517271	2523544	6273	BIANCA	0.9923	-	0.9995
1	2543489	2552182	8693	ANGELA	0.9944	-	0.4341
1	2561830	2567128	5298	ALE	0.9936	-	0.9818
1	2561830	2567128	5298	ALE	0.9936	-	0.9818
1	2563739	2575720	11981	ATHILA	0.9999	-	0.5809
1	2572176	2577325	5149	REINA	0.9950	-	0.8848
1	2583183	2589566	6383	BIANCA	0.9961	-	0.8383
1	2594979	2601128	6149	TORK	0.9986	-	0.5812
1	2598520	2604467	5947	BIANCA	0.9926	-	0.7808
1	2606768	2612344	5576	ALE	0.9930	-	0.5505
1	2612267	2617197	4930	ALE	0.9991	-	0.3324
1	2618953	2628345	9392	ANGELA	0.9966	-	0.5388
1	2626278	2631552	5274	ORYCO	0.9943	-	0.4025
1	2630199	2639563	9364	SIRE	0.9964	-	0.9003
1	2642433	2648087	5654	GALADRIEL	0.9960	-	0.4976
1	2642433	2648087	5654	GALADRIEL	0.9960	-	0.4976
1	2668835	2673599	4764	ORYCO	0.9907	-	0.8659
1	2673036	2678311	5275	ALE	0.9952	-	0.9417
1	2690146	2696148	6002	BIANCA	0.9994	-	0.7263
1	2704490	2710420	5930	BIANCA	0.9997	-	0.8780
1	2710446	2715981	5535	TORK	0.9988	-	0.7417
1	2713424	2721703	8279	ANGELA	0.9907	-	0.4635
1	2734153	2740031	5878	ALE	0.9924	-	0.8880
1	2744171	2750438	6267	ALE	0.9936	-	0.9455
1	2751840	2757170	5330	REINA	0.9930	-	0.3276
1	2753723	2765042	11319	SIRE	0.9989	-	0.3689
1	2781166	2786153	4987	REINA	0.9984	-	0.9779
1	2812582	2816640	4058	REINA	0.9999	-	0.4611
1	2817931	2823814	5883	ALE	0.9985	-	0.8785
1	2831720	2842491	10771	TORK	0.9979	-	0.4640
1	2841094	2845645	4551	REINA	0.9938	-	0.3185
1	2842923	2852309	9386	SIRE	0.9961	-	0.3607
1	2841094	2845645	4551	REINA	0.9938	-	0.3157
1	2842923	2852309	9386	SIRE	0.9961	-	0.3607
1	2848709	2857340	8631	DEL	0.9932	-	0.7363
1	2855264	2861031	5767	REINA	0.9993	-	0.3512
1	2860562	2869443	8881	BIANCA	0.9986	-	0.3452
1	2866205	2872071	5866	ALE	0.9915	-	0.6240
1	2876809	2882012	5203	ALE	1.0000	-	0.9964
1	2883683	2894519	10836	SIRE	0.9991	-	0.9608
1	2883683	2894519	10836	SIRE	0.9991	-	0.9608
1	2889744	2899638	9894	SIRE	0.9933	-	0.9430
1	2914459	2919704	5245	BIANCA	0.9914	-	0.4480
1	2918272	2926418	8146	TORK	0.9930	-	0.7021
1	2918272	2926418	8146	TORK	0.9930	-	0.5301
1	2949009	2954034	5025	ALE	0.9961	-	0.6587
1	2955342	2962055	6713	ALE	0.9997	-	0.4875
1	2968461	2973619	5158	TORK	0.9978	-	0.7513
1	2975717	2981749	6032	TORK	0.9957	-	0.6161
1	2983398	2989000	5602	ALE	0.9965	-	0.9954
1	2990079	2995585	5506	ALE	0.9975	-	0.9872
1	2995105	3000098	4993	REINA	0.9999	-	0.9235
1	3003578	3008231	4653	ALE	0.9993	-	0.9122
1	3003578	3008231	4653	ALE	0.9993	-	0.9122
1	3023355	3029030	5675	ALE	0.9979	-	0.7231
1	3033616	3039274	5658	ALE	0.9928	-	0.7800
1	3037892	3047394	9502	SIRE	0.9979	-	0.8956
1	3037892	3047394	9502	SIRE	0.9979	-	0.9763
1	3046328	3055454	9126	SIRE	0.9909	-	0.8225
1	3052787	3058628	5841	BIANCA	0.9930	-	0.9029
1	3085507	3093600	8093	DEL	0.9907	-	0.9801
1	3092710	3100252	7542	TORK	0.9931	-	0.6243
1	3100698	3110727	10029	SIRE	0.9933	-	0.4276
1	3106843	3116509	9666	TORK	0.9977	-	0.9866
1	3117398	3123326	5928	REINA	0.9976	-	0.5433
1	3139019	3144554	5535	BIANCA	0.9973	-	0.7827
1	3143480	3148979	5499	ALE	0.9980	-	0.9994
1	3148668	3153296	4628	ALE	0.9956	-	0.6582
1	3149688	3161621	11933	SIRE	0.9979	-	0.5847
1	3170175	3175268	5093	ALE	0.9904	-	0.7289
1	3185451	3190645	5194	ALE	0.9983	-	0.4078
1	3188548	3194432	5884	ALE	0.9954	-	0.8576
1	3198760	3204176	5416	BIANCA	0.9987	-	0.5581
1	3202562	3212503	9941	ANGELA	0.9949	-	0.7206
1	3198760	3204176	5416	BIANCA	0.9987	-	0.5572
1	3202562	3212503	9941	ANGELA	0.9949	-	0.7206
1	3209791	3217023	7232	ALE	0.9966	-	0.7810
1	3220982	3227189	6207	BIANCA	0.9952	-	0.3685
1	3241298	3246147	4849	ALE	0.9998	-	0.7230
1	3241298	3246147	4849	ALE	0.9998	-	0.7214
1	3246572	3250673	4101	ALE	0.9964	-	0.9871
1	3252750	3262699	9949	ATHILA	0.9983	-	0.6220
1	3258451	3268401	9950	ATHILA	0.9976	-	0.7266
1	3272188	3277312	5124	ALE	0.9922	-	0.9228
1	3281538	3287810	6272	TORK	0.9964	-	0.7984
1	3281538	3287810	6272	TORK	0.9964	-	0.7984
1	3300766	3310640	9874	SIRE	0.9983	-	0.5644
1	3308064	3312979	4915	ALE	0.9988	-	0.8924
1	3312934	3323627	10693	ANGELA	0.9977	-	0.9888
1	3335091	3340061	4970	ALE	0.9935	-	0.8455
1	3345734	3350875	5141	ALE	0.9913	-	0.2962
1	3360415	3365690	5275	ALE	0.9996	-	0.4326
1	3360415	3365690	5275	ALE	0.9996	-	0.6976
1	3371770	3382012	10242	SIRE	0.9973	-	0.4372
1	3381807	3387258	5451	ALE	0.9923	-	0.4642
1	3398132	3402733	4601	ALE	0.9953	-	0.9988
1	3401018	3407890	6872	REINA	0.9935	-	0.8158
1	3401018	3407890	6872	REINA	0.9935	-	0.7570
1	3412321	3416805	4484	ALE	0.9992	-	0.8654
1	3418123	3425156	7033	BIANCA	0.9913	-	0.6359
1	3422480	3427926	5446	BIANCA	0.9955	-	0.6230
1	3430188	3435205	5017	REINA	0.9994	-	0.6134
1	3448380	3453381	5001	BIANCA	0.9974	-	0.8193
1	3458321	3462489	4168	ALE	0.9934	-	0.5879
1	3462790	3468304	5514	BIANCA	0.9988	-	0.9917
1	3479166	3490691	11525	TAT	0.9942	-	0.9302
1	3479166	3490691	11525	TAT	0.9942	-	0.9275
1	3492223	3497498	5275	ALE	1.0000	-	0.9820
1	3500039	3504470	4431	BIANCA	0.9946	-	0.3158
1	3504317	3509512	5195	ALE	0.9967	-	0.6761
1	3515830	3520668	4838	ALE	0.9988	-	0.9878
1	3523291	3528492	5201	ORYCO	0.9990	-	0.5081
1	3523291	3528492	5201	ORYCO	0.9990	-	0.5081
1	3527561	3537319	9758	SIRE	0.9907	-	0.7105
1	3541319	3546125	4806	ALE	0.9991	-	0.8288
1	3543219	3552308	9089	ATHILA	0.9983	-	0.4340
1	3550712	3559166	8454	DEL	0.9956	-	0.9453
1	3575013	3581560	6547	ALE	0.9981	-	0.5087
1	3598818	3610616	11798	DEL	0.9996	-	0.5373
1	3598818	3610616	11798	DEL	0.9996	-	0.6164
1	3620187	3626307	6120	BIANCA	0.9987	-	0.9999
1	3624615	3629644	5029	ALE	0.9997	-	0.7406
1	3627534	3633421	5887	ALE	0.9955	-	0.8218
1	3631877	3638919	7042	BIANCA	0.9966	-	0.6246
1	3637085	3642423	5338	ALE	0.9999	-	0.4278
1	3649951	3656278	6327	REINA	0.9930	-	0.9191
1	3656119	3662480	6361	ALE	0.9908	-	0.9585
1	3658814	3672437	13623	ATHILA	0.9929	-	0.9980
1	3671035	3680889	9854	ATHILA	1.0000	-	0.6701
1	3684253	3689177	4924	BIANCA	0.9947	-	0.2887
1	3684253	3689177	4924	BIANCA	0.9947	-	0.2887
1	3688194	3695355	7161	ALE	0.9960	-	0.3414
1	3696865	3702532	5667	TORK	0.9937	-	0.5082
1	3714766	3720207	5441	REINA	0.9990	-	0.8579
1	3731634	3737021	5387	REINA	0.9993	-	0.3376
1	3756123	3761512	5389	BIANCA	0.9917	-	0.9290
1	3762841	3768132	5291	ALE	0.9953	-	0.9876
1	3762841	3768132	5291	ALE	0.9953	-	0.9876
1	3768096	3773707	5611	BIANCA	0.9974	-	0.4738
1	3773776	3779762	5986	BIANCA	0.9935	-	0.6627
1	3779265	3785793	6528	ALE	0.9981	-	0.7771
1	3794618	3800790	6172	ALE	0.9932	-	0.4030
1	3801943	3807235	5292	ALE	0.9963	-	0.4983
1	3803914	3814127	10213	SIRE	0.9938	-	0.7346
1	3801943	3807235	5292	ALE	0.9963	-	0.4983
1	3803914	3814127	10213	SIRE	0.9938	-	0.7346
1	3819272	3824468	5196	BIANCA	0.9971	-	0.3419
1	3822371	3827560	5189	REINA	0.9916	-	0.3765
1	3852779	3857165	4386	BIANCA	0.9925	-	0.6604
1	3872873	3878142	5269	REINA	0.9999	-	0.4145
1	3884819	3888836	4017	ORYCO	0.9977	-	0.4403
1	3884819	3888836	4017	ORYCO	0.9977	-	0.4403
1	3897363	3902230	4867	TORK	0.9954	-	0.8958
1	3903191	3909875	6684	ANGELA	0.9992	-	0.6649
1	3921855	3927145	5290	ALE	0.9999	-	0.9764
1	3921855	3927145	5290	ALE	0.9999	-	0.9764
1	3936660	3942326	5666	ALE	0.9939	-	0.9896
1	3945374	3955278	9904	ANGELA	0.9995	-	0.3332
1	3969354	3974220	4866	ALE	0.9935	-	0.6017
1	3978768	3984728	5960	TORK	0.9945	-	0.3644
1	3991592	3996661	5069	ORYCO	0.9906	-	0.8306
1	3995966	4001120	5154	BIANCA	0.9997	-	0.4955
1	4014885	4021015	6130	BIANCA	0.9934	-	0.7592
1	4019522	4025633	6111	REINA	0.9952	-	0.3925
1	4031030	4037114	6084	REINA	0.9997	-	0.8770
1	4037374	4043120	5746	BIANCA	0.9977	-	0.4265
1	4040596	4053911	13315	SIRE	0.9909	-	0.8273
1	4040596	4053911	13315	SIRE	0.9909	-	0.7793
1	4057274	4063091	5817	REINA	0.9997	-	0.7934
1	4060691	4071890	11199	TAT	0.9949	-	0.4705
1	4081259	4086588	5329	ALE	0.9922	-	0.5753
1	4081259	4086588	5329	ALE	0.9922	-	0.5752
1	4089067	4094943	5876	ALE	0.9918	-	0.5953
1	4105076	4109451	4375	ALE	0.9971	-	0.8487
1	4110178	4115818	5640	ORYCO	0.9989	-	0.7358
1	4113587	4118539	4952	REINA	0.9978	-	0.4974
1	4121044	4126830	5786	ALE	0.9901	-	0.8007
1	4121044	4126830	5786	ALE	0.9901	-	0.8289
1	4126322	4131875	5553	BIANCA	0.9975	-	0.6598
1	4141094	4146165	5071	ALE	0.9994	-	0.6354
1	4146342	4152283	5941	REINA	0.9992	-	0.3824
1	4150036	4154957	4921	REINA	0.9970	-	0.3383
1	4163099	4168617	5518	ALE	0.9999	-	0.9892
1	4163099	4168617	5518	ALE	0.9999	-	0.9892
1	4175400	4181803	6403	TORK	0.9903	-	0.6893
1	4181853	4188228	6375	CRM	0.9900	-	0.7688
1	4196113	4201263	5150	BIANCA	0.9996	-	0.9968
1	4200379	4205525	5146	REINA	0.9979	-	0.7338
1	4200379	4205525	5146	REINA	0.9979	-	0.5385
1	4210326	4215613	5287	ALE	0.9978	-	0.9911
1	4214364	4219025	4661	ALE	0.9977	-	0.4415
1	4218113	4227972	9859	BIANCA	0.9969	-	0.5236
1	4225012	4230504	5492	TORK	0.9972	-	0.3811
1	4229102	4234085	4983	ALE	0.9957	-	0.8540
1	4237254	4242617	5363	BIANCA	0.9981	-	0.4896
1	4242142	4247812	5670	BIANCA	0.9995	-	0.7402
1	4242142	4247812	5670	BIANCA	0.9995	-	0.7402
1	4247930	4253334	5404	BIANCA	0.9979	-	0.9993
1	4263125	4268855	5730	ALE	0.9984	-	0.9738
1	4271659	4277255	5596	ALE	0.9998	-	0.5580
1	4282422	4288304	5882	ALE	0.9912	-	0.4819
1	4282422	4288304	5882	ALE	0.9912	-	0.4819
1	4303978	4309840	5862	ALE	0.9971	-	0.7632
1	4313470	4319598	6128	ALE	0.9990	-	0.5954
1	4317530	4321579	4049	ALE	0.9981	-	0.9907
1	4322415	4327992	5577	BIANCA	0.9921	-	0.4502
1	4322415	4327992	5577	BIANCA	0.9921	-	0.4502
1	4328866	4333925	5059	REINA	0.9940	-	0.9091
1	4346556	4354065	7509	DEL	0.9919	-	0.7546
1	4370675	4375825	5150	BIANCA	0.9973	-	0.9426
1	4392489	4398872	6383	BIANCA	0.9935	-	0.6299
1	4402879	4407653	4774	ALE	0.9949	-	0.4610
1	4405536	4410888	5352	ALE	0.9911	-	0.9066
1	4402879	4407653	4774	ALE	0.9949	-	0.4610
1	4405536	4410888	5352	ALE	0.9911	-	0.9066
1	4409662	4415403	5741	ALE	0.9930	-	0.9386
1	4424930	4429731	4801	ALE	0.9998	-	0.4348
1	4434479	4440467	5988	BIANCA	0.9996	-	0.6884
1	4446155	4451399	5244	BIANCA	0.9941	-	0.6764
1	4446155	4451399	5244	BIANCA	0.9941	-	0.6764
1	4451390	4456846	5456	BIANCA	0.9975	-	0.8726
1	4459438	4469285	9847	ATHILA	0.9978	-	0.4579
1	4483894	4489522	5628	REINA	0.9996	-	0.4129
1	4483894	4489522	5628	REINA	0.9996	-	0.4129
1	4486283	4496941	10658	SIRE	0.9902	-	0.5034
1	4497336	4502434	5098	ALE	0.9985	-	0.9630
1	4507870	4515847	7977	BIANCA	0.9921	-	0.8461
1	4514883	4519787	4904	ALE	0.9973	-	0.7830
1	4517702	4523367	5665	ALE	0.9985	-	0.6838
1	4539467	4543912	4445	ALE	0.9999	-	0.9312
1	4543162	4548256	5094	BIANCA	0.9998	-	0.5269
1	4548682	4552917	4235	TORK	0.9954	-	0.7763
1	4552298	4558253	5955	BIANCA	0.9962	-	0.7922
1	4555681	4561204	5523	REINA	0.9995	-	0.4380
1	4561010	4566093	5083	BIANCA	0.9932	-	0.9763
1	4561010	4566093	5083	BIANCA	0.9932	-	0.9798
1	4568969	4578617	9648	SIRE	0.9950	-	0.5845
1	4578647	4583334	4687	BIANCA	0.9920	-	0.5687
1	4591784	4597298	5514	ALE	0.9993	-	0.8350
1	4595304	4602115	6811	REINA	0.9972	-	0.9707
1	4602459	4613778	11319	SIRE	0.9993	-	0.8298
1	4602459	4613778	11319	SIRE	0.9993	-	0.8298
1	4613687	4618622	4935	ALE	0.9979	-	0.8359
1	4619264	4628652	9388	DEL	0.9947	-	0.8766
1	4626758	4631761	5003	ALE	0.9941	-	0.7494
1	4632526	4638449	5923	ALE	0.9928	-	0.8098
1	4639779	4644746	4967	ALE	0.9969	-	0.7404
1	4643514	4648853	5339	ORYCO	0.9999	-	0.3406
1	4639779	4644746	4967	ALE	0.9969	-	0.8070
1	4643514	4648853	5339	ORYCO	0.9999	-	0.3406
1	4648318	4653399	5081	REINA	0.9980	-	0.6203
1	4660462	4666575	6113	REINA	0.9991	-	0.5934
1	4666754	4672715	5961	ALE	0.9992	-	0.7305
1	4695606	4700440	4834	ALE	0.9982	-	0.9556
1	4697577	4707074	9497	ANGELA	0.9986	-	0.5768
1	4712544	4717940	5396	ALE	0.9936	-	0.9940
1	4724687	4729831	5144	REINA	0.9973	-	0.7392
1	4724687	4729831	5144	REINA	0.9973	-	0.7392
1	4727722	4733173	5451	ALE	0.9924	-	0.8633
1	4755833	4760918	5085	ALE	0.9992	-	0.9843
1	4762888	4772187	9299	SIRE	0.9985	-	0.9820
1	4762888	4772187	9299	SIRE	0.9985	-	0.9820
1	4772885	4778493	5608	BIANCA	0.9953	-	0.7649
1	4779132	4784829	5697	TORK	0.9999	-	0.3228
1	4786789	4792172	5383	ALE	0.9970	-	0.9551
1	4797097	4803271	6174	ALE	0.9967	-	0.9751
1	4801043	4807655	6612	ALE	0.9928	-	0.9928
1	4801043	4807655	6612	ALE	0.9928	-	0.9943
1	4808922	4817734	8812	BIANCA	0.9910	-	0.9907
1	4815568	4821509	5941	ORYCO	0.9997	-	0.3481
1	4839304	4848004	8700	SIRE	0.9915	-	0.4235
1	4839304	4848004	8700	SIRE	0.9915	-	0.9868
1	4847682	4860069	12387	TAT	0.9996	-	0.9738
1	4861692	4866105	4413	REINA	0.9998	-	0.6986
1	4864209	4872739	8530	ATHILA	0.9980	-	0.8336
1	4871522	4876349	4827	BIANCA	0.9968	-	0.5893
1	4898316	4904257	5941	REINA	0.9998	-	0.9096
1	4905096	4911296	6200	ORYCO	0.9969	-	0.7497
1	4914638	4919736	5098	REINA	0.9902	-	0.8681
1	4924077	4929581	5504	REINA	0.9907	-	0.6313
1	4924077	4929581	5504	REINA	0.9907	-	0.6313
1	4929137	4939848	10711	ANGELA	0.9997	-	0.5287
1	4941186	4947442	6256	ALE	0.9908	-	0.8002
1	4951552	4956458	4906	BIANCA	0.9960	-	0.5839
1	4956862	4967513	10651	DEL	0.9933	-	0.9868
1	4956862	4967513	10651	DEL	0.9933	-	0.7602
1	4967843	4974748	6905	REINA	0.9953	-	0.3540
1	4981105	4986586	5481	REINA	0.9967	-	0.7253
1	4995725	5001747	6022	ALE	0.9985	-	0.3600
1	5003644	5008583	4939	ALE	0.9923	-	0.4927
1	5003644	5008583	4939	ALE	0.9923	-	0.4927
1	5006382	5012244	5862	TORK	0.9953	-	0.7527
1	5018947	5023925	4978	ORYCO	0.9986	-	0.9521
1	5022347	5027856	5509	REINA	0.9975	-	0.8747
1	5029276	5034865	5589	BIANCA	0.9955	-	0.5677
1	5034656	5040800	6144	ALE	0.9994	-	0.7067
1	5039446	5044510	5064	ALE	0.9981	-	0.9796
1	5039446	5044510	5064	ALE	0.9981	-	0.9525
1	5044927	5053215	8288	DEL	0.9927	-	0.6247
1	5066418	5075988	9570	DEL	0.9994	-	0.7627
1	5083486	5088528	5042	ORYCO	0.9999	-	0.6987
1	5083486	5088528	5042	ORYCO	0.9999	-	0.6987
1	5089205	5095666	6461	BIANCA	0.9957	-	0.7268
1	5109810	5115529	5719	ALE	0.9987	-	0.5772
1	5123577	5128202	4625	ALE	0.9993	-	0.7887
1	5126091	5131008	4917	REINA	0.9938	-	0.8102
1	5123577	5128202	4625	ALE	0.9993	-	0.7887
1	5126091	5131008	4917	REINA	0.9938	-	0.8102
1	5134074	5140499	6425	ALE	0.9992	-	0.9210
1	5141468	5147751	6283	ALE	0.9995	-	0.7937
1	5152051	5156934	4883	ALE	0.9965	-	0.7346
1	5154799	5160220	5421	BIANCA	0.9998	-	0.7783
1	5159807	5165139	5332	BIANCA	0.9956	-	0.9044
1	5159807	5165139	5332	BIANCA	0.9956	-	0.8592
1	5174405	5180124	5719	ALE	0.9967	-	0.8455
1	5188759	5194709	5950	TORK	0.9908	-	0.9185
1	5196498	5201318	4820	ALE	0.9993	-	0.7899
1	5213497	5224856	11359	ATHILA	0.9974	-	0.8028
1	5231878	5237082	5204	REINA	0.9975	-	0.9836
1	5238054	5242623	4569	ALE	0.9924	-	0.8767
1	5247871	5253600	5729	TORK	0.9948	-	0.2791
1	5251940	5260951	9011	ATHILA	0.9992	-	0.5146
1	5266163	5271912	5749	REINA	0.9964	-	0.9285
1	5276103	5281095	4992	ALE	0.9907	-	0.9984
1	5283812	5293855	10043	ANGELA	0.9992	-	0.6700
1	5296244	5303056	6812	ALE	0.9978	-	0.7358
1	5302406	5308621	6215	REINA	0.9983	-	0.8282
1	5311618	5316864	5246	BIANCA	0.9994	-	0.9282
1	5316587	5326480	9893	DEL	0.9927	-	0.9550
1	5316587	5326480	9893	DEL	0.9927	-	0.6430
1	5329149	5335048	5899	ALE	0.9998	-	0.6069
1	5346251	5352192	5941	ALE	0.9995	-	0.4263
1	5354103	5360005	5902	ALE	0.9939	-	0.7850
1	5374279	5379108	4829	BIANCA	0.9956	-	0.8189
1	5377830	5388256	10426	SIRE	0.9983	-	0.6166
1	5391778	5397444	5666	BIANCA	0.9980	-	0.8213
1	5408397	5414590	6193	REINA	0.9960	-	0.4114
1	5420274	5424380	4106	ORYCO	0.9973	-	0.9767
1	5422488	5427953	5465	ALE	0.9972	-	0.5722
1	5441476	5446189	4713	ALE	0.9954	-	0.6148
1	5441476	5446189	4713	ALE	0.9954	-	0.6148
1	5447959	5453277	5318	REINA	0.9992	-	0.8600
1	5458850	5467557	8707	SIRE	0.9989	-	0.9404
1	5469104	5473957	4853	ALE	0.9982	-	0.9548
1	5500530	5511164	10634	DEL	0.9940	-	0.5031
1	5507827	5512620	4793	ALE	0.9945	-	0.6296
1	5515417	5520804	5387	BIANCA	0.9987	-	0.4734
1	5541954	5549155	7201	BIANCA	0.9927	-	0.6587
1	5572599	5582388	9789	DEL	0.9957	-	0.2387
1	5580549	5590201	9652	SIRE	0.9912	-	0.8935
1	5599062	5603902	4840	ALE	0.9954	-	0.9014
1	5599062	5603902	4840	ALE	0.9954	-	0.9901
1	5608904	5614281	5377	ALE	0.9951	-	0.4895
1	5611591	5618796	7205	BIANCA	0.9916	-	0.6647
1	5628792	5634876	6084	ALE	0.9986	-	0.4483
1	5638094	5642760	4666	ALE	0.9945	-	0.7653
1	5641603	5647295	5692	ANGELA	0.9956	-	0.5699
1	5641603	5647295	5692	ANGELA	0.9956	-	0.5699
1	5666448	5672714	6266	BIANCA	0.9956	-	0.3111
1	5673114	5678770	5656	ALE	0.9995	-	0.9939
1	5679892	5686012	6120	ALE	0.9956	-	0.8244
1	5679892	5686012	6120	ALE	0.9956	-	0.9574
1	5691193	5697738	6545	BIANCA	0.9927	-	0.8778
1	5702366	5707716	5350	REINA	0.9955	-	0.5990
1	5716858	5722897	6039	REINA	0.9997	-	0.7613
1	5731012	5735508	4496	ALE	0.9932	-	0.3671
1	5743110	5749092	5982	BIANCA	0.9959	-	0.4548
1	5754493	5759969	5476	BIANCA	0.9919	-	0.4138
1	5771397	5776481	5084	BIANCA	0.9942	-	0.8694
1	5781352	5792756	11404	BIANCA	0.9996	-	0.8231
1	5800656	5810044	9388	SIRE	0.9919	-	0.9593
1	5800656	5810044	9388	SIRE	0.9919	-	0.4765
1	5812232	5817349	5117	ALE	0.9986	-	0.6283
1	5814256	5824957	10701	ANGELA	0.9978	-	0.9975
1	5833329	5838046	4717	ALE	0.9995	-	0.5613
1	5836087	5841348	5261	ALE	0.9904	-	0.8639
1	5840327	5846207	5880	ALE	0.9984	-	0.4236
1	5844536	5849715	5179	ALE	0.9938	-	0.8276
1	5840327	5846207	5880	ALE	0.9984	-	0.7431
1	5844536	5849715	5179	ALE	0.9938	-	0.8276
1	5853715	5859426	5711	ALE	0.9968	-	0.8005
1	5862945	5868355	5410	ALE	0.9933	-	0.6712
1	5872513	5877837	5324	ALE	0.9937	-	0.5175
1	5912951	5918105	5154	ALE	0.9996	-	0.7056
1	5920790	5926000	5210	REINA	0.9985	-	0.2690
1	5924090	5929984	5894	TORK	0.9963	-	0.9993
1	5920790	5926000	5210	REINA	0.9985	-	0.7048
1	5924090	5929984	5894	TORK	0.9963	-	0.9993
1	5942560	5949213	6653	REINA	0.9922	-	0.4728
1	5948444	5953450	5006	ALE	0.9967	-	0.9556
1	5955211	5960798	5587	BIANCA	0.9985	-	0.9882
1	5961403	5967488	6085	ALE	0.9996	-	0.7715
1	5961403	5967488	6085	ALE	0.9996	-	0.7715
1	6000296	6005652	5356	REINA	0.9934	-	0.8769
1	6000296	6005652	5356	REINA	0.9934	-	0.5491
1	6006741	6012418	5677	ALE	0.9988	-	0.9997
1	6009819	6015842	6023	ORYCO	0.9979	-	0.5107
1	6019278	6024142	4864	ORYCO	0.9996	-	0.4555
1	6034081	6040328	6247	BIANCA	0.9998	-	0.9638
1	6041587	6047586	5999	REINA	0.9960	-	0.8131
1	6041587	6047586	5999	REINA	0.9960	-	0.8131
1	6045437	6054452	9015	ATHILA	0.9979	-	0.4287
1	6072393	6077692	5299	REINA	0.9905	-	0.5705
1	6075717	6081148	5431	BIANCA	0.9968	-	0.5022
1	6079890	6090894	11004	SIRE	0.9986	-	0.4095
1	6079890	6090894	11004	SIRE	0.9986	-	0.8978
1	6089377	6095059	5682	ALE	0.9979	-	0.8941
1	6096045	6101905	5860	REINA	0.9978	-	0.8927
1	6102803	6107754	4951	ALE	0.9981	-	0.8262
1	6123685	6128910	5225	ALE	0.9996	-	0.9938
1	6123685	6128910	5225	ALE	0.9996	-	0.9938
1	6143734	6155598	11864	SIRE	0.9965	-	0.9598
1	6151288	6158310	7022	BIANCA	0.9992	-	0.4162
1	6159693	6164709	5016	ALE	0.9967	-	0.5557
1	6163281	6170077	6796	REINA	0.9994	-	0.7468
1	6159693	6164709	5016	ALE	0.9967	-	0.9992
1	6163281	6170077	6796	REINA	0.9994	-	0.7468
1	6174155	6183400	9245	DEL	0.9968	-	0.9061
1	6188077	6193598	5521	BIANCA	0.9985	-	0.8028
1	6202681	6209358	6677	ALE	0.9974	-	0.6466
1	6202681	6209358	6677	ALE	0.9974	-	0.6466
1	6221440	6230179	8739	DEL	0.9972	-	0.9918
1	6228895	6233852	4957	BIANCA	0.9974	-	0.7809
1	6245273	6250228	4955	ALE	0.9995	-	0.5154
1	6245273	6250228	4955	ALE	0.9995	-	0.5154
1	6251287	6256641	5354	ALE	0.9994	-	0.7517
1	6262474	6272686	10212	ATHILA	0.9929	-	0.6983
1	6272782	6277248	4466	ALE	0.9945	-	0.4494
1	6280244	6284947	4703	ORYCO	0.9948	-	0.3863
1	6280244	6284947	4703	ORYCO	0.9948	-	0.5953
1	6289514	6295632	6118	REINA	0.9999	-	0.6173
1	6294734	6299587	4853	ALE	1.0000	-	0.7712
1	6302329	6311921	9592	DEL	0.9900	-	0.9600
1	6314005	6324798	10793	DEL	0.9958	-	0.8892
1	6325119	6330404	5285	REINA	0.9955	-	0.4630
1	6325119	6330404	5285	REINA	0.9955	-	0.4630
1	6340910	6346193	5283	REINA	0.9987	-	0.5083
1	6347527	6353716	6189	BIANCA	0.9988	-	0.6257
1	6352090	6358048	5958	REINA	0.9999	-	0.5469
1	6363771	6369195	5424	ALE	0.9981	-	0.8749
1	6363771	6369195	5424	ALE	0.9981	-	0.8749
1	6367982	6376335	8353	BIANCA	0.9954	-	0.8846
1	6388896	6394240	5344	ALE	0.9954	-	0.9503
1	6392050	6397650	5600	REINA	0.9988	-	0.4239
1	6396998	6408387	11389	DEL	0.9979	-	0.7082
1	6396998	6408387	11389	DEL	0.9979	-	0.7414
1	6408733	6413189	4456	ANGELA	0.9939	-	0.6302
1	6418460	6422651	4191	ALE	0.9957	-	0.8082
1	6421419	6427046	5627	REINA	0.9996	-	0.5185
1	6427378	6433322	5944	CRM	0.9970	-	0.6135
1	6434590	6440363	5773	BIANCA	0.9965	-	0.8334
1	6440886	6446216	5330	ALE	0.9942	-	0.9472
1	6440886	6446216	5330	ALE	0.9942	-	0.8798
1	6459944	6465608	5664	ALE	0.9901	-	0.5576
1	6473456	6478652	5196	REINA	0.9975	-	0.4388
1	6476761	6482746	5985	ORYCO	0.9981	-	0.5130
1	6488561	6493970	5409	BIANCA	0.9994	-	0.8689
1	6495712	6501524	5812	TORK	0.9921	-	0.8278
1	6500807	6509980	9173	SIRE	0.9944	-	0.9381
1	6517825	6523428	5603	ALE	0.9900	-	0.6596
1	6526850	6531464	4614	ORYCO	0.9919	-	0.6492
1	6529305	6538963	9658	SIRE	0.9980	-	0.4579
1	6537790	6542315	4525	ALE	0.9966	-	0.7916
1	6545955	6551440	5485	BIANCA	0.9979	-	0.9998
1	6558469	6563394	4925	BIANCA	0.9980	-	0.9768
1	6565530	6575840	10310	ATHILA	0.9992	-	0.9538
1	6574396	6580588	6192	BIANCA	0.9989	-	0.5135
1	6578281	6583336	5055	ALE	0.9963	-	0.8124
1	6582191	6586991	4800	ALE	0.9999	-	0.8239
1	6587058	6592445	5387	ALE	0.9983	-	0.4959
1	6592452	6597109	4657	ALE	0.9957	-	0.5464
1	6604311	6610060	5749	ALE	0.9996	-	0.5158
1	6604311	6610060	5749	ALE	0.9996	-	0.5158
1	6628097	6633134	5037	REINA	0.9993	-	0.6852
1	6632475	6636941	4466	ALE	0.9955	-	0.6015
1	6637288	6642677	5389	TORK	0.9995	-	0.9174
1	6647217	6656288	9071	BIANCA	0.9912	-	0.9728
1	6653816	6658706	4890	ALE	0.9992	-	0.7596
1	6664855	6671735	6880	ALE	0.9986	-	0.8568
1	6676342	6681285	4943	ALE	0.9994	-	0.4617
1	6683535	6689059	5524	REINA	0.9970	-	0.6915
1	6683535	6689059	5524	REINA	0.9970	-	0.6915
1	6686920	6691997	5077	ALE	0.9991	-	0.4955
1	6698825	6704923	6098	BIANCA	0.9964	-	0.6523
1	6707728	6713299	5571	BIANCA	0.9982	-	0.6267
1	6721500	6727325	5825	ALE	0.9972	-	0.6377
1	6721500	6727325	5825	ALE	0.9972	-	0.6377
1	6743336	6753650	10314	SIRE	0.9919	-	0.8242
1	6750882	6754952	4070	TORK	0.9920	-	0.4526
1	6755679	6761419	5740	ALE	0.9993	-	0.9711
1	6763878	6768400	4522	BIANCA	0.9952	-	0.9648
1	6763878	6768400	4522	BIANCA	0.9952	-	0.9648
1	6766787	6773774	6987	TORK	0.9968	-	0.5248
1	6777154	6781651	4497	REINA	0.9986	-	0.5246
1	6781696	6787596	5900	ALE	0.9986	-	0.3137
1	6790145	6799053	8908	ANGELA	0.9914	-	0.8535
1	6798834	6809326	10492	TORK	0.9919	-	0.8028
1	6798834	6809326	10492	TORK	0.9919	-	0.3124
1	6810228	6815466	5238	ALE	0.9947	-	0.3699
1	6823641	6828475	4834	ALE	0.9982	-	0.4911
1	6828587	6833722	5135	BIANCA	0.9999	-	0.8290
1	6841825	6847054	5229	ALE	0.9924	-	0.7007
1	6841825	6847054	5229	ALE	0.9924	-	0.7007
1	6848459	6859566	11107	SIRE	0.9989	-	0.8216
1	6858468	6864106	5638	ALE	0.9965	-	0.7216
1	6868356	6874271	5915	REINA	0.9988	-	0.5624
1	6884243	6890943	6700	ALE	0.9970	-	0.7857
1	6878709	6883784	5075	ALE	1.0000	-	0.5788
1	6884243	6890943	6700	ALE	0.9970	-	0.7857
1	6897249	6907491	10242	SIRE	0.9988	-	0.5496
1	6925178	6930467	5289	ALE	0.9924	-	0.6845
1	6925178	6930467	5289	ALE	0.9924	-	0.6845
1	6928606	6933832	5226	REINA	0.9967	-	0.9425
1	6933636	6938654	5018	ORYCO	0.9991	-	0.9969
1	6940548	6945953	5405	ALE	0.9970	-	0.6555
1	6947063	6953031	5968	CRM	0.9987	-	0.3548
1	6955118	6959956	4838	ALE	0.9957	-	0.4138
1	6958414	6964955	6541	BIANCA	0.9950	-	0.4608
1	6962641	6967609	4968	ALE	0.9994	-	0.4850
1	6962641	6967609	4968	ALE	0.9994	-	0.4850
1	6971297	6981359	10062	ATHILA	0.9908	-	0.8276
1	6978650	6983533	4883	ALE	0.9987	-	0.8765
1	7009864	7014617	4753	ALE	0.9982	-	0.9678
1	7022850	7028539	5689	TORK	0.9967	-	0.4718
1	7028782	7034188	5406	TORK	0.9917	-	0.9831
1	7043900	7049621	5721	REINA	0.9954	-	0.9736
1	7038349	7044921	6572	BIANCA	0.9953	-	0.8063
1	7043900	7049621	5721	REINA	0.9954	-	0.9736
1	7053389	7058641	5252	BIANCA	0.9923	-	0.8685
1	7059072	7071115	12043	ANGELA	0.9997	-	0.8184
1	7080104	7085619	5515	REINA	0.9963	-	0.8763
1	7085861	7090438	4577	ALE	0.9999	-	0.5424
1	7080104	7085619	5515	REINA	0.9963	-	0.8873
1	7085861	7090438	4577	ALE	0.9999	-	0.5424
1	7105690	7110963	5273	ALE	0.9974	-	0.6078
1	7110699	7115947	5248	BIANCA	0.9985	-	0.4071
1	7119193	7125747	6554	BIANCA	0.9963	-	0.8123
1	7119193	7125747	6554	BIANCA	0.9963	-	0.4614
1	7125421	7135189	9768	ANGELA	0.9975	-	0.7035
1	7149098	7154522	5424	ALE	0.9940	-	0.5317
1	7152287	7157214	4927	ALE	0.9972	-	0.5169
1	7169640	7175459	5819	BIANCA	0.9970	-	0.9985
1	7179652	7185224	5572	TORK	0.9964	-	0.5428
1	7200837	7206146	5309	TORK	0.9966	-	0.9676
1	7200837	7206146	5309	TORK	0.9966	-	0.9675
1	7204682	7214792	10110	DEL	0.9934	-	0.9831
1	7248146	7253106	4960	ALE	0.9905	-	0.8730
1	7257313	7262582	5269	BIANCA	0.9995	-	0.4673
1	7263134	7268108	4974	ALE	0.9960	-	0.4470
1	7271353	7277467	6114	ALE	0.9968	-	0.9989
1	7283275	7291098	7823	ALE	0.9999	-	0.9234
1	7283275	7291098	7823	ALE	0.9999	-	0.9234
1	7288525	7294101	5576	ALE	0.9944	-	0.8267
1	7299033	7304093	5060	ALE	0.9972	-	0.5214
1	7319262	7327604	8342	TORK	0.9934	-	0.8357
1	7319262	7327604	8342	TORK	0.9934	-	0.9960
1	7331472	7336075	4603	ALE	0.9926	-	0.7502
1	7337481	7342485	5004	ALE	0.9976	-	0.6381
1	7350042	7354974	4932	REINA	0.9922	-	0.9406
1	7366959	7372479	5520	ALE	0.9970	-	0.9266
1	7379105	7387741	8636	ATHILA	0.9923	-	0.9860
1	7390201	7395577	5376	ALE	0.9987	-	0.9924
1	7400002	7405252	5250	ALE	0.9994	-	0.9634
1	7400002	7405252	5250	ALE	0.9994	-	0.4672
1	7413908	7420240	6332	TORK	0.9917	-	0.5863
1	7426154	7438852	12698	ATHILA	0.9998	-	0.3634
1	7442182	7446713	4531	ALE	0.9925	-	0.2918
1	7442182	7446713	4531	ALE	0.9925	-	0.2918
1	7452712	7457489	4777	ALE	1.0000	-	0.7615
1	7459551	7465207	5656	ORYCO	0.9958	-	0.9838
1	7470040	7475721	5681	BIANCA	0.9990	-	0.3864
1	7479065	7485052	5987	ALE	0.9985	-	0.9664
1	7479065	7485052	5987	ALE	0.9985	-	0.9583
1	7493757	7499867	6110	BIANCA	0.9973	-	0.4892
1	7503696	7509562	5866	ALE	0.9995	-	0.5008
1	7510923	7516349	5426	REINA	0.9989	-	0.9545
1	7523316	7528340	5024	BIANCA	0.9979	-	0.6254
1	7523316	7528340	5024	BIANCA	0.9979	-	0.6254
1	7536841	7541045	4204	REINA	0.9988	-	0.9650
1	7551955	7557192	5237	ALE	0.9994	-	0.8406
1	7556001	7564728	8727	BIANCA	0.9936	-	0.6245
1	7605493	7611213	5720	BIANCA	0.9981	-	0.6551
1	7605493	7611213	5720	BIANCA	0.9981	-	0.6551
1	7613491	7621369	7878	ANGELA	0.9913	-	0.9834
1	7620564	7626472	5908	ALE	0.9993	-	0.4653
1	7624623	7630018	5395	REINA	0.9979	-	0.9520
1	7636087	7640634	4547	ORYCO	0.9968	-	0.7495
1	7655061	7660780	5719	ALE	0.9965	-	0.6209
1	7660317	7665521	5204	BIANCA	0.9990	-	0.5030
1	7675450	7680859	5409	ORYCO	0.9996	-	0.8876
1	7683811	7689077	5266	ALE	0.9997	-	0.9901
1	7683811	7689077	5266	ALE	0.9997	-	0.9901
1	7705415	7710231	4816	BIANCA	0.9925	-	0.9260
1	7721881	7732005	10124	ATHILA	0.9992	-	0.6806
1	7721881	7732005	10124	ATHILA	0.9992	-	0.6806
1	7731986	7737250	5264	BIANCA	0.9960	-	0.5433
1	7742790	7747937	5147	REINA	0.9949	-	0.6474
1	7755635	7761129	5494	ALE	0.9990	-	0.8491
1	7763017	7767721	4704	ALE	0.9950	-	0.4877
1	7763017	7767721	4704	ALE	0.9950	-	0.4877
1	7766158	7772541	6383	BIANCA	0.9981	-	0.9909
1	7780266	7789716	9450	BIANCA	0.9986	-	0.8633
1	7787126	7793411	6285	ALE	0.9974	-	0.6352
1	7793851	7798777	4926	BIANCA	0.9967	-	0.9364
1	7798473	7804465	5992	ALE	0.9988	-	0.4239
1	7804081	7808647	4566	BIANCA	0.9956	-	0.7817
1	7798473	7804465	5992	ALE	0.9988	-	0.6621
1	7804081	7808647	4566	BIANCA	0.9956	-	0.7817
1	7815041	7820348	5307	REINA	0.9928	-	0.6418
1	7820975	7826400	5425	BIANCA	0.9992	-	0.4906
1	7826630	7831648	5018	BIANCA	0.9942	-	0.5677
1	7832315	7837137	4822	BIANCA	0.9926	-	0.9511
1	7856884	7862956	6072	BIANCA	0.9989	-	0.7105
1	7863713	7869588	5875	BIANCA	0.9906	-	0.5357
1	7868604	7873229	4625	ORYCO	0.9969	-	0.6757
1	7874467	7885463	10996	SIRE	0.9915	-	0.9809
1	7882598	7888688	6090	ALE	0.9993	-	0.6094
1	7882598	7888688	6090	ALE	0.9993	-	0.6094
1	7894147	7899482	5335	BIANCA	0.9991	-	0.6444
1	7909326	7920678	11352	DEL	0.9946	-	0.4863
1	7919398	7925112	5714	ALE	0.9992	-	0.8549
1	7919398	7925112	5714	ALE	0.9992	-	0.9019
1	7930136	7935524	5388	ALE	0.9976	-	0.2807
1	7936435	7942554	6119	BIANCA	0.9956	-	0.6173
1	7944002	7949174	5172	BIANCA	0.9966	-	0.4702
1	7946567	7958788	12221	SIRE	0.9918	-	0.4591
1	7960182	7970856	10674	ANGELA	0.9952	-	0.9761
1	7960182	7970856	10674	ANGELA	0.9952	-	0.8867
1	7968650	7973683	5033	CRM	0.9943	-	0.9411
1	7978139	7984246	6107	ALE	0.9966	-	0.9873
1	7990032	7995209	5177	ALE	0.9930	-	0.8228
1	8005533	8011303	5770	ANGELA	0.9956	-	0.9955
1	8005533	8011303	5770	ANGELA	0.9956	-	0.9955
1	8014305	8019034	4729	ALE	0.9950	-	0.9715
1	8016973	8021409	4436	REINA	0.9972	-	0.9572
1	8023116	8028715	5599	ORYCO	0.9989	-	0.5340
1	8035672	8039416	3744	REINA	0.9919	-	0.4325
1	8048330	8054402	6072	TORK	0.9995	-	0.3918
1	8060903	8066677	5774	BIANCA	0.9981	-	0.4202
1	8070900	8076115	5215	REINA	0.9943	-	0.9742
1	8084908	8090741	5833	REINA	0.9995	-	0.9029
1	8084908	8090741	5833	REINA	0.9995	-	0.9029
1	8090344	8094845	4501	REINA	0.9962	-	0.9252
1	8098586	8104321	5735	ALE	0.9981	-	0.9489
1	8103210	8108106	4896	ALE	0.9992	-	0.6442
1	8107237	8117433	10196	ATHILA	0.9991	-	0.8979
1	8119082	8125260	6178	ALE	0.9966	-	0.3867
1	8119082	8125260	6178	ALE	0.9966	-	0.5934
1	8127917	8138895	10978	SIRE	0.9927	-	0.9785
1	8136837	8142609	5772	REINA	0.9953	-	0.8852
1	8144530	8148917	4387	REINA	0.9998	-	0.4784
1	8147422	8152315	4893	REINA	0.9992	-	0.8960
1	8151256	8157576	6320	BIANCA	0.9930	-	0.4382
1	8194333	8199695	5362	ALE	0.9982	-	0.7748
1	8202521	8208348	5827	ALE	0.9985	-	0.8076
1	8202521	8208348	5827	ALE	0.9985	-	0.8076
1	8214845	8222229	7384	DEL	0.9963	-	0.9235
1	8222808	8228786	5978	BIANCA	0.9969	-	0.4567
1	8241895	8247436	5541	BIANCA	0.9905	-	0.7193
1	8241895	8247436	5541	BIANCA	0.9905	-	0.7193
1	8258730	8264396	5666	ALE	0.9916	-	0.4217
1	8281064	8285526	4462	ALE	0.9941	-	0.9444
1	8285779	8291756	5977	ALE	0.9977	-	0.4098
1	8281064	8285526	4462	ALE	0.9941	-	0.9433
1	8285779	8291756	5977	ALE	0.9977	-	0.4098
1	8314366	8321247	6881	ALE	0.9999	-	0.2975
1	8319892	8324529	4637	BIANCA	0.9912	-	0.4678
1	8319892	8324529	4637	BIANCA	0.9912	-	0.8028
1	8331153	8341396	10243	ATHILA	0.9925	-	0.9222
1	8346997	8352045	5048	ORYCO	0.9910	-	0.5160
1	8350443	8355308	4865	ALE	0.9992	-	0.6588
1	8366646	8371567	4921	ALE	0.9995	-	0.9376
1	8386005	8392627	6622	ALE	0.9990	-	0.7912
1	8390551	8396694	6143	DEL	0.9981	-	1.0000
1	8415018	8419956	4938	BIANCA	0.9970	-	0.9628
1	8421520	8426774	5254	ALE	0.9961	-	0.5758
1	8432755	8440711	7956	ANGELA	0.9949	-	0.8262
1	8438017	8442684	4667	BIANCA	0.9950	-	0.5193
1	8441126	8446851	5725	BIANCA	0.9969	-	0.9028
1	8445905	8451359	5454	ALE	0.9960	-	0.2871
1	8441126	8446851	5725	BIANCA	0.9969	-	0.9037
1	8445905	8451359	5454	ALE	0.9960	-	0.2871
1	8459175	8464609	5434	ORYCO	0.9973	-	0.9012
1	8463614	8468815	5201	ALE	0.9991	-	0.3081
1	8466384	8471768	5384	ALE	0.9971	-	0.9339
1	8475273	8482004	6731	BIANCA	0.9970	-	0.9655
1	8490913	8496122	5209	REINA	0.9947	-	0.5463
1	8503789	8508158	4369	ALE	0.9993	-	0.4105
1	8511367	8517037	5670	ALE	0.9972	-	0.9141
1	8514539	8520936	6397	REINA	0.9977	-	0.7010
1	8535111	8540576	5465	BIANCA	0.9981	-	0.6239
1	8538991	8548183	9192	DEL	0.9907	-	0.5101
1	8548559	8558888	10329	SIRE	0.9988	-	0.3419
1	8557029	8560593	3564	ALE	0.9999	-	0.4473
1	8558641	8564722	6081	BIANCA	0.9904	-	0.6061
1	8558641	8564722	6081	BIANCA	0.9904	-	0.7671
1	8566870	8572342	5472	REINA	0.9957	-	0.3995
1	8577887	8582712	4825	ALE	0.9982	-	0.9883
1	8581719	8587251	5532	REINA	0.9993	-	0.4548
1	8585417	8590711	5294	REINA	0.9977	-	0.4126
1	8593404	8597667	4263	ALE	0.9994	-	0.9949
1	8605343	8610706	5363	REINA	0.9947	-	0.9161
1	8605343	8610706	5363	REINA	0.9947	-	0.9161
1	8622467	8631302	8835	BIANCA	0.9925	-	0.7999
1	8634750	8640399	5649	BIANCA	0.9910	-	0.6416
1	8639805	8645769	5964	ALE	0.9980	-	0.9635
1	8642613	8651754	9141	SIRE	0.9980	-	0.9944
1	8639805	8645769	5964	ALE	0.9980	-	0.9986
1	8642613	8651754	9141	SIRE	0.9980	-	0.9944
1	8664273	8668978	4705	ORYCO	0.9949	-	0.5142
1	8689458	8695558	6100	ALE	0.9956	-	0.7172
1	8704637	8710332	5695	ALE	0.9958	-	0.7429
1	8708723	8714247	5524	REINA	0.9994	-	0.9133
1	8716102	8722907	6805	BIANCA	0.9993	-	0.9747
1	8724814	8729827	5013	BIANCA	0.9999	-	0.6505
1	8724814	8729827	5013	BIANCA	0.9999	-	0.6505
1	8727093	8737271	10178	SIRE	0.9967	-	0.9574
1	8742981	8747474	4493	ORYCO	0.9941	-	0.5902
1	8746386	8751160	4774	ALE	0.9973	-	0.4807
1	8757100	8763138	6038	ALE	0.9992	-	0.5911
1	8761337	8766609	5272	ALE	0.9990	-	0.4091
1	8761337	8766609	5272	ALE	0.9990	-	0.4091
1	8782646	8793110	10464	DEL	0.9978	-	0.6828
1	8795850	8800914	5064	ALE	0.9991	-	0.9749
1	8810472	8816434	5962	BIANCA	0.9921	-	0.6373
1	8824304	8830287	5983	BIANCA	0.9991	-	0.3230
1	8831762	8838345	6583	BIANCA	0.9922	-	0.7987
1	8835613	8841062	5449	REINA	0.9920	-	0.9124
1	8846842	8852596	5754	ALE	0.9919	-	0.6055
1	8852128	8856831	4703	ORYCO	0.9999	-	0.7568
1	8854621	8860221	5600	ALE	0.9909	-	0.9928
1	8872075	8878473	6398	REINA	0.9992	-	0.9812
1	8877303	8886786	9483	ATHILA	0.9988	-	0.5062
1	8877303	8886786	9483	ATHILA	0.9988	-	0.4764
1	8902205	8908862	6657	BIANCA	0.9977	-	0.5014
1	8906327	8912432	6105	BIANCA	0.9973	-	0.9956
1	8910300	8916039	5739	ALE	0.9987	-	0.9309
1	8916965	8922995	6030	ALE	0.9993	-	0.7137
1	8943911	8949879	5968	BIANCA	0.9909	-	0.4614
1	8955629	8962017	6388	ALE	0.9952	-	0.8331
1	8979009	8984427	5418	ALE	0.9960	-	0.9913
1	8987240	8992386	5146	ORYCO	0.9988	-	0.7216
1	9004252	9009934	5682	BIANCA	0.9976	-	0.8827
1	9004252	9009934	5682	BIANCA	0.9976	-	0.8827
1	9024683	9034896	10213	TORK	0.9953	-	0.9435
1	9031193	9040791	9598	SIRE	0.9986	-	0.4826
1	9040024	9045213	5189	ORYCO	0.9987	-	0.4587
1	9043334	9049251	5917	ALE	0.9905	-	0.5339
1	9040024	9045213	5189	ORYCO	0.9987	-	0.8530
1	9043334	9049251	5917	ALE	0.9905	-	0.5339
1	9061581	9065783	4202	ALE	0.9950	-	0.8753
1	9075871	9083910	8039	ALE	1.0000	-	0.7607
1	9081346	9086757	5411	ALE	1.0000	-	0.4762
1	9081346	9086757	5411	ALE	1.0000	-	0.4762
1	9087029	9091516	4487	REINA	0.9991	-	0.9859
1	9090736	9095848	5112	BIANCA	0.9951	-	0.6690
1	9095630	9100654	5024	ALE	0.9988	-	0.2503
1	9099209	9104688	5479	ALE	0.9918	-	0.6019
1	9106087	9112104	6017	BIANCA	0.9929	-	0.3894
1	9118377	9129488	11111	SIRE	0.9995	-	0.9554
1	9118377	9129488	11111	SIRE	0.9995	-	0.8568
1	9140922	9150755	9833	ATHILA	0.9948	-	0.5273
1	9147851	9153165	5314	BIANCA	0.9990	-	0.6980
1	9151042	9155945	4903	REINA	0.9976	-	0.4887
1	9157195	9162692	5497	ALE	0.9993	-	0.5132
1	9169832	9174008	4176	ALE	0.9998	-	0.7342
1	9178560	9184358	5798	REINA	0.9930	-	0.9549
1	9185579	9190611	5032	ORYCO	0.9995	-	0.7559
1	9190729	9195794	5065	ALE	1.0000	-	0.4518
1	9194217	9203003	8786	TORK	0.9938	-	0.6054
1	9205139	9210945	5806	REINA	0.9971	-	0.9493
1	9205139	9210945	5806	REINA	0.9971	-	0.9493
1	9212661	9218117	5456	REINA	0.9982	-	0.9370
1	9217414	9222816	5402	TORK	0.9992	-	0.6416
1	9227270	9232883	5613	ALE	0.9949	-	0.9466
1	9231409	9236572	5163	BIANCA	0.9955	-	0.9624
1	9234943	9239872	4929	ALE	0.9976	-	0.7670
1	9237715	9242836	5121	ALE	0.9945	-	0.5749
1	9247580	9257807	10227	BIANCA	0.9901	-	0.9942
1	9261325	9266052	4727	ALE	0.9939	-	0.9912
1	9265158	9270740	5582	REINA	0.9961	-	0.8262
1	9269161	9273156	3995	ORYCO	0.9957	-	0.8911
1	9278901	9285586	6685	BIANCA	0.9939	-	0.4682
1	9284147	9291034	6887	BIANCA	0.9940	-	0.9894
1	9278901	9285586	6685	BIANCA	0.9939	-	0.6431
1	9284147	9291034	6887	BIANCA	0.9940	-	0.9894
1	9287002	9297948	10946	DEL	0.9946	-	0.9954
1	9294423	9299389	4966	ALE	0.9996	-	0.9933
1	9304070	9309550	5480	ALE	0.9993	-	0.9911
1	9316610	9322390	5780	ALE	0.9935	-	0.7775
1	9326385	9332238	5853	REINA	0.9989	-	0.8451
1	9332374	9337935	5561	BIANCA	0.9959	-	0.9259
1	9336860	9343164	6304	ORYCO	0.9934	-	0.4768
1	9343114	9347832	4718	TORK	0.9973	-	0.9177
1	9347903	9353336	5433	ORYCO	0.9983	-	0.6947
1	9352793	9361202	8409	ANGELA	0.9939	-	0.8525
1	9361110	9370302	9192	SIRE	0.9929	-	0.4669
1	9361110	9370302	9192	SIRE	0.9929	-	0.4638
1	9372151	9377742	5591	ALE	0.9996	-	0.4453
1	9382620	9388853	6233	BIANCA	0.9954	-	0.6185
1	9419922	9426041	6119	ALE	0.9927	-	0.3270
1	9438207	9448201	9994	DEL	0.9918	-	0.5734
1	9438207	9448201	9994	DEL	0.9918	-	0.6018
1	9451316	9456319	5003	ALE	0.9982	-	0.9876
1	9456905	9462600	5695	ALE	0.9917	-	0.8740
1	9459638	9471789	12151	SIRE	0.9969	-	0.8659
1	9473841	9486873	13032	ATHILA	0.9943	-	0.4492
1	9493350	9498019	4669	BIANCA	0.9949	-	0.7828
1	9508443	9514017	5574	REINA	0.9983	-	0.4646
1	9511710	9516978	5268	ORYCO	0.9923	-	0.9046
1	9517632	9524159	6527	BIANCA	0.9945	-	0.7535
1	9530552	9536375	5823	BIANCA	0.9943	-	0.3564
1	9546838	9551331	4493	BIANCA	0.9964	-	0.4580
1	9552754	9562011	9257	ATHILA	0.9985	-	0.4776
1	9563409	9568844	5435	REINA	0.9936	-	0.3305
1	9563409	9568844	5435	REINA	0.9936	-	0.3305
1	9566036	9575641	9605	SIRE	0.9937	-	0.6590
1	9587258	9591642	4384	ALE	0.9999	-	0.5148
1	9592667	9598259	5592	REINA	0.9965	-	0.3030
1	9601333	9607033	5700	BIANCA	0.9965	-	0.4908
1	9601333	9607033	5700	BIANCA	0.9965	-	0.4908
1	9613614	9619296	5682	BIANCA	0.9982	-	0.4918
1	9619816	9625575	5759	ALE	0.9999	-	0.3317
1	9636382	9641543	5161	BIANCA	0.9953	-	0.9417
1	9640283	9646277	5994	ALE	0.9999	-	0.5657
1	9640283	9646277	5994	ALE	0.9999	-	0.5870
1	9647598	9653530	5932	BIANCA	0.9901	-	0.5228
1	9651584	9658799	7215	ALE	0.9967	-	0.9927
1	9658130	9663728	5598	ALE	0.9910	-	0.5157
1	9681035	9686183	5148	ALE	0.9947	-	0.5411
1	9681035	9686183	5148	ALE	0.9947	-	0.5770
1	9696445	9701391	4946	ORYCO	0.9981	-	0.5437
1	9699263	9705112	5849	BIANCA	0.9972	-	0.9379
1	9706072	9709622	3550	ALE	1.0000	-	0.6485
1	9712990	9718188	5198	REINA	0.9961	-	0.8398
1	9724540	9729448	4908	ALE	0.9959	-	0.3587
1	9724540	9729448	4908	ALE	0.9959	-	0.3587
1	9731549	9741720	10171	DEL	0.9945	-	0.3596
1	9747486	9756331	8845	DEL	0.9992	-	0.9489
1	9764747	9773794	9047	BIANCA	0.9953	-	0.8979
1	9770904	9781348	10444	SIRE	0.9941	-	0.6685
1	9779885	9786224	6339	ALE	0.9918	-	0.7473
1	9798738	9804362	5624	BIANCA	0.9953	-	0.8017
1	9806987	9814529	7542	BIANCA	0.9916	-	0.9031
1	9819886	9825218	5332	ALE	0.9914	-	0.6442
1	9828634	9834128	5494	ALE	0.9936	-	0.9628
1	9837336	9848503	11167	ATHILA	0.9969	-	0.3415
1	9837336	9848503	11167	ATHILA	0.9969	-	0.3655
1	9854525	9860748	6223	BIANCA	0.9967	-	0.9596
1	9861343	9866649	5306	BIANCA	0.9975	-	0.8592
1	9872015	9878467	6452	BIANCA	0.9984	-	0.9772
1	9888852	9894524	5672	TORK	0.9932	-	0.4970
1	9897810	9902688	4878	ALE	0.9999	-	0.5908
1	9900321	9905885	5564	BIANCA	0.9925	-	0.9997
1	9910988	9915869	4881	TORK	0.9988	-	0.9408
1	9917727	9922730	5003	ALE	0.9906	-	0.9581
1	9922980	9929090	6110	ORYCO	0.9929	-	0.7170
1	9922980	9929090	6110	ORYCO	0.9929	-	0.7170
1	9926460	9933601	7141	REINA	0.9988	-	0.7596
1	9931108	9935630	4522	ALE	0.9998	-	0.4674
1	9935456	9940695	5239	ALE	0.9995	-	0.6622
1	9938723	9944633	5910	ALE	0.9961	-	0.9222
1	9949221	9954854	5633	ORYCO	0.9995	-	0.9969
1	9964926	9974072	9146	SIRE	0.9973	-	0.5277
1	9972220	9978354	6134	ORYCO	0.9916	-	0.3652
1	9979387	9985429	6042	BIANCA	0.9981	-	0.5293
1	9984228	9989623	5395	ALE	0.9937	-	0.3727
1	10002223	10008743	6520	ALE	0.9957	-	0.4990
1	10002223	10008743	6520	ALE	0.9957	-	0.4990
1	10014838	10020941	6103	ALE	0.9942	-	0.8621
1	10018967	10024570	5603	REINA	0.9935	-	0.9910
1	10026813	10032231	5418	ORYCO	0.9928	-	0.8344
1	10039032	10049347	10315	ATHILA	0.9993	-	0.4097
1	10039032	10049347	10315	ATHILA	0.9993	-	0.4833
1	10050548	10055199	4651	ALE	0.9943	-	0.7257
1	10052375	10063015	10640	DEL	0.9934	-	0.9040
1	10071630	10077262	5632	ALE	0.9993	-	0.8809
1	10107677	10116832	9155	DEL	0.9952	-	0.6789
1	10115168	10119069	3901	ALE	0.9989	-	0.7207
1	10124091	10132210	8119	SIRE	0.9986	-	0.9722
1	10118897	10123565	4668	ORYCO	0.9987	-	0.8586
1	10124091	10132210	8119	SIRE	0.9986	-	0.9722
1	10143119	10149298	6179	REINA	0.9992	-	0.7476
1	10151694	10157531	5837	BIANCA	0.9997	-	0.6256
1	10171734	10180745	9011	SIRE	0.9965	-	0.7591
1	10183272	10188641	5369	ALE	0.9982	-	0.5152
1	10186182	10191783	5601	BIANCA	0.9980	-	0.4620
1	10198202	10205109	6907	REINA	0.9986	-	0.7904
1	10207578	10217226	9648	SIRE	0.9939	-	0.5474
1	10217435	10223072	5637	BIANCA	0.9983	-	0.9086
1	10223132	10229524	6392	BIANCA	0.9990	-	0.9020
1	10231458	10237122	5664	ALE	0.9959	-	0.9464
1	10240578	10246725	6147	BIANCA	0.9993	-	0.5646
1	10240578	10246725	6147	BIANCA	0.9993	-	0.4212
1	10250201	10255309	5108	TORK	0.9986	-	0.9169
1	10256129	10260273	4144	ALE	0.9992	-	0.8266
1	10263818	10270159	6341	ALE	0.9932	-	0.9774
1	10268134	10273218	5084	ALE	0.9956	-	0.4645
1	10282681	10287254	4573	ALE	0.9916	-	0.7106
1	10282681	10287254	4573	ALE	0.9916	-	0.7106
1	10285958	10299021	13063	TAT	0.9974	-	0.7132
1	10298393	10303912	5519	REINA	0.9927	-	0.8764
1	10306711	10312235	5524	BIANCA	0.9901	-	0.9438
1	10313115	10318487	5372	ORYCO	0.9940	-	0.6470
1	10319911	10325013	5102	ALE	0.9993	-	0.7622
1	10319911	10325013	5102	ALE	0.9993	-	0.9982
1	10330620	10336188	5568	BIANCA	0.9913	-	0.4783
1	10335302	10339360	4058	ALE	0.9999	-	0.8836
1	10342257	10347507	5250	REINA	0.9938	-	0.9454
1	10349920	10355589	5669	ORYCO	0.9963	-	0.8231
1	10357915	10363497	5582	BIANCA	0.9965	-	0.5109
1	10367973	10373396	5423	ALE	0.9967	-	0.3611
1	10388250	10393328	5078	ORYCO	0.9984	-	0.5054
1	10393338	10399714	6376	BIANCA	0.9975	-	0.9544
1	10428706	10438776	10070	TORK	0.9969	-	0.9601
1	10445302	10451047	5745	BIANCA	0.9972	-	0.7054
1	10445302	10451047	5745	BIANCA	0.9972	-	0.7054
1	10452871	10457735	4864	BIANCA	0.9992	-	0.9380
1	10465561	10470719	5158	ALE	0.9974	-	0.9972
1	10471018	10477076	6058	BIANCA	0.9937	-	0.6090
1	10488983	10493844	4861	BIANCA	0.9999	-	0.5399
1	10493281	10499089	5808	BIANCA	0.9956	-	0.9617
1	10514278	10520218	5940	REINA	0.9963	-	0.4314
1	10521136	10526415	5279	ALE	0.9938	-	0.9750
1	10521136	10526415	5279	ALE	0.9938	-	0.9729
1	10538834	10544075	5241	ALE	0.9960	-	0.3791
1	10546747	10552663	5916	BIANCA	0.9972	-	0.7884
1	10566724	10572392	5668	BIANCA	0.9903	-	0.4622
1	10578722	10584141	5419	ALE	0.9956	-	0.5331
1	10584897	10589418	4521	ALE	0.9960	-	0.9062
1	10595445	10600139	4694	REINA	0.9973	-	0.6516
1	10598744	10603994	5250	ALE	0.9979	-	0.9053
1	10613406	10618045	4639	ALE	0.9945	-	0.7916
1	10623954	10629524	5570	ALE	0.9909	-	0.9415
1	10635724	10641964	6240	ALE	0.9928	-	0.4640
1	10649636	10654863	5227	BIANCA	0.9915	-	0.8824
1	10652286	10658902	6616	BIANCA	0.9933	-	0.9569
1	10657096	10662363	5267	ALE	0.9952	-	0.9241
1	10659900	10665511	5611	REINA	0.9995	-	0.5399
1	10664663	10676475	11812	ANGELA	0.9956	-	0.9894
1	10677369	10682855	5486	ALE	0.9969	-	0.5214
1	10682669	10688180	5511	ALE	0.9952	-	0.3606
1	10682669	10688180	5511	ALE	0.9952	-	0.3606
1	10690141	10696585	6444	ALE	0.9970	-	0.7201
1	10697553	10702734	5181	BIANCA	0.9987	-	0.9741
1	10717813	10727201	9388	SIRE	0.9907	-	0.8021
1	10725820	10731113	5293	BIANCA	0.9997	-	0.8723
1	10717813	10727201	9388	SIRE	0.9907	-	0.7498
1	10725820	10731113	5293	BIANCA	0.9997	-	0.8723
1	10731558	10736311	4753	ALE	0.9981	-	0.8687
1	10737699	10745584	7885	BIANCA	0.9982	-	0.7617
1	10745233	10750570	5337	ALE	0.9920	-	0.6857
1	10756514	10761621	5107	BIANCA	0.9959	-	0.9676
1	10768465	10774800	6335	ALE	0.9990	-	0.8747
1	10777857	10783336	5479	ALE	0.9907	-	0.5343
1	10787425	10798528	11103	ATHILA	0.9924	-	0.8460
1	10800091	10811215	11124	DEL	0.9954	-	0.4921
1	10800091	10811215	11124	DEL	0.9954	-	0.7422
1	10811634	10817679	6045	BIANCA	0.9965	-	0.8339
1	10824587	10831027	6440	BIANCA	0.9969	-	0.5968
1	10832023	10836669	4646	ORYCO	0.9925	-	0.4390
1	10845065	10849857	4792	ALE	0.9986	-	0.6935
1	10845065	10849857	4792	ALE	0.9986	-	0.6935
1	10875596	10881505	5909	ALE	0.9951	-	0.9709
1	10882124	10888736	6612	REINA	0.9997	-	0.9550
1	10882124	10888736	6612	REINA	0.9997	-	0.9550
1	10887212	10896041	8829	ANGELA	0.9973	-	0.7920
1	10910839	10915874	5035	REINA	0.9938	-	0.3332
1	10915528	10920516	4988	ALE	0.9990	-	0.8395
1	10920010	10927572	7562	BIANCA	0.9992	-	0.9743
1	10920010	10927572	7562	BIANCA	0.9992	-	0.4315
1	10924644	10934453	9809	ANGELA	0.9939	-	0.7536
1	10940049	10945153	5104	ALE	0.9962	-	0.5668
1	10958441	10968002	9561	ANGELA	0.9927	-	0.9978
1	10958441	10968002	9561	ANGELA	0.9927	-	0.5115
1	10968312	10974840	6528	BIANCA	0.9903	-	0.4663
1	10973344	10979994	6650	REINA	0.9953	-	0.6708
1	10977712	10982307	4595	BIANCA	0.9977	-	0.9208
1	10998076	11002354	4278	ORYCO	0.9992	-	0.7283
1	11005936	11011919	5983	BIANCA	0.9979	-	0.4556
1	11005936	11011919	5983	BIANCA	0.9979	-	0.4556
1	11044191	11049319	5128	ORYCO	0.9933	-	0.7989
1	11044191	11049319	5128	ORYCO	0.9933	-	0.7989
1	11058748	11063551	4803	ALE	0.9966	-	0.7666
1	11061696	11066521	4825	BIANCA	0.9918	-	0.7837
1	11070441	11074428	3987	ALE	0.9996	-	0.7129
1	11077409	11086103	8694	BIANCA	0.9968	-	0.6646
1	11077409	11086103	8694	BIANCA	0.9968	-	0.9838
1	11088199	11093246	5047	REINA	0.9984	-	0.4919
1	11091402	11097441	6039	ALE	0.9976	-	0.6521
1	11100270	11105856	5586	REINA	0.9986	-	0.9938
1	11107681	11117143	9462	DEL	0.9939	-	0.6393
1	11113662	11119840	6178	ALE	0.9983	-	0.8439
1	11123653	11128421	4768	BIANCA	0.9933	-	0.8747
1	11123653	11128421	4768	BIANCA	0.9933	-	0.8747
1	11133802	11140231	6429	ALE	0.9999	-	0.4615
1	11143595	11149520	5925	BIANCA	0.9990	-	0.9831
1	11151260	11155683	4423	BIANCA	0.9968	-	0.6977
1	11155352	11161084	5732	ALE	0.9990	-	0.9853
1	11159812	11165807	5995	BIANCA	0.9906	-	0.9929
1	11159812	11165807	5995	BIANCA	0.9906	-	0.9978
1	11169463	11174414	4951	BIANCA	0.9991	-	0.9797
1	11178808	11183733	4925	REINA	0.9968	-	0.8827
1	11183166	11189843	6677	ALE	0.9990	-	0.7822
1	11190789	11196255	5466	ALE	0.9942	-	0.8406
1	11194845	11201136	6291	ALE	0.9996	-	0.8430
1	11204653	11209767	5114	BIANCA	0.9987	-	0.9249
1	11204653	11209767	5114	BIANCA	0.9987	-	0.9249
1	11208692	11214757	6065	ALE	0.9905	-	0.4234
1	11224581	11230170	5589	ALE	0.9980	-	0.8956
1	11235875	11241255	5380	REINA	0.9929	-	0.9993
1	11240146	11245875	5729	BIANCA	0.9993	-	0.5129
1	11240146	11245875	5729	BIANCA	0.9993	-	0.7032
1	11249755	11254828	5073	ALE	0.9980	-	0.7916
1	11259348	11264192	4844	ALE	0.9963	-	0.8130
1	11264090	11269687	5597	ALE	0.9995	-	0.8850
1	11269677	11279754	10077	DEL	0.9958	-	0.5759
1	11285359	11290853	5494	ALE	0.9947	-	0.9860
1	11285359	11290853	5494	ALE	0.9947	-	0.9860
1	11303813	11308947	5134	ALE	0.9982	-	0.6837
1	11306397	11316522	10125	BIANCA	0.9975	-	0.4272
1	11317880	11323466	5586	ALE	0.9976	-	0.4363
1	11327385	11333067	5682	REINA	0.9924	-	0.8850
1	11333633	11339070	5437	REINA	0.9988	-	0.9072
1	11353878	11362840	8962	SIRE	0.9984	-	0.5781
1	11362556	11367762	5206	REINA	0.9968	-	0.5004
1	11362556	11367762	5206	REINA	0.9968	-	0.5004
1	11371867	11378390	6523	BIANCA	0.9998	-	0.4706
1	11380829	11387152	6323	ALE	0.9968	-	0.7740
1	11386216	11395885	9669	DEL	0.9983	-	0.3520
1	11394446	11404398	9952	SIRE	0.9986	-	0.9061
1	11401335	11405939	4604	ALE	0.9994	-	0.7971
1	11401335	11405939	4604	ALE	0.9994	-	0.7971
1	11421644	11427790	6146	REINA	0.9938	-	0.8388
1	11428551	11433642	5091	REINA	0.9975	-	0.7054
1	11431052	11440335	9283	ANGELA	0.9923	-	0.8693
1	11445520	11450532	5012	BIANCA	0.9986	-	0.9871
1	11445520	11450532	5012	BIANCA	0.9986	-	0.9871
1	11463742	11469205	5463	ORYCO	1.0000	-	0.8816
1	11480907	11486545	5638	REINA	0.9991	-	0.7498
1	11480907	11486545	5638	REINA	0.9991	-	0.7683
1	11493292	11499539	6247	ALE	0.9948	-	0.3559
1	11500312	11505100	4788	REINA	0.9964	-	0.7617
1	11513948	11520926	6978	BIANCA	0.9937	-	0.9901
1	11520746	11525296	4550	ALE	0.9930	-	0.7475
1	11520746	11525296	4550	ALE	0.9930	-	0.7252
1	11548088	11553150	5062	ALE	0.9933	-	0.9268
1	11567280	11576879	9599	SIRE	0.9957	-	0.4293
1	11583640	11588446	4806	ALE	0.9905	-	0.6129
1	11598443	11603991	5548	ALE	0.9984	-	0.7757
1	11602794	11608636	5842	ALE	0.9916	-	0.4378
1	11606071	11611662	5591	BIANCA	0.9941	-	0.5533
1	11602794	11608636	5842	ALE	0.9916	-	0.4378
1	11606071	11611662	5591	BIANCA	0.9941	-	0.5533
1	11613779	11619905	6126	BIANCA	0.9959	-	0.2451
1	11619201	11624458	5257	ALE	0.9902	-	0.8940
1	11622985	11627690	4705	ALE	0.9938	-	0.6525
1	11627983	11633316	5333	ALE	1.0000	-	0.8210
1	11636473	11641509	5036	ALE	0.9933	-	0.5600
1	11646660	11651591	4931	TORK	0.9929	-	0.5086
1	11652565	11658659	6094	BIANCA	0.9919	-	0.4902
1	11657070	11662533	5463	TORK	0.9938	-	0.6550
1	11660203	11664971	4768	ORYCO	0.9926	-	0.4057
1	11679721	11684846	5125	ALE	0.9978	-	0.9967
1	11682599	11688218	5619	BIANCA	0.9950	-	0.8106
1	11679721	11684846	5125	ALE	0.9978	-	0.5284
1	11682599	11688218	5619	BIANCA	0.9950	-	0.8106
1	11693398	11698871	5473	BIANCA	0.9939	-	0.9613
1	11710560	11716001	5441	REINA	0.9982	-	0.3448
1	11717074	11722257	5183	REINA	0.9931	-	0.9294
1	11723505	11728202	4697	ALE	0.9937	-	0.6531
1	11723505	11728202	4697	ALE	0.9937	-	0.6531
1	11732799	11738830	6031	BIANCA	0.9922	-	0.4646
1	11749201	11756038	6837	DEL	0.9921	-	0.8455
1	11755839	11760512	4673	REINA	0.9981	-	0.7248
1	11777254	11781717	4463	ALE	0.9997	-	0.4506
1	11784756	11790699	5943	BIANCA	0.9919	-	0.8298
1	11788286	11793570	5284	ALE	0.9973	-	0.5425
1	11796181	11801777	5596	BIANCA	0.9985	-	0.9712
1	11811128	11815495	4367	ALE	0.9908	-	0.6717
1	11817799	11826362	8563	BIANCA	0.9931	-	0.8765
1	11830310	11836528	6218	BIANCA	0.9998	-	0.5360
1	11844419	11851226	6807	REINA	0.9903	-	0.5580
1	11844419	11851226	6807	REINA	0.9903	-	0.5580
1	11869977	11876270	6293	REINA	0.9987	-	0.9635
1	11874911	11884072	9161	BIANCA	0.9989	-	0.6358
1	11881319	11888129	6810	BIANCA	0.9926	-	0.9921
1	11881319	11888129	6810	BIANCA	0.9926	-	0.9921
1	11885890	11894569	8679	ATHILA	0.9948	-	0.4765
1	11894791	11901098	6307	ALE	0.9999	-	0.2991
1	11902182	11907573	5391	ALE	0.9953	-	0.4388
1	11906336	11912886	6550	BIANCA	0.9943	-	0.4902
1	11911180	11916758	5578	REINA	0.9911	-	0.6068
1	11912841	11925324	12483	DEL	0.9974	-	0.7842
1	11921073	11929281	8208	DEL	0.9927	-	0.5135
1	11921073	11929281	8208	DEL	0.9927	-	0.4963
1	11935524	11940546	5022	ORYCO	0.9990	-	0.5717
1	11942573	11953083	10510	DEL	0.9920	-	0.9128
1	11955389	11959994	4605	ORYCO	0.9973	-	0.9296
1	11956969	11965619	8650	ANGELA	0.9950	-	0.7363
1	11956969	11965619	8650	ANGELA	0.9950	-	0.5534
1	11968641	11973753	5112	ALE	0.9991	-	0.3937
1	11986519	11992394	5875	BIANCA	0.9931	-	0.4641
1	11998079	12002541	4462	ALE	0.9912	-	0.9813
1	12006695	12012094	5399	BIANCA	0.9919	-	0.9600
1	12015213	12020742	5529	REINA	0.9977	-	0.6697
1	12028177	12033393	5216	ALE	0.9991	-	0.8033
1	12033421	12038817	5396	ALE	0.9975	-	0.9888
1	12039146	12043111	3965	ALE	0.9985	-	0.8017
1	12046016	12051979	5963	REINA	0.9998	-	0.6820
1	12039146	12043111	3965	ALE	0.9985	-	0.4845
1	12046016	12051979	5963	REINA	0.9998	-	0.6820
1	12052522	12056754	4232	ALE	0.9994	-	0.9647
1	12060696	12065783	5087	ALE	0.9990	-	0.9969
1	12063894	12068592	4698	ALE	0.9969	-	0.9961
1	12076140	12081676	5536	ORYCO	0.9958	-	0.8699
1	12083717	12090048	6331	ANGELA	0.9985	-	0.4940
1	12083717	12090048	6331	ANGELA	0.9985	-	0.4940
1	12089127	12094349	5222	ALE	0.9997	-	0.4628
1	12094955	12100324	5369	BIANCA	0.9901	-	0.4671
1	12109643	12120348	10705	ATHILA	0.9901	-	0.6167
1	12122611	12129596	6985	BIANCA	0.9994	-	0.2903
1	12122611	12129596	6985	BIANCA	0.9994	-	0.2903
1	12131467	12137650	6183	ALE	0.9947	-	0.9609
1	12136407	12142468	6061	ORYCO	0.9994	-	0.4319
1	12142055	12148226	6171	REINA	0.9998	-	0.3471
1	12152211	12158508	6297	REINA	0.9983	-	0.5993
1	12163859	12169864	6005	REINA	0.9946	-	0.5118
1	12163859	12169864	6005	REINA	0.9946	-	0.5118
1	12171927	12177859	5932	BIANCA	0.9942	-	0.4506
1	12184785	12189042	4257	ALE	0.9998	-	0.8025
1	12227071	12238634	11563	SIRE	0.9955	-	0.5070
1	12239084	12245362	6278	BIANCA	0.9959	-	0.8172
1	12243671	12250333	6662	ALE	0.9971	-	0.5822
1	12239084	12245362	6278	BIANCA	0.9959	-	0.9377
1	12243671	12250333	6662	ALE	0.9971	-	0.5822
1	12252289	12257847	5558	ALE	0.9984	-	0.6176
1	12263243	12268989	5746	ALE	0.9995	-	0.5138
1	12274370	12279311	4941	REINA	0.9924	-	0.9251
1	12278124	12287412	9288	ATHILA	0.9970	-	0.7318
1	12278124	12287412	9288	ATHILA	0.9970	-	0.9986
1	12300278	12306171	5893	ALE	0.9989	-	0.9208
1	12330864	12334838	3974	ALE	0.9993	-	0.4201
1	12339432	12344096	4664	ALE	0.9941	-	0.4778
1	12355675	12360881	5206	REINA	0.9922	-	0.5768
1	12371870	12378737	6867	BIANCA	0.9990	-	0.5359
1	12381906	12387282	5376	REINA	0.9909	-	0.5921
1	12395110	12400458	5348	TORK	0.9933	-	0.4667
1	12409047	12415411	6364	ALE	0.9995	-	0.9698
1	12420174	12425843	5669	REINA	0.9955	-	0.9364
1	12425884	12431582	5698	REINA	0.9929	-	0.4391
1	12430520	12435540	5020	ALE	0.9957	-	0.7214
1	12440594	12446668	6074	ALE	0.9999	-	0.5299
1	12445167	12450745	5578	ALE	0.9991	-	0.5920
1	12440594	12446668	6074	ALE	0.9999	-	0.9524
1	12445167	12450745	5578	ALE	0.9991	-	0.5920
1	12450246	12454830	4584	REINA	0.9979	-	0.9816
1	12453075	12461021	7946	CRM	0.9914	-	0.5979
1	12458847	12468243	9396	SIRE	0.9919	-	0.4452
1	12469589	12476080	6491	BIANCA	0.9988	-	0.7991
1	12483198	12489453	6255	ORYCO	0.9985	-	0.9944
1	12483198	12489453	6255	ORYCO	0.9985	-	0.9944
1	12499565	12504419	4854	ALE	0.9976	-	0.7844
1	12508531	12513427	4896	ORYCO	0.9996	-	0.9976
1	12521892	12528984	7092	BIANCA	0.9945	-	0.8474
1	12521892	12528984	7092	BIANCA	0.9945	-	0.8474
1	12527711	12534272	6561	BIANCA	0.9978	-	0.9749
1	12535453	12540601	5148	ALE	0.9980	-	0.5854
1	12541725	12547246	5521	ALE	0.9974	-	0.6456
1	12544799	12550889	6090	ALE	0.9986	-	0.7419
1	12553592	12558715	5123	ALE	0.9942	-	0.3916
1	12557410	12562980	5570	REINA	0.9997	-	0.3824
1	12561790	12566066	4276	ALE	0.9934	-	0.6254
1	12561790	12566066	4276	ALE	0.9934	-	0.6254
1	12575888	12581728	5840	TORK	0.9987	-	0.8283
1	12591431	12595937	4506	ORYCO	0.9983	-	0.4284
1	12599991	12605797	5806	ALE	0.9992	-	0.8116
1	12599991	12605797	5806	ALE	0.9992	-	0.5414
1	12623636	12629453	5817	BIANCA	0.9917	-	0.9866
1	12629007	12634698	5691	ALE	0.9995	-	0.9956
1	12639386	12649219	9833	TORK	0.9929	-	0.3227
1	12639386	12649219	9833	TORK	0.9929	-	0.9909
1	12647202	12652642	5440	ALE	0.9951	-	0.5519
1	12651319	12656240	4921	ALE	0.9958	-	0.9913
1	12683739	12689672	5933	BIANCA	0.9958	-	0.9481
1	12683739	12689672	5933	BIANCA	0.9958	-	0.9481
1	12688915	12694172	5257	ALE	0.9977	-	0.7392
1	12693335	12699123	5788	BIANCA	0.9908	-	0.5314
1	12698451	12704023	5572	BIANCA	0.9949	-	0.9085
1	12701079	12710366	9287	ANGELA	0.9983	-	0.5225
1	12711102	12717486	6384	ALE	0.9976	-	0.9603
1	12745160	12750188	5028	ALE	0.9993	-	0.7748
1	12747717	12757961	10244	SIRE	0.9914	-	0.4140
1	12755041	12759780	4739	REINA	0.9987	-	0.6385
1	12758953	12764399	5446	BIANCA	0.9932	-	0.5754
1	12758953	12764399	5446	BIANCA	0.9932	-	0.9855
1	12766456	12771717	5261	ALE	0.9995	-	0.9977
1	12770635	12775943	5308	BIANCA	0.9965	-	0.4199
1	12778544	12782962	4418	ALE	0.9949	-	0.9275
1	12782653	12789416	6763	BIANCA	0.9986	-	0.9690
1	12786823	12792363	5540	REINA	0.9989	-	0.9956
1	12795488	12799896	4408	BIANCA	0.9935	-	0.4492
1	12805047	12810505	5458	BIANCA	0.9992	-	0.7806
1	12805047	12810505	5458	BIANCA	0.9992	-	0.7806
1	12813622	12819085	5463	ALE	0.9990	-	0.5102
1	12819246	12825007	5761	ALE	0.9994	-	0.9835
1	12822720	12832376	9656	ATHILA	0.9973	-	0.6422
1	12834197	12838736	4539	ALE	0.9992	-	0.4196
1	12840358	12845887	5529	BIANCA	0.9954	-	0.8121
1	12840358	12845887	5529	BIANCA	0.9954	-	0.9934
1	12848407	12855532	7125	BIANCA	0.9982	-	0.3436
1	12856319	12861833	5514	BIANCA	0.9905	-	0.5316
1	12862975	12867621	4646	BIANCA	0.9950	-	0.8210
1	12881267	12886112	4845	TORK	0.9973	-	0.7011
1	12881267	12886112	4845	TORK	0.9973	-	0.6994
1	12898907	12904475	5568	REINA	0.9928	-	0.8294
1	12904940	12909994	5054	ORYCO	0.9995	-	0.8120
1	12920186	12926055	5869	BIANCA	0.9988	-	0.6866
1	12920186	12926055	5869	BIANCA	0.9988	-	0.3529
1	12927494	12933084	5590	ALE	0.9919	-	0.5442
1	12932792	12938354	5562	ALE	0.9951	-	0.9610
1	12937109	12944345	7236	TORK	0.9988	-	0.8624
1	12944631	12949587	4956	ALE	0.9972	-	0.8776
1	12955395	12961488	6093	BIANCA	0.9979	-	0.4834
1	12979055	12983576	4521	REINA	0.9957	-	0.6347
1	12987028	12991163	4135	BIANCA	0.9965	-	0.9628
1	12989945	12993707	3762	ALE	0.9957	-	0.8508
1	12994149	12998564	4415	BIANCA	0.9942	-	0.7875
1	12998632	13004675	6043	ALE	0.9996	-	0.9939
1	13008015	13013548	5533	TORK	0.9901	-	0.8141
1	13018789	13024612	5823	ALE	0.9920	-	0.5189
1	13028360	13033671	5311	ORYCO	0.9932	-	0.9931
1	13032314	13040970	8656	SIRE	0.9969	-	0.9471
1	13038787	13047707	8920	BIANCA	0.9949	-	0.5068
1	13043679	13052666	8987	DEL	0.9941	-	0.7707
1	13038787	13047707	8920	BIANCA	0.9949	-	0.7583
1	13043679	13052666	8987	DEL	0.9941	-	0.7707
1	13055929	13061268	5339	ALE	0.9970	-	0.6840
1	13068940	13074611	5671	BIANCA	0.9944	-	0.9595
1	13096735	13102522	5787	ALE	0.9912	-	0.4048
1	13100242	13105774	5532	ORYCO	0.9992	-	0.5974
1	13105905	13111287	5382	ALE	0.9934	-	0.9965
1	13112632	13117712	5080	BIANCA	0.9965	-	0.3117
1	13119704	13124868	5164	REINA	0.9969	-	0.9797
1	13122978	13127825	4847	REINA	1.0000	-	0.6792
1	13119704	13124868	5164	REINA	0.9969	-	0.5456
1	13122978	13127825	4847	REINA	1.0000	-	0.6792
1	13139215	13143891	4676	ALE	0.9981	-	0.3210
1	13150083	13156006	5923	BIANCA	0.9957	-	0.9063
1	13178894	13183955	5061	ALE	0.9922	-	0.8939
1	13184586	13190214	5628	ALE	0.9958	-	0.5001
1	13191710	13197968	6258	ORYCO	0.9992	-	0.9899
1	13196711	13201574	4863	BIANCA	0.9992	-	0.4010
1	13205849	13210434	4585	ALE	0.9970	-	0.4581
1	13205849	13210434	4585	ALE	0.9970	-	0.4581
1	13210021	13218687	8666	ATHILA	0.9973	-	0.9626
1	13229639	13236820	7181	BIANCA	0.9989	-	0.4558
1	13235966	13241558	5592	ALE	1.0000	-	0.7239
1	13243121	13248238	5117	ALE	0.9990	-	0.8242
1	13243121	13248238	5117	ALE	0.9990	-	0.8242
1	13247518	13254144	6626	ALE	0.9976	-	0.9152
1	13256306	13261213	4907	ALE	0.9984	-	0.7550
1	13285650	13292051	6401	BIANCA	0.9976	-	0.9941
1	13285650	13292051	6401	BIANCA	0.9976	-	0.9941
1	13288323	13298961	10638	ATHILA	0.9999	-	0.8874
1	13295613	13301016	5403	ALE	0.9917	-	0.4463
1	13309128	13314107	4979	REINA	0.9983	-	0.2746
1	13319533	13323943	4410	ALE	0.9995	-	0.4834
1	13319533	13323943	4410	ALE	0.9995	-	0.9253
1	13334327	13340723	6396	DEL	0.9979	-	0.4962
1	13364713	13369907	5194	BIANCA	0.9990	-	0.9393
1	13364713	13369907	5194	BIANCA	0.9990	-	0.9393
1	13368011	13373166	5155	BIANCA	0.9977	-	0.6674
1	13370958	13376662	5704	BIANCA	0.9954	-	0.9768
1	13376656	13383441	6785	BIANCA	0.9958	-	0.3988
1	13402708	13408237	5529	TORK	0.9971	-	0.4997
1	13402708	13408237	5529	TORK	0.9971	-	0.4997
1	13406388	13415865	9477	BIANCA	0.9953	-	0.9511
1	13422048	13427391	5343	BIANCA	0.9975	-	0.9190
1	13430327	13435452	5125	BIANCA	0.9976	-	0.9845
1	13437470	13442849	5379	REINA	0.9953	-	0.5274
1	13445574	13451647	6073	ALE	0.9971	-	0.4906
1	13445574	13451647	6073	ALE	0.9971	-	0.4906
1	13449239	13457987	8748	ATHILA	0.9910	-	0.7530
1	13457815	13462769	4954	REINA	0.9983	-	0.7235
1	13481236	13488093	6857	BIANCA	0.9911	-	0.4868
1	13481236	13488093	6857	BIANCA	0.9911	-	0.4867
1	13496052	13500871	4819	ALE	0.9997	-	0.8824
1	13498661	13503910	5249	ALE	0.9996	-	0.9587
1	13513177	13523387	10210	DEL	0.9953	-	0.9962
1	13523018	13527716	4698	ALE	0.9936	-	0.7568
1	13523018	13527716	4698	ALE	0.9936	-	0.7568
1	13531310	13537600	6290	REINA	0.9996	-	0.5976
1	13535808	13544823	9015	BIANCA	0.9986	-	0.5777
1	13552576	13558437	5861	ANGELA	0.9934	-	0.8436
1	13559825	13565460	5635	ALE	0.9995	-	0.3495
1	13565826	13571377	5551	ALE	0.9997	-	0.4754
1	13559825	13565460	5635	ALE	0.9995	-	0.8699
1	13565826	13571377	5551	ALE	0.9997	-	0.4754
1	13570435	13575403	4968	ALE	0.9960	-	0.9525
1	13588921	13595636	6715	ALE	0.9987	-	0.4071
1	13602102	13608081	5979	TORK	0.9902	-	0.8319
1	13602102	13608081	5979	TORK	0.9902	-	0.8319
1	13614139	13618990	4851	ORYCO	0.9914	-	0.5216
1	13618167	13623015	4848	REINA	0.9988	-	0.9292
1	13630135	13639696	9561	SIRE	0.9979	-	0.8063
1	13643759	13648759	5000	ALE	0.9999	-	0.8250
1	13643759	13648759	5000	ALE	0.9999	-	0.8250
1	13647335	13658345	11010	ANGELA	0.9974	-	0.8296
1	13655587	13661442	5855	ALE	0.9967	-	0.9839
1	13664035	13669609	5574	BIANCA	0.9947	-	0.6438
1	13678031	13685699	7668	CRM	0.9959	-	0.9833
1	13678031	13685699	7668	CRM	0.9959	-	0.9934
1	13701770	13707555	5785	TORK	0.9935	-	0.4840
1	13711699	13719178	7479	ALE	0.9927	-	0.5578
1	13724445	13730711	6266	ALE	0.9997	-	0.9689
1	13724445	13730711	6266	ALE	0.9997	-	0.9689
1	13729858	13736644	6786	TORK	0.9957	-	0.9873
1	13741401	13748039	6638	TORK	0.9981	-	0.5510
1	13745503	13751146	5643	BIANCA	0.9987	-	0.8977
1	13756197	13762432	6235	BIANCA	0.9979	-	0.6853
1	13760577	13766348	5771	ALE	0.9980	-	0.2332
1	13760577	13766348	5771	ALE	0.9980	-	0.4328
1	13783176	13796110	12934	TAT	0.9993	-	0.4759
1	13811447	13817023	5576	BIANCA	0.9909	-	0.4637
1	13818151	13823384	5233	BIANCA	0.9945	-	0.3868
1	13831550	13837583	6033	REINA	0.9987	-	0.6213
1	13847258	13852773	5515	ALE	0.9973	-	0.9261
1	13856079	13861153	5074	BIANCA	0.9983	-	0.9918
1	13864865	13871635	6770	BIANCA	0.9954	-	0.3304
1	13870724	13876079	5355	REINA	0.9996	-	0.7107
1	13873072	13881797	8725	BIANCA	0.9965	-	0.8530
1	13888853	13894017	5164	BIANCA	0.9963	-	0.8307
1	13899975	13904785	4810	ORYCO	0.9972	-	0.9757
1	13905999	13911894	5895	BIANCA	0.9911	-	0.6395
1	13924767	13933889	9122	BIANCA	0.9941	-	0.5419
1	13938767	13943919	5152	BIANCA	0.9978	-	0.4793
1	13959383	13965246	5863	ALE	0.9973	-	0.6888
1	13959383	13965246	5863	ALE	0.9973	-	0.8639
1	13979575	13984872	5297	ORYCO	0.9942	-	0.9433
1	14001670	14007247	5577	TORK	0.9905	-	0.3633
1	14001670	14007247	5577	TORK	0.9905	-	0.3633
1	14007659	14013227	5568	ALE	0.9954	-	0.5780
1	14011334	14015903	4569	ALE	0.9945	-	0.6543
1	14016943	14023128	6185	REINA	0.9990	-	0.5990
1	14023520	14029223	5703	BIANCA	0.9918	-	0.4866
1	14038823	14044853	6030	ALE	0.9999	-	0.9955
1	14045483	14050505	5022	ALE	0.9948	-	0.4597
1	14038823	14044853	6030	ALE	0.9999	-	0.4030
1	14045483	14050505	5022	ALE	0.9948	-	0.4597
1	14048605	14053357	4752	REINA	0.9980	-	0.4257
1	14064046	14068422	4376	ALE	0.9968	-	0.6434
1	14067723	14073379	5656	ALE	0.9974	-	0.9288
1	14084774	14091348	6574	ANGELA	0.9959	-	0.7156
1	14084774	14091348	6574	ANGELA	0.9959	-	0.7156
1	14090143	14099726	9583	ATHILA	0.9972	-	0.9845
1	14105042	14109257	4215	ALE	0.9939	-	0.9468
1	14108807	14115118	6311	BIANCA	0.9987	-	0.8380
1	14126953	14131952	4999	ALE	0.9954	-	0.2912
1	14132686	14138728	6042	ALE	0.9942	-	0.4232
1	14150740	14155006	4266	ALE	0.9951	-	0.9207
1	14169788	14175435	5647	ALE	0.9973	-	0.9551
1	14181035	14186398	5363	REINA	0.9999	-	0.5947
1	14187008	14193833	6825	REINA	0.9999	-	0.6394
1	14210772	14216464	5692	TORK	0.9956	-	0.9606
1	14217747	14228451	10704	SIRE	0.9943	-	0.8105
1	14268552	14274326	5774	BIANCA	0.9933	-	0.3823
1	14277162	14281860	4698	ALE	0.9942	-	0.7900
1	14294287	14297804	3517	ALE	0.9932	-	0.3131
1	14318705	14323718	5013	ALE	0.9978	-	0.4431
1	14324430	14329777	5347	BIANCA	0.9981	-	0.9609
1	14318705	14323718	5013	ALE	0.9978	-	0.9967
1	14324430	14329777	5347	BIANCA	0.9981	-	0.9609
1	14328048	14333773	5725	ALE	0.9973	-	0.4301
1	14339524	14347668	8144	DEL	0.9918	-	0.4302
1	14343636	14354895	11259	SIRE	0.9959	-	0.4150
1	14375213	14383775	8562	DEL	0.9988	-	0.5114
1	14438490	14442570	4080	ALE	0.9938	-	0.5462
1	14457195	14462708	5513	REINA	0.9939	-	0.8353
1	14462294	14473769	11475	DEL	0.9999	-	0.7121
1	14471660	14477453	5793	ALE	0.9985	-	0.8194
1	14482212	14487646	5434	REINA	0.9988	-	0.9459
1	14482212	14487646	5434	REINA	0.9988	-	0.9459
1	14496389	14502409	6020	REINA	0.9992	-	0.9988
1	14509132	14514505	5373	ALE	0.9998	-	0.5776
1	14543088	14548432	5344	ALE	0.9997	-	0.6244
1	14607699	14612969	5270	ALE	0.9994	-	0.6903
1	14670086	14676070	5984	REINA	0.9982	-	0.7182
1	14674084	14678138	4054	BIANCA	0.9942	-	0.8513
1	14680430	14685594	5164	ALE	0.9981	-	0.7752
1	14685448	14690742	5294	ALE	0.9942	-	0.4529
1	14680430	14685594	5164	ALE	0.9981	-	0.5381
1	14685448	14690742	5294	ALE	0.9942	-	0.4529
1	14690432	14696272	5840	ALE	0.9996	-	0.4896
1	14693897	14698531	4634	ALE	0.9972	-	0.8829
1	14699097	14704292	5195	ORYCO	0.9997	-	0.6865
1	14706480	14711280	4800	REINA	0.9975	-	0.6744
1	14711083	14716633	5550	TORK	0.9982	-	0.9418
1	14715988	14720568	4580	ALE	0.9989	-	0.9487
1	14721075	14727284	6209	ALE	0.9927	-	0.5440
1	14721075	14727284	6209	ALE	0.9927	-	0.5686
1	14727019	14732156	5137	ALE	0.9991	-	0.9125
1	14730655	14735884	5229	TORK	0.9951	-	0.7601
1	14735087	14741224	6137	ALE	1.0000	-	0.9242
1	14739199	14745236	6037	ALE	0.9993	-	0.9206
1	14814002	14820747	6745	CRM	0.9995	-	0.9680
1	14821103	14825980	4877	ALE	0.9919	-	0.5674
1	14832837	14838289	5452	TORK	0.9920	-	0.4303
1	14850493	14856242	5749	REINA	0.9989	-	0.9991
1	14859610	14865228	5618	BIANCA	0.9954	-	0.9412
1	14880780	14886852	6072	CRM	0.9992	-	0.5687
1	14885317	14891187	5870	ALE	0.9983	-	0.4942
1	14875439	14883016	7577	ATHILA	0.9915	-	0.4591
1	14880780	14886852	6072	CRM	0.9992	-	0.3357
1	14885317	14891187	5870	ALE	0.9983	-	0.4942
1	14894237	14899814	5577	REINA	0.9965	-	0.3443
1	14896047	14906893	10846	TAT	0.9927	-	0.9934
1	14906859	14913394	6535	ALE	0.9997	-	0.7529
1	14915707	14921080	5373	BIANCA	0.9949	-	0.9424
1	14926763	14931932	5169	ALE	0.9986	-	0.6249
1	14930749	14936531	5782	ALE	0.9926	-	0.3237
1	14936082	14941223	5141	ALE	0.9972	-	0.9863
1	14939762	14945158	5396	REINA	0.9997	-	0.9561
1	14946552	14951338	4786	REINA	0.9983	-	0.4994
1	14973574	14978549	4975	ALE	0.9932	-	0.6980
1	14976613	14983315	6702	ALE	0.9998	-	0.5913
1	14987052	14994164	7112	REINA	0.9995	-	0.8577
1	14994090	14998770	4680	ALE	0.9986	-	0.8165
1	15007950	15012686	4736	ORYCO	0.9987	-	0.9869
1	15010549	15016527	5978	REINA	0.9998	-	0.7128
1	15015511	15020587	5076	TORK	0.9956	-	0.3024
1	15020687	15026758	6071	ALE	0.9941	-	0.6528
1	15024056	15030021	5965	REINA	0.9991	-	0.9668
1	15028385	15033915	5530	ALE	0.9993	-	0.9564
1	15051687	15061558	9871	SIRE	0.9947	-	0.9544
1	15060550	15066657	6107	BIANCA	0.9913	-	0.5886
1	15072361	15082662	10301	ATHILA	0.9985	-	0.6650
1	15080068	15085889	5821	ALE	0.9976	-	0.4587
1	15083456	15090249	6793	ALE	0.9994	-	0.7317
1	15080068	15085889	5821	ALE	0.9976	-	0.9874
1	15083456	15090249	6793	ALE	0.9994	-	0.7317
1	15093630	15101972	8342	SIRE	0.9991	-	0.3861
1	15100774	15106709	5935	BIANCA	0.9962	-	0.4783
1	15103497	15112324	8827	BIANCA	0.9989	-	0.3125
1	15122504	15131283	8779	ATHILA	0.9953	-	0.6395
1	15122504	15131283	8779	ATHILA	0.9953	-	0.6395
1	15137350	15146186	8836	SIRE	0.9940	-	0.4670
1	15200633	15208926	8293	BIANCA	0.9966	-	0.4027
1	15200633	15208926	8293	BIANCA	0.9966	-	0.4941
1	15208042	15214501	6459	BIANCA	0.9990	-	0.3560
1	15224196	15228956	4760	REINA	0.9984	-	0.7460
1	15226318	15233984	7666	SIRE	0.9953	-	0.9882
1	15233136	15238623	5487	ALE	0.9943	-	0.8335
1	15239103	15243641	4538	REINA	0.9993	-	0.8992
1	15239103	15243641	4538	REINA	0.9993	-	0.9974
1	15255875	15265017	9142	SIRE	0.9986	-	0.7735
1	15266520	15275831	9311	SIRE	0.9958	-	0.6198
1	15275081	15280317	5236	REINA	0.9995	-	0.9251
1	15291712	15297908	6196	BIANCA	0.9963	-	0.9390
1	15308500	15314284	5784	REINA	0.9980	-	0.9309
1	15330139	15340031	9892	BIANCA	0.9950	-	0.9281
1	15340045	15348368	8323	ATHILA	0.9913	-	0.8089
1	15345321	15354482	9161	SIRE	0.9997	-	0.5776
1	15356934	15361686	4752	REINA	0.9991	-	0.6322
1	15360381	15369298	8917	SIRE	0.9990	-	0.5772
1	15360381	15369298	8917	SIRE	0.9990	-	0.3662
1	15384350	15393635	9285	SIRE	0.9980	-	0.9997
1	15412439	15418642	6203	ALE	0.9997	-	0.8293
1	15448758	15455200	6442	TORK	0.9955	-	0.8043
1	15458930	15463748	4818	ALE	0.9970	-	0.5324
1	15473593	15478152	4559	ALE	0.9951	-	0.7377
1	15479063	15484553	5490	BIANCA	0.9958	-	0.9432
1	15479063	15484553	5490	BIANCA	0.9958	-	0.3220
1	15488497	15493822	5325	BIANCA	0.9945	-	0.9517
1	15512617	15518821	6204	REINA	0.9999	-	0.5679
1	15525945	15530231	4286	REINA	0.9998	-	0.7958
1	15525945	15530231	4286	REINA	0.9998	-	0.7958
1	15539384	15543379	3995	ALE	0.9993	-	0.9863
1	15557128	15563131	6003	REINA	0.9977	-	0.4964
1	15565120	15570088	4968	ALE	0.9961	-	0.8724
1	15565120	15570088	4968	ALE	0.9961	-	0.8724
1	15587004	15593517	6513	REINA	0.9998	-	0.5701
1	15594152	15600152	6000	BIANCA	0.9942	-	0.7190
1	15601235	15607233	5998	REINA	0.9960	-	0.7258
1	15601235	15607233	5998	REINA	0.9960	-	0.7246
1	15610590	15617377	6787	REINA	0.9995	-	0.5362
1	15622194	15627465	5271	BIANCA	0.9957	-	0.7041
1	15624889	15631260	6371	BIANCA	0.9907	-	0.5123
1	15650542	15655358	4816	BIANCA	0.9928	-	0.6782
1	15655694	15661522	5828	ORYCO	0.9975	-	0.4831
1	15663782	15678474	14692	TAT	0.9957	-	0.8878
1	15673871	15682827	8956	TORK	0.9984	-	0.5412
1	15693267	15701537	8270	BIANCA	0.9951	-	0.3076
1	15714644	15720061	5417	BIANCA	0.9942	-	0.5095
1	15728630	15733553	4923	ALE	0.9996	-	0.9589
1	15739939	15749211	9272	SIRE	0.9902	-	0.6247
1	15752614	15765651	13037	SIRE	0.9993	-	0.8351
1	15761985	15767822	5837	ORYCO	0.9990	-	0.6932
1	15761985	15767822	5837	ORYCO	0.9990	-	0.6932
1	15779223	15785184	5961	ALE	0.9994	-	0.4905
1	15790038	15800339	10301	DEL	0.9947	-	0.4196
1	15805368	15810700	5332	ALE	0.9985	-	0.6925
1	15798326	15803664	5338	BIANCA	0.9989	-	0.5277
1	15805368	15810700	5332	ALE	0.9985	-	0.6925
1	15810306	15815598	5292	BIANCA	0.9964	-	0.7684
1	15826038	15836384	10346	DEL	0.9965	-	0.5847
1	15843453	15852451	8998	ATHILA	0.9973	-	0.9944
1	15843453	15852451	8998	ATHILA	0.9973	-	0.9944
1	15854497	15865325	10828	ATHILA	0.9966	-	0.7854
1	15864825	15870243	5418	REINA	0.9951	-	0.9950
1	15874128	15880124	5996	BIANCA	0.9952	-	0.8592
1	15886055	15898825	12770	DEL	0.9992	-	0.8176
1	15902472	15908439	5967	BIANCA	0.9973	-	0.9963
1	15909770	15922216	12446	ATHILA	0.9990	-	0.5431
1	15924856	15930557	5701	REINA	0.9956	-	0.9978
1	15924856	15930557	5701	REINA	0.9956	-	0.9978
1	15931635	15937390	5755	BIANCA	0.9923	-	0.9749
1	15940301	15946154	5853	ALE	0.9945	-	0.9552
1	15960620	15966419	5799	REINA	0.9949	-	0.5904
1	15965227	15970439	5212	BIANCA	0.9993	-	0.7661
1	15960620	15966419	5799	REINA	0.9949	-	0.8386
1	15965227	15970439	5212	BIANCA	0.9993	-	0.7661
1	15970514	15974954	4440	ALE	0.9945	-	0.9898
1	15985108	15989580	4472	ALE	0.9935	-	0.9066
1	15987777	15992954	5177	ALE	0.9986	-	0.8425
1	16004492	16010928	6436	ALE	0.9999	-	0.6515
1	16004492	16010928	6436	ALE	0.9999	-	0.6515
1	16023249	16028344	5095	ORYCO	0.9996	-	0.8973
1	16039691	16044429	4738	ALE	0.9992	-	0.8842
1	16042338	16047127	4789	BIANCA	0.9972	-	0.5579
1	16039691	16044429	4738	ALE	0.9992	-	0.3837
1	16042338	16047127	4789	BIANCA	0.9972	-	0.5579
1	16047782	16053184	5402	ORYCO	0.9986	-	0.7795
1	16053380	16058146	4766	BIANCA	0.9969	-	0.5190
1	16056900	16060578	3678	ORYCO	0.9992	-	0.7429
1	16078842	16087329	8487	BIANCA	0.9953	-	0.8583
1	16078842	16087329	8487	BIANCA	0.9953	-	0.4904
1	16087046	16095531	8485	SIRE	0.9924	-	0.4903
1	16097024	16109156	12132	SIRE	0.9991	-	0.5507
1	16117386	16121530	4144	ORYCO	0.9986	-	0.9424
1	16124238	16130557	6319	BIANCA	0.9995	-	0.8480
1	16124238	16130557	6319	BIANCA	0.9995	-	0.8480
1	16130387	16136587	6200	TORK	0.9916	-	0.5733
1	16139793	16145627	5834	BIANCA	0.9958	-	0.9907
1	16147026	16151861	4835	ALE	0.9990	-	0.5149
1	16153111	16159075	5964	ALE	0.9953	-	0.6367
1	16159482	16164863	5381	BIANCA	0.9962	-	0.9549
1	16165354	16171527	6173	ALE	0.9972	-	0.9709
1	16159482	16164863	5381	BIANCA	0.9962	-	0.9851
1	16165354	16171527	6173	ALE	0.9972	-	0.9709
1	16173027	16178116	5089	ALE	0.9979	-	0.8366
1	16176389	16181562	5173	ALE	0.9955	-	0.9104
1	16183116	16190112	6996	BIANCA	0.9997	-	0.8554
1	16213300	16218423	5123	BIANCA	0.9949	-	0.9096
1	16220487	16225991	5504	ALE	0.9921	-	0.8164
1	16226035	16231512	5477	BIANCA	0.9992	-	0.6555
1	16233705	16239002	5297	ALE	0.9972	-	0.4899
1	16237932	16249050	11118	BIANCA	0.9902	-	0.8458
1	16237932	16249050	11118	BIANCA	0.9902	-	0.3778
1	16249376	16254841	5465	REINA	0.9966	-	0.7760
1	16255024	16260608	5584	ALE	0.9975	-	0.4975
1	16275014	16281635	6621	ALE	0.9986	-	0.8459
1	16283131	16288106	4975	REINA	0.9993	-	0.3812
1	16283131	16288106	4975	REINA	0.9993	-	0.3812
1	16290777	16297691	6914	ALE	0.9996	-	0.2687
1	16298834	16304490	5656	ALE	0.9979	-	0.9647
1	16301785	16308744	6959	REINA	0.9997	-	0.6343
1	16309104	16314294	5190	REINA	0.9950	-	0.6145
1	16316434	16323022	6588	REINA	0.9994	-	0.9252
1	16328290	16333469	5179	ALE	0.9986	-	0.6913
1	16334414	16339678	5264	ALE	0.9941	-	0.9726
1	16341680	16346042	4362	ORYCO	0.9986	-	0.3637
1	16348369	16354666	6297	ALE	0.9990	-	0.5838
1	16359893	16365423	5530	ALE	0.9985	-	0.9711
1	16363051	16368954	5903	ALE	0.9925	-	0.7721
1	16359893	16365423	5530	ALE	0.9985	-	0.9891
1	16363051	16368954	5903	ALE	0.9925	-	0.7721
1	16386552	16392995	6443	ALE	0.9949	-	0.4187
1	16396514	16405489	8975	BIANCA	0.9927	-	0.8950
1	16418107	16422510	4403	ALE	0.9986	-	0.9900
1	16420089	16430476	10387	DEL	0.9974	-	0.9951
1	16448121	16452994	4873	ALE	0.9924	-	0.6284
1	16452876	16457742	4866	ALE	0.9970	-	0.7112
1	16455942	16461091	5149	REINA	0.9919	-	0.9986
1	16459543	16466405	6862	BIANCA	0.9913	-	0.8867
1	16464525	16468565	4040	ORYCO	0.9972	-	0.9932
1	16466945	16472592	5647	REINA	0.9999	-	0.8577
1	16473823	16479529	5706	ALE	0.9968	-	0.9668
1	16478454	16483688	5234	REINA	0.9942	-	0.8195
1	16482890	16487489	4599	REINA	0.9960	-	0.8965
1	16482890	16487489	4599	REINA	0.9960	-	0.8965
1	16496271	16500932	4661	ALE	0.9973	-	0.6024
1	16520099	16530301	10202	SIRE	0.9964	-	0.9183
1	16520099	16530301	10202	SIRE	0.9964	-	0.9539
1	16534762	16539618	4856	BIANCA	0.9958	-	0.3907
1	16541453	16547191	5738	BIANCA	0.9969	-	0.6986
1	16560514	16565117	4603	ALE	0.9985	-	0.9302
1	16564840	16568885	4045	ALE	0.9986	-	0.8550
1	16560514	16565117	4603	ALE	0.9985	-	0.5584
1	16564840	16568885	4045	ALE	0.9986	-	0.8550
1	16574255	16579353	5098	ALE	0.9945	-	0.3471
1	16591525	16597945	6420	REINA	0.9999	-	0.9012
1	16597103	16603528	6425	ALE	0.9904	-	0.7546
1	16600037	16610026	9989	SIRE	0.9966	-	0.4961
1	16600037	16610026	9989	SIRE	0.9966	-	0.9258
1	16619167	16624877	5710	ALE	0.9984	-	0.9287
1	16649031	16654674	5643	BIANCA	0.9991	-	0.9402
1	16656863	16662644	5781	BIANCA	1.0000	-	0.7227
1	16660424	16665132	4708	ALE	0.9984	-	0.5385
1	16671068	16675780	4712	ALE	0.9929	-	0.9780
1	16694088	16699604	5516	REINA	0.9983	-	0.6968
1	16700863	16705360	4497	ALE	0.9966	-	0.7708
1	16705905	16711014	5109	BIANCA	0.9934	-	0.8424
1	16713439	16718954	5515	BIANCA	0.9959	-	0.5478
1	16737464	16742804	5340	ALE	0.9913	-	0.4940
1	16743381	16748604	5223	REINA	0.9946	-	0.7178
1	16751136	16756542	5406	ALE	0.9947	-	0.9180
1	16754819	16759667	4848	TORK	0.9907	-	0.4391
1	16767537	16773329	5792	BIANCA	0.9977	-	0.5955
1	16773846	16778869	5023	BIANCA	0.9921	-	0.9179
1	16777364	16782276	4912	REINA	0.9977	-	0.3776
1	16809032	16813038	4006	ORYCO	0.9934	-	0.4322
1	16812038	16817918	5880	ALE	0.9997	-	0.5830
1	16815782	16821388	5606	ALE	0.9985	-	0.6132
1	16839076	16844832	5756	BIANCA	0.9964	-	0.8944
1	16839076	16844832	5756	BIANCA	0.9964	-	0.6140
1	16872719	16878438	5719	ALE	0.9946	-	0.5149
1	16878045	16886945	8900	DEL	0.9981	-	0.6242
1	16878045	16886945	8900	DEL	0.9981	-	0.7736
1	16909086	16913552	4466	ORYCO	0.9988	-	0.5150
1	16911425	16916580	5155	ALE	0.9987	-	0.8595
1	16916428	16922526	6098	ALE	0.9932	-	0.8046
1	16920427	16924606	4179	ALE	0.9983	-	0.6407
1	16925521	16931660	6139	REINA	0.9971	-	0.6327
1	16920427	16924606	4179	ALE	0.9983	-	0.8906
1	16925521	16931660	6139	REINA	0.9971	-	0.6327
1	16932374	16937489	5115	ALE	0.9947	-	0.9031
1	16938472	16944977	6505	REINA	0.9970	-	0.6029
1	16945720	16951186	5466	ALE	0.9938	-	0.6322
1	16963268	16968680	5412	BIANCA	0.9906	-	0.9467
1	16963268	16968680	5412	BIANCA	0.9906	-	0.9467
1	16983644	16989865	6221	BIANCA	0.9984	-	0.5456
1	16990391	16995926	5535	ALE	0.9909	-	0.9316
1	17001391	17007989	6598	BIANCA	0.9978	-	0.6074
1	17001391	17007989	6598	BIANCA	0.9978	-	0.6074
1	17004952	17014038	9086	ATHILA	0.9939	-	0.5547
1	17013348	17018432	5084	ALE	0.9901	-	0.4067
1	17026487	17032767	6280	REINA	0.9958	-	0.4817
1	17034409	17038584	4175	ALE	0.9998	-	0.8973
1	17046465	17052176	5711	BIANCA	0.9990	-	0.3777
1	17056119	17061792	5673	REINA	0.9957	-	0.7914
1	17068603	17073934	5331	BIANCA	0.9988	-	0.8954
1	17082055	17086915	4860	BIANCA	0.9967	-	0.4346
1	17082055	17086915	4860	BIANCA	0.9967	-	0.4346
1	17090156	17096736	6580	ALE	0.9920	-	0.6908
1	17094973	17105578	10605	DEL	0.9998	-	0.9915
1	17125373	17131323	5950	ALE	0.9978	-	0.9699
1	17125373	17131323	5950	ALE	0.9978	-	0.9699
1	17143679	17153004	9325	TORK	0.9966	-	0.8763
1	17153875	17164025	10150	TORK	0.9996	-	0.8698
1	17168027	17172864	4837	REINA	0.9975	-	0.6162
1	17179312	17189532	10220	ATHILA	0.9930	-	0.9291
1	17201827	17207795	5968	ALE	0.9949	-	0.7306
1	17201827	17207795	5968	ALE	0.9949	-	0.7306
1	17209849	17214628	4779	ALE	0.9972	-	0.9037
1	17213729	17218274	4545	ALE	0.9977	-	0.4145
1	17218378	17224298	5920	BIANCA	0.9996	-	0.9507
1	17224369	17229599	5230	BIANCA	0.9998	-	0.9867
1	17232357	17237207	4850	ALE	0.9990	-	0.9999
1	17234796	17241294	6498	ORYCO	0.9983	-	0.9885
1	17241931	17246754	4823	BIANCA	0.9925	-	0.9922
1	17241931	17246754	4823	BIANCA	0.9925	-	0.9922
1	17265573	17270836	5263	BIANCA	0.9979	-	0.3079
1	17270980	17276116	5136	ALE	0.9983	-	0.8334
1	17278718	17285823	7105	BIANCA	0.9920	-	0.4630
1	17278718	17285823	7105	BIANCA	0.9920	-	0.9967
1	17291613	17296420	4807	BIANCA	0.9923	-	0.8949
1	17295774	17307680	11906	TORK	0.9974	-	0.7502
1	17306266	17311235	4969	REINA	0.9973	-	0.6537
1	17310097	17316658	6561	BIANCA	0.9996	-	0.5245
1	17314019	17321068	7049	BIANCA	0.9984	-	0.4167
1	17327720	17333490	5770	TORK	0.9981	-	0.7092
1	17335115	17341569	6454	BIANCA	0.9983	-	0.4561
1	17343852	17349053	5201	ALE	0.9906	-	0.8849
1	17346959	17355787	8828	ANGELA	0.9942	-	0.7728
1	17360317	17366415	6098	ORYCO	0.9997	-	0.9868
1	17360317	17366415	6098	ORYCO	0.9997	-	0.6161
1	17375231	17380259	5028	ALE	0.9949	-	0.9591
1	17389362	17396513	7151	BIANCA	0.9983	-	0.6977
1	17410874	17419533	8659	ANGELA	0.9982	-	0.8900
1	17417262	17423255	5993	BIANCA	0.9959	-	0.8415
1	17426044	17431976	5932	ALE	0.9977	-	0.9861
1	17437551	17443498	5947	BIANCA	0.9951	-	0.5386
1	17442221	17447872	5651	ORYCO	0.9987	-	0.4529
1	17446312	17451794	5482	ORYCO	0.9926	-	0.9960
1	17442221	17447872	5651	ORYCO	0.9987	-	0.4529
1	17446312	17451794	5482	ORYCO	0.9926	-	0.9960
1	17456370	17462252	5882	BIANCA	0.9957	-	0.9935
1	17468858	17473661	4803	REINA	0.9993	-	0.3282
1	17473210	17479534	6324	ALE	0.9913	-	0.7869
1	17478685	17485177	6492	BIANCA	0.9983	-	0.5748
1	17482558	17488659	6101	ALE	0.9948	-	0.9134
1	17478685	17485177	6492	BIANCA	0.9983	-	0.7003
1	17482558	17488659	6101	ALE	0.9948	-	0.9134
1	17488103	17494012	5909	ALE	0.9999	-	0.5119
1	17504002	17509435	5433	ALE	0.9994	-	0.4247
1	17511011	17516275	5264	ALE	0.9979	-	0.4744
1	17540138	17545917	5779	TORK	0.9970	-	0.5577
1	17547289	17557189	9900	SIRE	0.9975	-	0.5546
1	17554693	17559546	4853	ALE	0.9911	-	0.8165
1	17561433	17566463	5030	ALE	0.9988	-	0.9919
1	17561433	17566463	5030	ALE	0.9988	-	0.9919
1	17582881	17589676	6795	TORK	0.9990	-	0.4389
1	17589679	17594074	4395	REINA	0.9979	-	0.7491
1	17594937	17601467	6530	TORK	0.9972	-	0.5768
1	17599675	17609393	9718	SIRE	0.9937	-	0.9039
1	17599675	17609393	9718	SIRE	0.9937	-	0.8480
1	17612229	17618484	6255	ALE	0.9901	-	0.9582
1	17629487	17635337	5850	ALE	0.9928	-	0.9795
1	17634477	17640203	5726	ALE	0.9975	-	0.3974
1	17641424	17651452	10028	SIRE	0.9921	-	0.4762
1	17641424	17651452	10028	SIRE	0.9921	-	0.4762
1	17656076	17665121	9045	ANGELA	0.9902	-	0.9283
1	17663312	17671453	8141	ATHILA	0.9921	-	0.9043
1	17671546	17683109	11563	TAT	0.9971	-	0.5224
1	17686422	17691353	4931	TORK	0.9982	-	0.4959
1	17686422	17691353	4931	TORK	0.9982	-	0.4959
1	17689701	17694757	5056	ALE	0.9969	-	0.8959
1	17704038	17708571	4533	ORYCO	0.9964	-	0.9184
1	17712584	17718427	5843	BIANCA	0.9950	-	0.7787
1	17719342	17731374	12032	TORK	0.9992	-	0.6044
1	17719342	17731374	12032	TORK	0.9992	-	0.5758
1	17753722	17758568	4846	BIANCA	0.9909	-	0.8580
1	17757583	17763754	6171	BIANCA	0.9983	-	0.5733
1	17771479	17777407	5928	ALE	0.9963	-	0.6004
1	17782451	17788715	6264	ALE	0.9967	-	0.6609
1	17792036	17796760	4724	ORYCO	0.9997	-	0.7393
1	17808286	17816483	8197	BIANCA	0.9937	-	0.7245
1	17844848	17850792	5944	TORK	0.9967	-	0.6966
1	17844848	17850792	5944	TORK	0.9967	-	0.6966
1	17851407	17857967	6560	REINA	0.9958	-	0.8264
1	17867286	17873214	5928	ALE	0.9987	-	0.6039
1	17871660	17877690	6030	ANGELA	0.9973	-	0.6593
1	17880139	17885367	5228	REINA	0.9906	-	0.6669
1	17880139	17885367	5228	REINA	0.9906	-	0.8245
1	17894096	17899194	5098	ALE	0.9995	-	0.6367
1	17900885	17911317	10432	ATHILA	0.9984	-	0.4200
1	17912565	17918729	6164	REINA	0.9988	-	0.9997
1	17919613	17925139	5526	ALE	0.9942	-	0.7566
1	17919613	17925139	5526	ALE	0.9942	-	0.6807
1	17927170	17934701	7531	BIANCA	0.9975	-	0.8149
1	17935682	17941299	5617	BIANCA	0.9965	-	0.5158
1	17940878	17946162	5284	ALE	0.9954	-	0.6646
1	17946908	17954274	7366	BIANCA	0.9924	-	0.8321
1	17964078	17972690	8612	DEL	0.9976	-	0.7328
1	17964078	17972690	8612	DEL	0.9976	-	0.7328
1	17973752	17980264	6512	ALE	0.9901	-	0.8557
1	17990617	17995784	5167	ORYCO	0.9973	-	0.3683
1	18003309	18008249	4940	ALE	0.9954	-	0.9199
1	18003309	18008249	4940	ALE	0.9954	-	0.9199
1	18006667	18015212	8545	BIANCA	0.9918	-	0.7177
1	18022400	18027067	4667	TORK	0.9951	-	0.5647
1	18024822	18031064	6242	REINA	0.9995	-	0.4039
1	18032986	18038223	5237	REINA	0.9995	-	0.8265
1	18038183	18044651	6468	ALE	0.9972	-	0.3355
1	18047500	18053164	5664	ALE	0.9979	-	0.4794
1	18057590	18067669	10079	ATHILA	0.9911	-	0.4855
1	18071442	18077349	5907	ALE	0.9964	-	0.4943
1	18082626	18086947	4321	ALE	0.9993	-	0.8139
1	18082626	18086947	4321	ALE	0.9993	-	0.8139
1	18087859	18093233	5374	ALE	0.9908	-	0.7357
1	18097782	18103193	5411	ALE	0.9927	-	0.5340
1	18113741	18120196	6455	CRM	0.9941	-	0.4244
1	18118566	18124283	5717	ALE	0.9981	-	0.9871
1	18121869	18128626	6757	BIANCA	0.9939	-	0.9361
1	18121869	18128626	6757	BIANCA	0.9939	-	0.9361
1	18126385	18132735	6350	ALE	0.9967	-	0.5157
1	18132464	18138089	5625	REINA	0.9971	-	0.5329
1	18135641	18141340	5699	BIANCA	0.9941	-	0.6575
1	18163180	18169169	5989	TORK	0.9901	-	0.9550
1	18163180	18169169	5989	TORK	0.9901	-	0.9550
1	18169428	18175600	6172	REINA	0.9946	-	0.3963
1	18183958	18188842	4884	ALE	0.9970	-	0.8857
1	18190686	18196994	6308	ALE	0.9984	-	0.4730
1	18199989	18205880	5891	ORYCO	0.9957	-	0.5046
1	18199989	18205880	5891	ORYCO	0.9957	-	0.9985
1	18211616	18217745	6129	ALE	0.9995	-	0.9519
1	18221358	18226909	5551	BIANCA	0.9906	-	0.4183
1	18235018	18239705	4687	ALE	0.9977	-	0.6208
1	18237553	18246211	8658	BIANCA	0.9955	-	0.8262
1	18244066	18249425	5359	ALE	0.9971	-	0.9181
1	18237553	18246211	8658	BIANCA	0.9955	-	0.7180
1	18244066	18249425	5359	ALE	0.9971	-	0.9181
1	18246885	18253784	6899	BIANCA	0.9902	-	0.6287
1	18254747	18259491	4744	BIANCA	0.9996	-	0.9840
1	18282932	18294106	11174	BIANCA	0.9938	-	0.9988
1	18282932	18294106	11174	BIANCA	0.9938	-	0.9988
1	18295420	18301297	5877	REINA	0.9955	-	0.6047
1	18307850	18313511	5661	ALE	0.9961	-	0.9987
1	18310975	18316796	5821	ALE	0.9960	-	0.8967
1	18315430	18320725	5295	ALE	0.9997	-	0.4462
1	18323866	18330046	6180	BIANCA	0.9968	-	0.4891
1	18323866	18330046	6180	BIANCA	0.9968	-	0.4891
1	18328188	18332943	4755	ALE	0.9991	-	0.5220
1	18337701	18342707	5006	ALE	0.9945	-	0.7001
1	18341748	18346882	5134	ALE	0.9995	-	0.4722
1	18353491	18359198	5707	ALE	0.9997	-	0.5026
1	18357442	18363195	5753	ALE	0.9946	-	0.9913
1	18364644	18373098	8454	TORK	0.9922	-	0.5541
1	18377635	18382284	4649	REINA	0.9929	-	0.8751
1	18384788	18390919	6131	REINA	0.9997	-	0.8616
1	18392538	18400710	8172	ATHILA	0.9917	-	0.6401
1	18403571	18408329	4758	ALE	0.9999	-	0.4907
1	18403571	18408329	4758	ALE	0.9999	-	0.4907
1	18407232	18412863	5631	BIANCA	0.9947	-	0.5047
1	18410530	18415200	4670	ALE	0.9993	-	0.8686
1	18422536	18427591	5055	ALE	0.9999	-	0.8758
1	18430863	18436519	5656	TORK	0.9958	-	0.9166
1	18452107	18456784	4677	ALE	0.9991	-	0.8959
1	18461079	18465953	4874	TORK	0.9927	-	0.8660
1	18471249	18476238	4989	ALE	0.9990	-	0.7803
1	18485671	18492817	7146	BIANCA	0.9910	-	0.5517
1	18490190	18495902	5712	REINA	0.9994	-	0.6950
1	18496330	18502561	6231	BIANCA	0.9943	-	0.9945
1	18503148	18508609	5461	ALE	0.9984	-	0.9853
1	18512046	18521823	9777	ANGELA	0.9969	-	0.5615
1	18518792	18525650	6858	BIANCA	0.9999	-	0.5395
1	18518792	18525650	6858	BIANCA	0.9999	-	0.6662
1	18529052	18533873	4821	BIANCA	0.9996	-	0.9788
1	18538275	18543903	5628	BIANCA	0.9910	-	0.4888
1	18547180	18552769	5589	REINA	0.9990	-	0.6321
1	18550464	18556590	6126	TORK	0.9971	-	0.9397
1	18558039	18563468	5429	ALE	0.9932	-	0.7892
1	18561987	18566923	4936	ALE	0.9992	-	0.9734
1	18561987	18566923	4936	ALE	0.9992	-	0.9734
1	18581451	18585268	3817	ALE	0.9988	-	0.4612
1	18599029	18603352	4323	ORYCO	0.9977	-	0.8592
1	18605555	18611925	6370	ALE	0.9942	-	0.9365
1	18605555	18611925	6370	ALE	0.9942	-	0.9365
1	18622682	18627834	5152	REINA	0.9926	-	0.5949
1	18640529	18646741	6212	ALE	0.9932	-	0.8009
1	18640529	18646741	6212	ALE	0.9932	-	0.5870
1	18649995	18659521	9526	DEL	0.9984	-	0.9927
1	18659251	18664779	5528	REINA	0.9999	-	0.3403
1	18663037	18667940	4903	REINA	0.9979	-	0.9550
1	18669728	18677512	7784	BIANCA	0.9959	-	0.9877
1	18678564	18686845	8281	BIANCA	0.9925	-	0.8949
1	18678564	18686845	8281	BIANCA	0.9925	-	0.6396
1	18691403	18696525	5122	ALE	0.9915	-	0.8570
1	18695235	18701547	6312	BIANCA	0.9988	-	0.4736
1	18701766	18708140	6374	ALE	0.9926	-	0.4146
1	18710662	18715564	4902	ALE	0.9951	-	0.4691
1	18742082	18746846	4764	ALE	0.9980	-	0.8868
1	18759671	18764466	4795	ALE	0.9941	-	0.7850
1	18764725	18769745	5020	ALE	0.9945	-	0.9140
1	18759671	18764466	4795	ALE	0.9941	-	0.7367
1	18764725	18769745	5020	ALE	0.9945	-	0.9140
1	18780714	18785906	5192	ALE	0.9910	-	0.9077
1	18787423	18793041	5618	ALE	0.9979	-	0.5368
1	18794604	18800286	5682	TORK	0.9956	-	0.2962
1	18800244	18806954	6710	BIANCA	0.9982	-	0.9863
1	18800244	18806954	6710	BIANCA	0.9982	-	0.8096
1	18811940	18817509	5569	ALE	0.9907	-	0.6870
1	18816167	18821112	4945	ALE	0.9979	-	0.8669
1	18821102	18827204	6102	ALE	0.9983	-	0.8381
1	18833441	18839124	5683	ALE	0.9978	-	0.3567
1	18854053	18859218	5165	ALE	0.9917	-	0.5412
1	18878303	18882832	4529	ALE	0.9925	-	0.5740
1	18883387	18888043	4656	ORYCO	0.9922	-	0.9624
1	18883387	18888043	4656	ORYCO	0.9922	-	0.9624
1	18888517	18893657	5140	ALE	0.9939	-	0.6512
1	18894986	18899812	4826	BIANCA	0.9979	-	0.6293
1	18909609	18915165	5556	ALE	0.9976	-	0.4577
1	18915388	18920513	5125	ALE	0.9978	-	0.8593
1	18930336	18935354	5018	BIANCA	0.9985	-	0.9582
1	18941764	18946845	5081	REINA	0.9982	-	0.8400
1	18957246	18962133	4887	BIANCA	0.9969	-	0.7329
1	18974597	18979708	5111	ALE	0.9986	-	0.6733
1	18980798	18990854	10056	TORK	0.9956	-	0.9805
1	18989991	18996381	6390	BIANCA	0.9974	-	0.8432
1	18999441	19004233	4792	ALE	0.9968	-	0.4296
1	18999441	19004233	4792	ALE	0.9968	-	0.4661
1	19008196	19014583	6387	ALE	0.9992	-	0.9922
1	19029798	19038960	9162	ATHILA	0.9948	-	0.7507
1	19039065	19045119	6054	ALE	0.9998	-	0.8465
1	19042753	19053201	10448	SIRE	0.9987	-	0.3630
1	19039065	19045119	6054	ALE	0.9998	-	0.6971
1	19042753	19053201	10448	SIRE	0.9987	-	0.3630
1	19065021	19074518	9497	BIANCA	0.9908	-	0.8341
1	19080880	19085541	4661	REINA	0.9984	-	0.8260
1	19080880	19085541	4661	REINA	0.9984	-	0.8282
1	19106157	19112228	6071	TORK	0.9993	-	0.3712
1	19112771	19117739	4968	REINA	0.9980	-	0.9871
1	19123712	19129878	6166	REINA	0.9993	-	0.5844
1	19123712	19129878	6166	REINA	0.9993	-	0.5844
1	19141677	19147152	5475	BIANCA	0.9940	-	0.8820
1	19144456	19151705	7249	ORYCO	0.9998	-	0.9045
1	19154343	19161116	6773	CRM	0.9907	-	0.6838
1	19160783	19166453	5670	ALE	0.9951	-	0.9877
1	19160783	19166453	5670	ALE	0.9951	-	0.9877
1	19168996	19173380	4384	BIANCA	0.9926	-	0.3169
1	19171864	19181324	9460	SIRE	0.9967	-	0.7009
1	19185903	19191693	5790	ALE	0.9997	-	0.6026
1	19200489	19205584	5095	TORK	0.9993	-	0.9820
1	19205133	19210464	5331	BIANCA	0.9988	-	0.4912
1	19200489	19205584	5095	TORK	0.9993	-	0.6759
1	19205133	19210464	5331	BIANCA	0.9988	-	0.4912
1	19215685	19221192	5507	BIANCA	0.9944	-	0.4841
1	19230264	19236256	5992	BIANCA	0.9980	-	0.9100
1	19239740	19244519	4779	ALE	0.9998	-	0.6626
1	19239740	19244519	4779	ALE	0.9998	-	0.9891
1	19267472	19272627	5155	ALE	0.9990	-	0.8160
1	19277580	19284086	6506	ALE	0.9902	-	0.7467
1	19289394	19295262	5868	TORK	0.9963	-	0.4208
1	19300837	19306365	5528	ORYCO	0.9980	-	0.6686
1	19304105	19308752	4647	ORYCO	0.9972	-	0.7753
1	19307190	19312876	5686	ALE	0.9976	-	0.6617
1	19312325	19317745	5420	ALE	0.9916	-	0.9973
1	19327930	19332966	5036	BIANCA	0.9976	-	0.5271
1	19349541	19354782	5241	BIANCA	0.9978	-	0.4915
1	19353996	19362221	8225	ANGELA	0.9927	-	0.4684
1	19364622	19369516	4894	ALE	0.9970	-	0.6832
1	19364622	19369516	4894	ALE	0.9970	-	0.6832
1	19369530	19374131	4601	ALE	0.9983	-	0.8119
1	19375345	19379697	4352	REINA	0.9964	-	0.8065
1	19379203	19384141	4938	ALE	0.9989	-	0.9897
1	19384599	19390255	5656	CRM	0.9995	-	0.8816
1	19412891	19417651	4760	ALE	0.9953	-	0.9991
1	19415703	19421065	5362	ALE	0.9970	-	0.5650
1	19426882	19433250	6368	ALE	0.9940	-	0.7485
1	19432684	19436889	4205	ALE	0.9964	-	0.4706
1	19445935	19451326	5391	ALE	0.9945	-	0.9658
1	19445935	19451326	5391	ALE	0.9945	-	0.9658
1	19456837	19462525	5688	ALE	0.9953	-	0.5778
1	19479199	19485157	5958	REINA	0.9932	-	0.8518
1	19486154	19491839	5685	ALE	0.9902	-	0.7830
1	19479199	19485157	5958	REINA	0.9932	-	0.8920
1	19486154	19491839	5685	ALE	0.9902	-	0.7830
1	19508297	19513980	5683	ALE	0.9989	-	0.9275
1	19513429	19518646	5217	BIANCA	0.9944	-	0.9795
1	19528193	19533752	5559	ORYCO	0.9967	-	0.3624
1	19532436	19537045	4609	BIANCA	0.9992	-	0.8794
1	19534941	19541004	6063	ALE	0.9944	-	0.9970
1	19541997	19549037	7040	BIANCA	0.9994	-	0.9881
1	19546992	19552590	5598	ALE	0.9995	-	0.6488
1	19557424	19561320	3896	ALE	0.9969	-	0.8975
1	19571383	19577198	5815	ALE	0.9979	-	0.8000
1	19585716	19591081	5365	REINA	0.9982	-	0.4792
1	19589145	19594389	5244	ALE	0.9993	-	0.6527
1	19592087	19602982	10895	DEL	0.9995	-	0.5407
1	19606015	19611760	5745	ALE	0.9963	-	0.9183
1	19606015	19611760	5745	ALE	0.9963	-	0.9183
1	19626194	19630634	4440	REINA	0.9995	-	0.5596
1	19631930	19636065	4135	ALE	0.9917	-	0.8768
1	19650903	19656422	5519	ORYCO	0.9910	-	0.2981
1	19656759	19661413	4654	ALE	0.9927	-	0.7071
1	19660838	19665833	4995	BIANCA	0.9990	-	0.9102
1	19671815	19677586	5771	BIANCA	0.9961	-	0.3382
1	19677441	19686040	8599	ANGELA	0.9931	-	0.9623
1	19685179	19690078	4899	ORYCO	0.9991	-	0.7539
1	19677441	19686040	8599	ANGELA	0.9931	-	0.7489
1	19685179	19690078	4899	ORYCO	0.9991	-	0.7539
1	19692566	19698070	5504	BIANCA	0.9961	-	0.4477
1	19697412	19703216	5804	BIANCA	0.9964	-	0.7420
1	19707125	19711919	4794	BIANCA	0.9999	-	0.9994
1	19711211	19715714	4503	REINA	0.9934	-	0.6306
1	19738071	19743129	5058	BIANCA	0.9918	-	0.3108
1	19759426	19763992	4566	ALE	0.9976	-	0.9591
1	19763148	19768453	5305	ALE	0.9932	-	0.5455
1	19759426	19763992	4566	ALE	0.9976	-	0.6281
1	19763148	19768453	5305	ALE	0.9932	-	0.5455
1	19769205	19774506	5301	ALE	0.9941	-	0.9088
1	19778432	19783367	4935	ALE	0.9991	-	0.4620
1	19782156	19790424	8268	DEL	0.9957	-	0.5785
1	19788662	19794078	5416	ALE	0.9980	-	0.6542
1	19793475	19799358	5883	ALE	0.9919	-	0.6325
1	19806440	19812561	6121	ALE	0.9963	-	0.9986
1	19813674	19819481	5807	REINA	0.9964	-	0.3709
1	19823744	19829514	5770	BIANCA	0.9971	-	0.9247
1	19839363	19845082	5719	REINA	0.9973	-	0.4211
1	19839363	19845082	5719	REINA	0.9973	-	0.9743
1	19846802	19851904	5102	ORYCO	0.9914	-	0.9214
1	19850571	19856519	5948	ALE	0.9917	-	0.6699
1	19853770	19859987	6217	ALE	0.9991	-	0.9683
1	19876896	19881756	4860	ALE	0.9997	-	0.5703
1	19885294	19890820	5526	ORYCO	0.9910	-	0.9967
1	19885294	19890820	5526	ORYCO	0.9910	-	0.9967
1	19897041	19901972	4931	REINA	0.9998	-	0.9443
1	19901916	19906548	4632	ALE	0.9993	-	0.9693
1	19914251	19919628	5377	ALE	0.9964	-	0.6396
1	19917450	19923261	5811	ALE	0.9928	-	0.2796
1	19929887	19935235	5348	REINA	0.9993	-	0.5187
1	19940225	19945570	5345	ALE	0.9995	-	0.7388
1	19947486	19953297	5811	REINA	0.9920	-	0.4581
1	19960049	19965761	5712	ALE	0.9948	-	0.8186
1	19960049	19965761	5712	ALE	0.9948	-	0.6891
1	19967409	19972724	5315	ALE	0.9990	-	0.6944
1	19972901	19978652	5751	ALE	0.9935	-	0.9441
1	19981952	19987833	5881	TORK	0.9916	-	0.6729
1	19986465	19993210	6745	BIANCA	0.9929	-	0.5557
1	19994544	20000392	5848	BIANCA	0.9998	-	0.8093
1	19999429	20006023	6594	TORK	0.9941	-	0.6853
1	19999429	20006023	6594	TORK	0.9941	-	0.6435
1	20009124	20013733	4609	ALE	0.9913	-	0.7541
1	20011360	20018067	6707	ALE	0.9935	-	0.6359
1	20016427	20022820	6393	ALE	0.9980	-	0.9203
1	20024502	20030573	6071	BIANCA	0.9932	-	0.9528
1	20029960	20035484	5524	ALE	0.9977	-	0.9582
1	20037514	20043104	5590	ALE	0.9993	-	0.3948
1	20050767	20057103	6336	BIANCA	0.9999	-	0.7701
1	20105402	20110485	5083	BIANCA	0.9985	-	0.3937
1	20111115	20117350	6235	BIANCA	0.9943	-	0.4076
1	20116203	20121505	5302	BIANCA	0.9940	-	0.4342
1	20121058	20129481	8423	BIANCA	0.9945	-	0.6371
1	20121058	20129481	8423	BIANCA	0.9945	-	0.7293
1	20130059	20135518	5459	TORK	0.9927	-	0.8847
1	20137589	20141956	4367	ORYCO	0.9939	-	0.4877
1	20149747	20154450	4703	ALE	0.9993	-	0.5064
1	20158658	20168251	9593	SIRE	0.9941	-	0.3621
1	20158658	20168251	9593	SIRE	0.9941	-	0.8454
1	20186197	20191578	5381	ALE	0.9937	-	0.7855
1	20218054	20222849	4795	ALE	0.9998	-	0.9439
1	20243248	20247716	4468	ALE	0.9989	-	0.8561
1	20243248	20247716	4468	ALE	0.9989	-	0.8561
1	20252889	20257931	5042	REINA	0.9993	-	0.8811
1	20256178	20261457	5279	ALE	0.9901	-	0.9961
1	20260261	20264774	4513	ALE	0.9961	-	0.5638
1	20263292	20269180	5888	TORK	0.9900	-	0.5001
1	20280722	20285805	5083	ALE	0.9997	-	0.4526
1	20280722	20285805	5083	ALE	0.9997	-	0.3219
1	20289002	20293582	4580	ORYCO	0.9978	-	0.5593
1	20298363	20304014	5651	BIANCA	0.9915	-	0.7416
1	20307534	20313070	5536	ALE	0.9944	-	0.3747
1	20312722	20322279	9557	DEL	0.9963	-	0.9356
1	20322857	20330055	7198	REINA	0.9996	-	0.3441
1	20322857	20330055	7198	REINA	0.9996	-	0.3441
1	20330265	20333889	3624	ALE	0.9992	-	0.7111
1	20333992	20340569	6577	ALE	0.9983	-	0.9698
1	20345138	20350681	5543	GALADRIEL	0.9981	-	0.9389
1	20350694	20356446	5752	REINA	0.9911	-	0.4198
1	20364971	20370470	5499	ALE	0.9934	-	0.9060
1	20364971	20370470	5499	ALE	0.9934	-	0.9060
1	20373479	20383250	9771	DEL	0.9903	-	0.9913
1	20385458	20397238	11780	DEL	0.9918	-	0.6669
1	20395593	20401003	5410	ALE	0.9981	-	0.4830
1	20413885	20419702	5817	ALE	0.9976	-	0.6778
1	20428948	20433581	4633	ALE	0.9984	-	0.4865
1	20431726	20436965	5239	ALE	0.9955	-	0.9556
1	20442263	20447386	5123	ALE	0.9986	-	0.5795
1	20442263	20447386	5123	ALE	0.9986	-	0.5795
1	20455993	20462076	6083	ALE	0.9984	-	0.7962
1	20459761	20464448	4687	ALE	0.9942	-	0.7514
1	20463298	20468987	5689	ALE	0.9945	-	0.7241
1	20469726	20475050	5324	REINA	0.9996	-	0.9213
1	20485437	20491718	6281	ALE	0.9996	-	0.4692
1	20485437	20491718	6281	ALE	0.9996	-	0.4692
1	20490084	20495724	5640	ALE	0.9951	-	0.5147
1	20496361	20501172	4811	REINA	0.9912	-	0.9156
1	20502330	20506988	4658	ALE	0.9952	-	0.4248
1	20508513	20513623	5110	BIANCA	0.9923	-	0.5209
1	20527690	20533187	5497	ALE	0.9927	-	0.9824
1	20536417	20541440	5023	ALE	0.9930	-	0.8806
1	20551834	20556671	4837	REINA	0.9994	-	0.9598
1	20559537	20565999	6462	ALE	0.9938	-	0.4917
1	20559537	20565999	6462	ALE	0.9938	-	0.9371
1	20568570	20574139	5569	BIANCA	0.9964	-	0.4893
1	20575806	20583532	7726	BIANCA	0.9957	-	0.9011
1	20593036	20604243	11207	ATHILA	0.9946	-	0.5184
1	20604974	20610735	5761	BIANCA	0.9923	-	0.8693
1	20604974	20610735	5761	BIANCA	0.9923	-	0.8693
1	20609072	20614491	5419	REINA	0.9967	-	0.4193
1	20616566	20625901	9335	ATHILA	0.9979	-	0.4176
1	20622598	20631259	8661	SIRE	0.9901	-	0.6023
1	20627894	20634173	6279	TORK	0.9904	-	0.4908
1	20632976	20643468	10492	SIRE	0.9917	-	0.7728
1	20639728	20650448	10720	DEL	0.9963	-	0.9202
1	20639728	20650448	10720	DEL	0.9963	-	0.8412
1	20663630	20668243	4613	ALE	0.9954	-	0.6106
1	20668253	20674519	6266	ALE	0.9978	-	0.9609
1	20675745	20680681	4936	ALE	0.9993	-	0.6248
1	20680736	20686125	5389	ORYCO	0.9999	-	0.7495
1	20680736	20686125	5389	ORYCO	0.9999	-	0.6099
1	20688131	20692472	4341	ORYCO	0.9977	-	0.8386
1	20690229	20696596	6367	BIANCA	1.0000	-	0.4627
1	20696320	20702603	6283	ALE	0.9947	-	0.5965
1	20701013	20706265	5252	ALE	0.9906	-	0.8845
1	20706182	20710244	4062	ALE	0.9991	-	0.7602
1	20709568	20715052	5484	ALE	0.9915	-	0.9252
1	20728897	20734543	5646	ALE	0.9918	-	0.8449
1	20736568	20742387	5819	BIANCA	0.9913	-	0.9341
1	20742418	20747588	5170	REINA	0.9989	-	0.3812
1	20748271	20754197	5926	ALE	0.9962	-	0.5672
1	20760358	20765408	5050	REINA	0.9990	-	0.9855
1	20760358	20765408	5050	REINA	0.9990	-	0.8665
1	20776462	20782056	5594	BIANCA	0.9917	-	0.6778
1	20786617	20802462	15845	DEL	0.9989	-	0.8295
1	20798705	20809083	10378	ATHILA	0.9982	-	0.5936
1	20806188	20811515	5327	BIANCA	0.9928	-	0.5255
1	20798705	20809083	10378	ATHILA	0.9982	-	0.6114
1	20806188	20811515	5327	BIANCA	0.9928	-	0.5255
1	20822454	20827240	4786	TORK	0.9969	-	0.9514
1	20826749	20831914	5165	TORK	0.9961	-	0.8398
1	20838583	20843933	5350	BIANCA	0.9970	-	0.6142
1	20838583	20843933	5350	BIANCA	0.9970	-	0.4559
1	20846906	20851759	4853	ALE	0.9995	-	0.7618
1	20859327	20865616	6289	BIANCA	0.9994	-	0.8804
1	20865919	20870960	5041	ALE	0.9996	-	0.7430
1	20872037	20878028	5991	BIANCA	0.9996	-	0.7661
1	20883722	20894013	10291	DEL	0.9901	-	0.8067
1	20883722	20894013	10291	DEL	0.9901	-	0.8067
1	20913837	20920540	6703	BIANCA	0.9991	-	0.6712
1	20919306	20926794	7488	ATHILA	0.9927	-	0.6835
1	20919306	20926794	7488	ATHILA	0.9927	-	0.6038
1	20935751	20941488	5737	ALE	0.9999	-	0.5415
1	20954513	20960351	5838	BIANCA	0.9953	-	0.9141
1	20962197	20967508	5311	REINA	0.9987	-	0.9983
1	20962197	20967508	5311	REINA	0.9987	-	0.9983
1	20975011	20980748	5737	ALE	0.9984	-	0.6616
1	21007704	21013291	5587	ALE	0.9956	-	0.9601
1	21012565	21017733	5168	ALE	0.9982	-	0.4941
1	21017139	21022975	5836	REINA	0.9995	-	0.8452
1	21042186	21047209	5023	ALE	0.9989	-	0.9711
1	21042186	21047209	5023	ALE	0.9989	-	0.9711
1	21046457	21052634	6177	BIANCA	0.9975	-	0.6310
1	21051039	21060331	9292	SIRE	0.9970	-	0.6560
1	21059677	21070216	10539	DEL	0.9934	-	0.6771
1	21074947	21081128	6181	BIANCA	0.9979	-	0.8672
1	21079067	21085576	6509	TORK	0.9917	-	0.9226
1	21083115	21093270	10155	ANGELA	0.9922	-	0.9782
1	21079067	21085576	6509	TORK	0.9917	-	0.9789
1	21083115	21093270	10155	ANGELA	0.9922	-	0.9782
1	21089741	21099260	9519	ATHILA	0.9989	-	0.6783
1	21112475	21116408	3933	ALE	0.9983	-	0.5171
1	21124841	21131244	6403	REINA	0.9941	-	0.4920
1	21124841	21131244	6403	REINA	0.9941	-	0.4920
1	21133412	21138447	5035	ALE	0.9949	-	0.9969
1	21139780	21145436	5656	BIANCA	0.9946	-	0.8774
1	21147893	21153832	5939	ALE	0.9921	-	0.9245
1	21151202	21157065	5863	REINA	0.9907	-	0.3848
1	21158567	21169279	10712	SIRE	0.9985	-	0.9744
1	21158567	21169279	10712	SIRE	0.9985	-	0.9077
1	21181150	21187309	6159	REINA	0.9915	-	0.3626
1	21189750	21195427	5677	ALE	0.9911	-	0.5065
1	21223304	21229045	5741	BIANCA	0.9972	-	0.8685
1	21235349	21240760	5411	BIANCA	0.9999	-	0.9744
1	21251931	21258256	6325	TORK	0.9933	-	0.6157
1	21255607	21260897	5290	REINA	0.9957	-	0.7417
1	21263905	21268765	4860	ALE	0.9996	-	0.6170
1	21270867	21276503	5636	ALE	0.9970	-	0.6874
1	21274441	21286725	12284	SIRE	0.9906	-	0.9536
1	21290474	21295939	5465	BIANCA	0.9945	-	0.3942
1	21338591	21346579	7988	BIANCA	0.9958	-	0.8174
1	21346076	21351010	4934	REINA	0.9988	-	0.7021
1	21347999	21357242	9243	SIRE	0.9956	-	0.4914
1	21362782	21369529	6747	BIANCA	0.9997	-	0.5281
1	21362782	21369529	6747	BIANCA	0.9997	-	0.5281
1	21373790	21378781	4991	ORYCO	0.9976	-	0.2971
1	21381042	21386887	5845	ALE	0.9993	-	0.9758
1	21387842	21392864	5022	BIANCA	0.9927	-	0.8896
1	21390700	21395337	4637	ALE	0.9986	-	0.8383
1	21399417	21404318	4901	ALE	0.9998	-	0.9926
1	21404258	21409438	5180	TORK	0.9982	-	0.9941
1	21399417	21404318	4901	ALE	0.9998	-	0.4996
1	21404258	21409438	5180	TORK	0.9982	-	0.9941
1	21410880	21416106	5226	REINA	0.9996	-	0.4168
1	21416123	21420780	4657	ALE	0.9939	-	0.6360
1	21427376	21432375	4999	ORYCO	0.9928	-	0.6827
1	21434540	21440182	5642	ORYCO	0.9995	-	0.8372
1	21458519	21467061	8542	ATHILA	0.9947	-	0.9630
1	21466492	21471031	4539	BIANCA	0.9993	-	0.6187
1	21471662	21477183	5521	BIANCA	0.9987	-	0.8889
1	21479884	21484630	4746	ALE	0.9917	-	0.9612
1	21479884	21484630	4746	ALE	0.9917	-	0.7852
1	21491250	21498376	7126	BIANCA	0.9929	-	0.8354
1	21517315	21522735	5420	ORYCO	0.9981	-	0.7821
1	21542548	21547682	5134	ALE	0.9927	-	0.5235
1	21549960	21555019	5059	REINA	0.9959	-	0.9861
1	21552963	21557977	5014	ORYCO	0.9995	-	0.2974
1	21561237	21566537	5300	ALE	0.9992	-	0.5603
1	21561237	21566537	5300	ALE	0.9992	-	0.5624
1	21570927	21576537	5610	BIANCA	0.9958	-	0.6077
1	21573183	21585884	12701	DEL	0.9946	-	0.8743
1	21582491	21586692	4201	ALE	0.9921	-	0.9721
1	21602687	21607262	4575	ALE	0.9982	-	0.6470
1	21602687	21607262	4575	ALE	0.9982	-	0.6470
1	21606776	21611127	4351	ALE	0.9957	-	0.5171
1	21620848	21626557	5709	ALE	0.9941	-	0.5268
1	21625582	21631307	5725	BIANCA	0.9998	-	0.3642
1	21638562	21644388	5826	REINA	0.9977	-	0.5443
1	21645144	21651582	6438	ALE	0.9985	-	0.3940
1	21638562	21644388	5826	REINA	0.9977	-	0.4866
1	21645144	21651582	6438	ALE	0.9985	-	0.3940
1	21649060	21654033	4973	BIANCA	0.9989	-	0.9050
1	21659478	21664270	4792	ALE	0.9977	-	0.9404
1	21671288	21676689	5401	BIANCA	0.9993	-	0.5106
1	21676793	21685555	8762	TORK	0.9937	-	0.4919
1	21690551	21695067	4516	ALE	0.9993	-	0.6787
1	21719536	21725414	5878	ALE	0.9996	-	0.4163
1	21723494	21727787	4293	REINA	0.9987	-	0.8846
1	21719536	21725414	5878	ALE	0.9996	-	0.9793
1	21723494	21727787	4293	REINA	0.9987	-	0.8846
1	21732098	21740250	8152	BIANCA	0.9959	-	0.8006
1	21748282	21752719	4437	BIANCA	0.9996	-	0.7051
1	21753163	21757580	4417	ALE	0.9998	-	0.8312
1	21760280	21765670	5390	BIANCA	0.9989	-	0.9915
1	21760280	21765670	5390	BIANCA	0.9989	-	0.4714
1	21775548	21780880	5332	ALE	0.9986	-	0.9961
1	21786812	21792057	5245	REINA	0.9997	-	0.9799
1	21791445	21796214	4769	ORYCO	0.9951	-	0.9346
1	21800701	21806753	6052	BIANCA	0.9948	-	0.9723
1	21800701	21806753	6052	BIANCA	0.9948	-	0.8989
1	21811046	21816688	5642	ALE	0.9984	-	0.4394
1	21821125	21826171	5046	TORK	0.9974	-	0.9350
1	21830323	21834717	4394	BIANCA	0.9954	-	0.9260
1	21860338	21866386	6048	REINA	0.9990	-	0.4415
1	21872415	21877631	5216	BIANCA	0.9997	-	0.8932
1	21876963	21881522	4559	ALE	0.9990	-	0.4882
1	21886059	21891369	5310	ALE	0.9988	-	0.3645
1	21886059	21891369	5310	ALE	0.9988	-	0.3645
1	21892186	21897846	5660	REINA	0.9921	-	0.9743
1	21903096	21909562	6466	ALE	0.9961	-	0.9431
1	21913976	21918679	4703	ALE	0.9992	-	0.7201
1	21917914	21923705	5791	ALE	0.9989	-	0.9998
1	21923625	21932072	8447	TORK	0.9934	-	0.6580
1	21923625	21932072	8447	TORK	0.9934	-	0.6580
1	21941968	21946037	4069	ALE	0.9967	-	0.4976
1	21948907	21957158	8251	TORK	0.9940	-	0.3562
1	21957521	21963283	5762	ALE	0.9927	-	0.7797
1	21964837	21970551	5714	ALE	0.9974	-	0.6542
1	21964837	21970551	5714	ALE	0.9974	-	0.6542
1	21978052	21983723	5671	BIANCA	0.9900	-	0.8980
1	21982959	21988493	5534	BIANCA	0.9986	-	0.3674
1	22000929	22010328	9399	TORK	0.9946	-	0.9995
1	22000929	22010328	9399	TORK	0.9946	-	0.9996
1	22012618	22017874	5256	ALE	0.9961	-	0.3332
1	22018094	22022672	4578	ALE	0.9989	-	0.8720
1	22021096	22027083	5987	ALE	0.9984	-	0.2542
1	22046300	22051148	4848	REINA	0.9978	-	0.5335
1	22046300	22051148	4848	REINA	0.9978	-	0.5335
1	22057122	22063009	5887	TORK	0.9993	-	0.3862
1	22061612	22066600	4988	ORYCO	0.9917	-	0.6701
1	22074222	22080692	6470	ALE	0.9974	-	0.6362
1	22078509	22086930	8421	BIANCA	0.9920	-	0.5430
1	22084650	22090028	5378	ALE	0.9973	-	0.9900
1	22078509	22086930	8421	BIANCA	0.9920	-	0.7989
1	22084650	22090028	5378	ALE	0.9973	-	0.9900
1	22088516	22097188	8672	DEL	0.9968	-	0.7013
1	22101110	22107993	6883	ALE	0.9994	-	0.8077
1	22115754	22123850	8096	BIANCA	0.9900	-	0.6129
1	22127703	22132752	5049	ALE	0.9977	-	0.9765
1	22133469	22138980	5511	ALE	0.9906	-	0.6080
1	22141796	22150504	8708	SIRE	0.9968	-	0.6937
1	22163558	22169024	5466	ALE	0.9945	-	0.8892
1	22163558	22169024	5466	ALE	0.9945	-	0.8892
1	22166914	22172750	5836	ALE	0.9986	-	0.9790
1	22191409	22195992	4583	ALE	0.9954	-	0.7307
1	22198056	22208969	10913	TAT	0.9963	-	0.4148
1	22198056	22208969	10913	TAT	0.9963	-	0.3088
1	22206688	22212280	5592	ALE	0.9948	-	0.9254
1	22208553	22220058	11505	SIRE	0.9979	-	0.9905
1	22217495	22224033	6538	REINA	0.9994	-	0.8687
1	22234200	22238599	4399	REINA	0.9976	-	0.9084
1	22238851	22243105	4254	REINA	0.9987	-	0.7869
1	22247577	22251594	4017	ALE	0.9932	-	0.4237
1	22254366	22261336	6970	REINA	0.9981	-	0.9304
1	22260493	22267102	6609	REINA	0.9969	-	0.7471
1	22264919	22273974	9055	ANGELA	0.9972	-	0.7186
1	22270659	22280041	9382	ATHILA	0.9967	-	0.8653
1	22285942	22291494	5552	ALE	0.9982	-	0.9505
1	22285942	22291494	5552	ALE	0.9982	-	0.9505
1	22291416	22296677	5261	ALE	0.9940	-	0.9321
1	22296764	22302460	5696	ALE	0.9969	-	0.3356
1	22330653	22342264	11611	DEL	0.9966	-	0.8512
1	22351255	22356001	4746	ALE	0.9995	-	0.4312
1	22366591	22373605	7014	BIANCA	0.9960	-	0.9210
1	22380253	22384277	4024	ALE	0.9996	-	0.9849
1	22384535	22390294	5759	ALE	0.9990	-	0.8724
1	22393875	22398568	4693	ALE	0.9995	-	0.9055
1	22419054	22424503	5449	ALE	0.9988	-	0.7398
1	22422284	22427876	5592	BIANCA	0.9941	-	0.6787
1	22426392	22431770	5378	REINA	0.9977	-	0.9400
1	22431492	22437322	5830	BIANCA	0.9925	-	0.9637
1	22441568	22447131	5563	BIANCA	0.9981	-	0.9925
1	22444693	22450455	5762	BIANCA	0.9963	-	0.7189
1	22441568	22447131	5563	BIANCA	0.9981	-	0.9925
1	22444693	22450455	5762	BIANCA	0.9963	-	0.7189
1	22448891	22458870	9979	DEL	0.9940	-	0.7546
1	22456805	22462986	6181	REINA	0.9984	-	0.6984
1	22474129	22483710	9581	ANGELA	0.9981	-	0.8789
1	22480394	22485812	5418	BIANCA	0.9992	-	0.9258
1	22484320	22489332	5012	ALE	0.9903	-	0.7548
1	22480394	22485812	5418	BIANCA	0.9992	-	0.3999
1	22484320	22489332	5012	ALE	0.9903	-	0.7548
1	22485878	22496642	10764	ATHILA	0.9936	-	0.5468
1	22516727	22522667	5940	ALE	0.9944	-	0.3515
1	22521125	22526940	5815	BIANCA	0.9995	-	0.7520
1	22521125	22526940	5815	BIANCA	0.9995	-	0.7513
1	22526531	22531733	5202	BIANCA	0.9906	-	0.6601
1	22544524	22550724	6200	ALE	0.9993	-	0.7541
1	22550876	22560023	9147	BIANCA	0.9967	-	0.7325
1	22561292	22566085	4793	ALE	0.9919	-	0.4732
1	22561292	22566085	4793	ALE	0.9919	-	0.4724
1	22569321	22574908	5587	ALE	0.9974	-	0.4649
1	22574960	22581068	6108	BIANCA	0.9983	-	0.7846
1	22584973	22590804	5831	ALE	0.9982	-	0.9406
1	22599992	22604186	4194	BIANCA	0.9937	-	0.9945
1	22601959	22607802	5843	ALE	0.9991	-	0.4461
1	22599992	22604186	4194	BIANCA	0.9937	-	0.9931
1	22601959	22607802	5843	ALE	0.9991	-	0.4461
1	22609766	22614696	4930	BIANCA	0.9905	-	0.5694
1	22621884	22628133	6249	BIANCA	0.9981	-	0.8842
1	22626170	22632242	6072	ALE	0.9998	-	0.9603
1	22632926	22637766	4840	BIANCA	0.9932	-	0.9570
1	22645849	22652480	6631	BIANCA	0.9927	-	0.9795
1	22650001	22659406	9405	DEL	0.9947	-	0.7063
1	22659655	22668290	8635	SIRE	0.9914	-	0.6416
1	22668295	22677272	8977	BIANCA	0.9951	-	0.5358
1	22682103	22693790	11687	BIANCA	0.9981	-	0.5292
1	22682103	22693790	11687	BIANCA	0.9981	-	0.5292
1	22701911	22707918	6007	ALE	0.9996	-	0.2985
1	22705435	22711876	6441	BIANCA	0.9990	-	0.4630
1	22735331	22741090	5759	REINA	0.9956	-	0.7917
1	22742323	22746662	4339	REINA	0.9981	-	0.8951
1	22755990	22759964	3974	ORYCO	0.9959	-	0.9833
1	22759799	22765315	5516	BIANCA	0.9976	-	0.9753
1	22766183	22771239	5056	ALE	0.9997	-	0.9995
1	22759799	22765315	5516	BIANCA	0.9976	-	0.9956
1	22766183	22771239	5056	ALE	0.9997	-	0.9995
1	22771183	22776467	5284	BIANCA	0.9946	-	0.7913
1	22788001	22794231	6230	ALE	0.9995	-	0.4638
1	22791967	22803966	11999	DEL	0.9984	-	0.3207
1	22824860	22835369	10509	SIRE	0.9976	-	0.6968
1	22843558	22849131	5573	BIANCA	0.9939	-	0.9042
1	22838860	22843478	4618	REINA	0.9998	-	0.9995
1	22843558	22849131	5573	BIANCA	0.9939	-	0.9042
1	22847964	22853282	5318	ORYCO	0.9989	-	0.9931
1	22870721	22878176	7455	ANGELA	0.9952	-	0.5718
1	22879259	22885923	6664	BIANCA	0.9993	-	0.8464
1	22879259	22885923	6664	BIANCA	0.9993	-	0.4206
1	22893076	22898537	5461	ALE	0.9954	-	0.3696
1	22909785	22914769	4984	REINA	0.9935	-	0.9655
1	22916354	22920991	4637	BIANCA	0.9942	-	0.5339
1	22939100	22944452	5352	BIANCA	0.9984	-	0.6300
1	22953773	22958994	5221	BIANCA	0.9966	-	0.4328
1	22966823	22971792	4969	ALE	0.9990	-	0.4518
1	22986636	22991609	4973	ALE	0.9970	-	0.4514
1	22992241	22998447	6206	ALE	0.9969	-	0.8119
1	22995992	23001953	5961	REINA	0.9900	-	0.5298
1	22999901	23008458	8557	BIANCA	0.9971	-	0.4997
1	22999901	23008458	8557	BIANCA	0.9971	-	0.6882
1	23022706	23027423	4717	ALE	0.9937	-	0.6161
1	23026046	23030764	4718	ALE	0.9989	-	0.4162
1	23043570	23047765	4195	ALE	0.9971	-	0.9386
1	23043570	23047765	4195	ALE	0.9971	-	0.9386
1	23056379	23061632	5253	ALE	0.9967	-	0.5973
1	23065540	23071491	5951	BIANCA	0.9997	-	0.5488
1	23072934	23078231	5297	ALE	0.9946	-	0.3489
1	23077643	23083548	5905	ALE	0.9980	-	0.4313
1	23082593	23089708	7115	DEL	0.9920	-	0.9040
1	23082593	23089708	7115	DEL	0.9920	-	0.9040
1	23088435	23093800	5365	BIANCA	0.9967	-	0.7067
1	23096569	23102397	5828	ALE	0.9981	-	0.8786
1	23110141	23114522	4381	ALE	0.9971	-	0.7370
1	23119769	23133622	13853	ATHILA	0.9921	-	0.6571
1	23119769	23133622	13853	ATHILA	0.9921	-	0.5929
1	23129550	23134445	4895	ALE	0.9992	-	0.8121
1	23135889	23141700	5811	ALE	0.9948	-	0.4990
1	23139674	23145020	5346	ALE	0.9923	-	0.7197
1	23148915	23154259	5344	ALE	0.9997	-	0.9582
1	23205196	23213804	8608	ATHILA	0.9953	-	0.3967
1	23214464	23220657	6193	ALE	0.9974	-	0.7628
1	23217982	23223426	5444	REINA	0.9992	-	0.8685
1	23229996	23235878	5882	REINA	0.9944	-	0.5832
1	23236398	23240441	4043	REINA	0.9992	-	0.3227
1	23253529	23262894	9365	BIANCA	0.9989	-	0.7595
1	23268439	23278275	9836	TORK	0.9965	-	0.3632
1	23286189	23292074	5885	ALE	0.9915	-	0.3560
1	23286189	23292074	5885	ALE	0.9915	-	0.3560
1	23289843	23297032	7189	BIANCA	0.9929	-	0.3589
1	23294676	23299737	5061	REINA	0.9995	-	0.8064
1	23299465	23305517	6052	TORK	0.9902	-	0.7740
1	23306723	23312253	5530	ALE	0.9973	-	0.2963
1	23332232	23337904	5672	BIANCA	0.9992	-	0.3484
1	23338450	23344939	6489	TORK	0.9979	-	0.9514
1	23343295	23349099	5804	ORYCO	0.9952	-	0.6216
1	23355195	23367538	12343	ATHILA	0.9990	-	0.8944
1	23363813	23370205	6392	ALE	0.9983	-	0.7610
1	23363813	23370205	6392	ALE	0.9983	-	0.7610
1	23378469	23384458	5989	BIANCA	0.9991	-	0.5573
1	23383992	23393521	9529	SIRE	0.9978	-	0.8993
1	23402536	23409014	6478	BIANCA	0.9991	-	0.5378
1	23402536	23409014	6478	BIANCA	0.9991	-	0.5378
1	23412254	23419490	7236	BIANCA	0.9919	-	0.8681
1	23418113	23423574	5461	REINA	0.9973	-	0.2760
1	23424569	23429179	4610	ALE	0.9919	-	0.9806
1	23441605	23446986	5381	TORK	0.9942	-	0.9497
1	23441605	23446986	5381	TORK	0.9942	-	0.9497
1	23446493	23452778	6285	ALE	0.9975	-	0.9933
1	23450366	23455729	5363	ORYCO	0.9952	-	0.6631
1	23456013	23462319	6306	ALE	0.9903	-	0.8130
1	23461462	23471597	10135	DEL	0.9983	-	0.9553
1	23480848	23487466	6618	ORYCO	0.9963	-	0.5361
1	23480848	23487466	6618	ORYCO	0.9963	-	0.7739
1	23494007	23500036	6029	ALE	0.9917	-	0.6290
1	23498518	23504159	5641	BIANCA	0.9979	-	0.5556
1	23507363	23511821	4458	BIANCA	0.9940	-	0.9299
1	23516892	23521995	5103	TORK	0.9920	-	0.5470
1	23527668	23540134	12466	SIRE	0.9921	-	0.9999
1	23540113	23544710	4597	ALE	0.9979	-	0.4033
1	23553941	23559425	5484	REINA	0.9999	-	0.5767
1	23571642	23577828	6186	BIANCA	0.9961	-	0.5961
1	23580867	23590494	9627	SIRE	0.9944	-	0.5685
1	23597844	23603624	5780	REINA	0.9983	-	0.3654
1	23608258	23614249	5991	ALE	0.9973	-	0.6022
1	23613045	23618919	5874	ALE	0.9925	-	0.7128
1	23635348	23642196	6848	ALE	0.9953	-	0.8987
1	23640267	23644806	4539	BIANCA	0.9920	-	0.4934
1	23643150	23653758	10608	SIRE	0.9963	-	0.8618
1	23640267	23644806	4539	BIANCA	0.9920	-	0.9855
1	23643150	23653758	10608	SIRE	0.9963	-	0.8618
1	23662659	23668921	6262	ORYCO	0.9963	-	0.6125
1	23665771	23675920	10149	ANGELA	0.9942	-	0.9410
1	23677050	23682610	5560	TORK	0.9910	-	0.9640
1	23690507	23696513	6006	ALE	0.9958	-	0.6299
1	23707890	23713394	5504	BIANCA	0.9951	-	0.5206
1	23715479	23720618	5139	ALE	0.9961	-	0.4339
1	23718462	23724160	5698	BIANCA	0.9988	-	0.5223
1	23727125	23736628	9503	SIRE	0.9977	-	0.8395
1	23735093	23741349	6256	ALE	0.9995	-	0.5972
1	23740514	23744883	4369	ALE	0.9998	-	0.5748
1	23744410	23749581	5171	ALE	0.9999	-	0.5710
1	23747606	23753280	5674	BIANCA	0.9942	-	0.9633
1	23762704	23771160	8456	ANGELA	0.9900	-	0.4490
1	23762704	23771160	8456	ANGELA	0.9900	-	0.4490
1	23769865	23775249	5384	ALE	0.9974	-	0.5959
1	23781691	23788012	6321	ALE	0.9999	-	0.4186
1	23791073	23796915	5842	REINA	0.9995	-	0.6883
1	23794242	23804606	10364	ATHILA	0.9964	-	0.9105
1	23817274	23822374	5100	ALE	0.9948	-	0.9954
1	23832086	23837578	5492	TORK	0.9963	-	0.4173
1	23835879	23840260	4381	BIANCA	0.9944	-	0.8760
1	23837341	23849597	12256	SIRE	0.9993	-	0.7974
1	23837341	23849597	12256	SIRE	0.9993	-	0.9498
1	23845906	23854677	8771	TORK	0.9919	-	0.3940
1	23854428	23859581	5153	ALE	0.9907	-	0.9174
1	23866157	23872118	5961	TORK	0.9954	-	0.8609
1	23891168	23897920	6752	REINA	0.9995	-	0.6540
1	23895679	23900814	5135	BIANCA	0.9979	-	0.9971
1	23898658	23904647	5989	ALE	0.9956	-	0.6955
1	23908281	23914224	5943	ALE	0.9982	-	0.9448
1	23927884	23933712	5828	ALE	0.9986	-	0.3854
1	23933993	23940209	6216	ALE	0.9939	-	0.9573
1	23937491	23943178	5687	BIANCA	0.9998	-	0.3217
1	23947918	23952962	5044	ALE	0.9954	-	0.3723
1	23963983	23967933	3950	ORYCO	0.9995	-	0.6575
1	23963983	23967933	3950	ORYCO	0.9995	-	0.6575
1	23970350	23975950	5600	REINA	0.9993	-	0.4569
1	23975585	23983074	7489	TORK	0.9907	-	0.9486
1	23986112	23991926	5814	BIANCA	0.9926	-	0.6027
1	23991724	23997465	5741	REINA	0.9948	-	0.6570
1	23993981	24003949	9968	SIRE	0.9957	-	0.7362
1	24002838	24008175	5337	ALE	0.9932	-	0.6526
1	24002838	24008175	5337	ALE	0.9932	-	0.6526
1	24007703	24013009	5306	ALE	0.9984	-	0.9901
1	24012762	24017069	4307	ORYCO	0.9971	-	0.8909
1	24024940	24030517	5577	ALE	0.9985	-	0.8549
1	24036537	24041634	5097	ALE	0.9963	-	0.8981
1	24042352	24046963	4611	ALE	0.9989	-	0.5548
1	24042352	24046963	4611	ALE	0.9989	-	0.5548
1	24057506	24063324	5818	REINA	0.9993	-	0.2468
1	24073647	24079281	5634	BIANCA	0.9981	-	0.5957
1	24082441	24089788	7347	ALE	0.9999	-	0.3516
1	24082441	24089788	7347	ALE	0.9999	-	0.3516
1	24097838	24103954	6116	ALE	0.9963	-	0.7015
1	24104280	24108654	4374	ALE	0.9999	-	0.6660
1	24110505	24115193	4688	ALE	0.9971	-	0.6586
1	24134915	24140109	5194	ALE	0.9974	-	0.9501
1	24138279	24147078	8799	ATHILA	0.9939	-	0.6271
1	24151664	24155417	3753	ORYCO	0.9979	-	0.6481
1	24162689	24169294	6605	TORK	0.9952	-	0.4737
1	24162689	24169294	6605	TORK	0.9952	-	0.4737
1	24169607	24173839	4232	ALE	1.0000	-	0.3639
1	24173401	24181330	7929	SIRE	0.9902	-	0.8251
1	24178517	24184597	6080	BIANCA	0.9998	-	0.5275
1	24189189	24194789	5600	ALE	0.9988	-	0.6337
1	24193996	24200899	6903	TORK	0.9994	-	0.6677
1	24200510	24206349	5839	ALE	0.9979	-	0.4709
1	24205732	24211622	5890	ALE	0.9999	-	0.4377
1	24200510	24206349	5839	ALE	0.9979	-	0.5551
1	24205732	24211622	5890	ALE	0.9999	-	0.4377
1	24210966	24215949	4983	ORYCO	0.9919	-	0.8682
1	24220282	24225861	5579	REINA	0.9995	-	0.4675
1	24224707	24229723	5016	REINA	0.9912	-	0.4973
1	24229389	24239542	10153	ATHILA	0.9964	-	0.7164
1	24238748	24244002	5254	ALE	0.9999	-	0.7957
1	24243511	24249126	5615	ALE	0.9947	-	0.8235
1	24243511	24249126	5615	ALE	0.9947	-	0.8235
1	24250296	24256150	5854	ALE	0.9974	-	0.4457
1	24275669	24281970	6301	ALE	0.9954	-	0.9267
1	24284523	24289524	5001	ALE	0.9985	-	0.7370
1	24284523	24289524	5001	ALE	0.9985	-	0.7370
1	24328763	24339171	10408	DEL	0.9928	-	0.9152
1	24343317	24349017	5700	ALE	0.9958	-	0.4049
1	24347137	24352769	5632	BIANCA	0.9955	-	0.4439
1	24383195	24388314	5119	BIANCA	0.9904	-	0.4097
1	24385919	24391206	5287	ALE	0.9965	-	0.9996
1	24390590	24396714	6124	BIANCA	0.9914	-	0.6709
1	24402318	24408270	5952	ALE	0.9990	-	0.6255
1	24402318	24408270	5952	ALE	0.9990	-	0.6255
1	24440823	24446753	5930	BIANCA	0.9920	-	0.7041
1	24440823	24446753	5930	BIANCA	0.9920	-	0.5391
1	24449199	24454835	5636	BIANCA	0.9917	-	0.9966
1	24452575	24458269	5694	ALE	0.9928	-	0.4118
1	24466467	24472962	6495	REINA	0.9998	-	0.9437
1	24470373	24475329	4956	BIANCA	0.9956	-	0.9755
1	24475904	24485882	9978	ANGELA	0.9924	-	0.8549
1	24486856	24496498	9642	SIRE	0.9937	-	0.5422
1	24513314	24518743	5429	REINA	0.9984	-	0.4379
1	24527687	24532284	4597	ALE	0.9998	-	0.8347
1	24571154	24580055	8901	ATHILA	0.9961	-	0.8573
1	24580191	24584970	4779	BIANCA	0.9953	-	0.3648
1	24619026	24624496	5470	TORK	0.9937	-	0.9415
1	24623401	24629846	6445	ALE	0.9999	-	0.9528
1	24635936	24646273	10337	DEL	0.9996	-	0.8954
1	24644218	24649143	4925	ALE	0.9964	-	0.8278
1	24644218	24649143	4925	ALE	0.9964	-	0.8278
1	24649459	24654878	5419	TORK	0.9931	-	0.7822
1	24657528	24664132	6604	REINA	0.9967	-	0.7362
1	24674061	24680743	6682	ALE	0.9902	-	0.5861
1	24690288	24695038	4750	ALE	0.9959	-	0.9047
1	24714576	24720197	5621	REINA	0.9997	-	0.9857
1	24732039	24737731	5692	BIANCA	0.9993	-	0.5584
1	24736487	24741304	4817	ALE	0.9958	-	0.8324
1	24744964	24750368	5404	ALE	0.9941	-	0.5203
1	24748519	24754416	5897	ALE	0.9936	-	0.7795
1	24759335	24767019	7684	BIANCA	0.9956	-	0.5267
1	24765926	24771259	5333	ALE	0.9937	-	0.5833
1	24759335	24767019	7684	BIANCA	0.9956	-	0.5897
1	24765926	24771259	5333	ALE	0.9937	-	0.5833
1	24775941	24780748	4807	ALE	0.9981	-	0.4465
1	24784602	24789244	4642	ALE	0.9999	-	0.8815
1	24800745	24805976	5231	REINA	0.9921	-	0.4898
1	24800745	24805976	5231	REINA	0.9921	-	0.3868
1	24805815	24814585	8770	ATHILA	0.9985	-	0.7295
1	24842739	24849293	6554	BIANCA	0.9998	-	0.5069
1	24842739	24849293	6554	BIANCA	0.9998	-	0.5069
1	24853686	24859487	5801	REINA	0.9974	-	0.9011
1	24860168	24865897	5729	REINA	0.9987	-	0.6884
1	24865075	24869993	4918	BIANCA	0.9977	-	0.8512
1	24876454	24882371	5917	BIANCA	0.9987	-	0.7286
1	24881124	24886888	5764	REINA	0.9992	-	0.9903
1	24884589	24888883	4294	REINA	0.9996	-	0.3047
1	24881124	24886888	5764	REINA	0.9992	-	0.9906
1	24884589	24888883	4294	REINA	0.9996	-	0.3047
1	24888625	24893924	5299	REINA	0.9974	-	0.5022
1	24903092	24907970	4878	ALE	0.9993	-	0.4408
1	24906904	24913109	6205	ALE	0.9953	-	0.4689
1	24917546	24923539	5993	ORYCO	0.9983	-	0.4095
1	24924329	24929334	5005	BIANCA	0.9969	-	0.8563
1	24924329	24929334	5005	BIANCA	0.9969	-	0.8563
1	24927007	24932394	5387	BIANCA	0.9934	-	0.9433
1	24932768	24937423	4655	ALE	0.9931	-	0.3270
1	24944717	24950722	6005	REINA	0.9998	-	0.5099
1	24952304	24958195	5891	BIANCA	0.9935	-	0.3838
1	24971931	24977755	5824	ALE	0.9987	-	0.6696
1	24980925	24989947	9022	ANGELA	0.9960	-	0.2879
1	24995057	25003529	8472	SIRE	0.9982	-	0.5218
1	25000332	25006378	6046	ALE	0.9940	-	0.2844
1	25000332	25006378	6046	ALE	0.9940	-	0.5462
1	25021238	25026028	4790	BIANCA	0.9925	-	0.7877
1	25032791	25037343	4552	ALE	0.9987	-	0.6152
1	25040695	25046790	6095	REINA	0.9999	-	0.9909
1	25040695	25046790	6095	REINA	0.9999	-	0.9912
1	25049555	25054454	4899	ALE	0.9988	-	0.4397
1	25054319	25060161	5842	BIANCA	0.9962	-	0.6740
1	25063012	25067966	4954	ALE	0.9969	-	0.7061
1	25073509	25083835	10326	SIRE	0.9925	-	0.5590
1	25085763	25090008	4245	ORYCO	0.9932	-	0.5349
1	25085763	25090008	4245	ORYCO	0.9932	-	0.5349
1	25089305	25100705	11400	TAT	0.9946	-	0.6121
1	25103287	25113444	10157	ATHILA	0.9926	-	0.8059
1	25123647	25131030	7383	BIANCA	0.9930	-	0.3968
1	25123647	25131030	7383	BIANCA	0.9930	-	0.3968
1	25128016	25134203	6187	ORYCO	0.9952	-	0.7984
1	25134767	25140609	5842	ALE	0.9996	-	0.9889
1	25138621	25144984	6363	REINA	0.9954	-	0.9206
1	25147208	25153127	5919	BIANCA	0.9981	-	0.4848
1	25158108	25163250	5142	ALE	0.9948	-	0.5537
1	25173745	25183001	9256	SIRE	0.9959	-	0.4751
1	25199642	25205302	5660	ANGELA	0.9993	-	0.4874
1	25199642	25205302	5660	ANGELA	0.9993	-	0.7163
1	25217277	25222720	5443	REINA	0.9975	-	0.8775
1	25222348	25228007	5659	REINA	0.9986	-	0.4886
1	25225501	25231511	6010	TORK	0.9938	-	0.4335
1	25235495	25241911	6416	REINA	0.9995	-	0.6679
1	25239350	25244582	5232	BIANCA	0.9940	-	0.4642
1	25244208	25249200	4992	ALE	0.9979	-	0.9372
1	25239350	25244582	5232	BIANCA	0.9940	-	0.5211
1	25244208	25249200	4992	ALE	0.9979	-	0.9372
1	25253677	25258833	5156	ALE	0.9991	-	0.7656
1	25263368	25272662	9294	SIRE	0.9954	-	0.5813
1	25276219	25285728	9509	SIRE	0.9918	-	0.4663
1	25295500	25301774	6274	BIANCA	0.9960	-	0.6798
1	25299061	25307453	8392	SIRE	0.9944	-	0.5240
1	25313123	25317922	4799	REINA	0.9965	-	0.9630
1	25324395	25329889	5494	REINA	0.9997	-	0.6920
1	25324395	25329889	5494	REINA	0.9997	-	0.6920
1	25328173	25333736	5563	REINA	1.0000	-	0.6466
1	25334698	25340351	5653	BIANCA	0.9961	-	0.7818
1	25348209	25353607	5398	ALE	0.9993	-	0.5434
1	25361383	25366331	4948	ALE	0.9957	-	0.5275
1	25361383	25366331	4948	ALE	0.9957	-	0.5275
1	25372014	25376799	4785	REINA	0.9995	-	0.4532
1	25381744	25386513	4769	ALE	0.9992	-	0.7693
1	25393896	25398525	4629	BIANCA	0.9967	-	0.8065
1	25396325	25401871	5546	REINA	0.9995	-	0.8874
1	25407225	25412631	5406	TORK	0.9942	-	0.9791
1	25413090	25418761	5671	ALE	0.9978	-	0.6798
1	25428618	25432464	3846	ALE	0.9932	-	0.9835
1	25430480	25438630	8150	ATHILA	0.9918	-	0.8289
1	25440344	25445719	5375	ALE	0.9991	-	0.7882
1	25440344	25445719	5375	ALE	0.9991	-	0.9846
1	25447527	25456674	9147	BIANCA	0.9913	-	0.4787
1	25454412	25460440	6028	ALE	0.9965	-	0.7697
1	25463501	25469612	6111	ALE	0.9962	-	0.7107
1	25468356	25473986	5630	BIANCA	0.9965	-	0.3748
1	25486128	25490339	4211	BIANCA	0.9955	-	0.4791
1	25486128	25490339	4211	BIANCA	0.9955	-	0.4791
1	25489449	25495245	5796	BIANCA	0.9933	-	0.5246
1	25492953	25505374	12421	SIRE	0.9962	-	0.7918
1	25517421	25523109	5688	BIANCA	0.9945	-	0.8963
1	25528797	25538085	9288	DEL	0.9908	-	0.8416
1	25535714	25540192	4478	ALE	0.9977	-	0.4683
1	25539050	25545446	6396	BIANCA	0.9988	-	0.9117
1	25541853	25553240	11387	DEL	0.9912	-	0.8435
1	25552256	25557311	5055	REINA	0.9984	-	0.9881
1	25558832	25566995	8163	BIANCA	0.9960	-	0.9884
1	25558832	25566995	8163	BIANCA	0.9960	-	0.7843
1	25571228	25576563	5335	BIANCA	0.9925	-	0.8653
1	25580547	25585467	4920	ALE	0.9981	-	0.6483
1	25593905	25599881	5976	ALE	0.9955	-	0.4261
1	25600939	25605165	4226	ORYCO	0.9916	-	0.9135
1	25600939	25605165	4226	ORYCO	0.9916	-	0.8903
1	25608289	25613761	5472	ALE	0.9961	-	0.9582
1	25615548	25620821	5273	ALE	0.9998	-	0.9350
1	25623907	25629645	5738	REINA	0.9936	-	0.9557
1	25629352	25635487	6135	ALE	0.9964	-	0.6658
1	25635200	25640599	5399	ALE	0.9916	-	0.9889
1	25639540	25643998	4458	ALE	0.9977	-	0.5013
1	25642220	25648069	5849	REINA	0.9999	-	0.7735
1	25639540	25643998	4458	ALE	0.9977	-	0.8738
1	25642220	25648069	5849	REINA	0.9999	-	0.7735
1	25646413	25652259	5846	ALE	0.9948	-	0.8384
1	25662268	25667345	5077	ALE	0.9953	-	0.6166
1	25668831	25673466	4635	ALE	0.9999	-	0.4605
1	25672119	25682832	10713	DEL	0.9970	-	0.6920
1	25686080	25691935	5855	ALE	0.9932	-	0.8883
1	25686080	25691935	5855	ALE	0.9932	-	0.8883
1	25690792	25696029	5237	ALE	0.9975	-	0.3743
1	25700414	25706286	5872	ALE	0.9980	-	0.8962
1	25709530	25714917	5387	BIANCA	0.9971	-	0.9808
1	25717886	25723595	5709	ALE	0.9999	-	0.9970
1	25726024	25730981	4957	TORK	0.9972	-	0.3838
1	25726024	25730981	4957	TORK	0.9972	-	0.3838
1	25738414	25744386	5972	ALE	0.9985	-	0.4836
1	25743281	25748506	5225	BIANCA	0.9990	-	0.7230
1	25750691	25756880	6189	REINA	0.9968	-	0.5384
1	25759058	25768585	9527	SIRE	0.9989	-	0.6622
1	25759058	25768585	9527	SIRE	0.9989	-	0.9914
1	25770358	25774553	4195	ALE	0.9992	-	0.9379
1	25786389	25791925	5536	ALE	0.9997	-	0.8828
1	25793442	25797660	4218	BIANCA	0.9998	-	0.9936
1	25795739	25801511	5772	ORYCO	0.9981	-	0.9189
1	25798952	25804773	5821	BIANCA	0.9996	-	0.8315
1	25802951	25808688	5737	ALE	0.9992	-	0.8904
1	25798952	25804773	5821	BIANCA	0.9996	-	0.9078
1	25802951	25808688	5737	ALE	0.9992	-	0.8904
1	25806231	25812296	6065	ALE	0.9925	-	0.9764
1	25809767	25815290	5523	ALE	0.9977	-	0.9056
1	25813973	25820214	6241	ALE	0.9959	-	0.5641
1	25827316	25832774	5458	ORYCO	0.9998	-	0.6971
1	25834594	25840567	5973	ALE	0.9975	-	0.9070
1	25839201	25844511	5310	REINA	0.9976	-	0.5409
1	25842012	25847625	5613	TORK	0.9928	-	0.5756
1	25845605	25851229	5624	ORYCO	0.9989	-	0.3974
1	25839201	25844511	5310	REINA	0.9976	-	0.9815
1	25842012	25847625	5613	TORK	0.9928	-	0.5756
1	25845605	25851229	5624	ORYCO	0.9989	-	0.3974
1	25859563	25870415	10852	SIRE	0.9987	-	0.7000
1	25867638	25872505	4867	ALE	0.9988	-	0.8129
1	25886506	25892461	5955	TORK	0.9934	-	0.4953
1	25893169	25898935	5766	REINA	0.9961	-	0.5175
1	25911397	25916038	4641	REINA	0.9994	-	0.9424
1	25918010	25922434	4424	ALE	0.9938	-	0.9730
1	25921621	25927230	5609	ALE	0.9979	-	0.8418
1	25926490	25931433	4943	BIANCA	0.9921	-	0.8111
1	25921621	25927230	5609	ALE	0.9979	-	0.8418
1	25935137	25942395	7258	ANGELA	0.9908	-	0.9979
1	25947745	25953474	5729	REINA	0.9992	-	0.6175
1	25951453	25956961	5508	REINA	0.9929	-	0.7800
1	25958197	25964332	6135	BIANCA	0.9994	-	0.6751
1	25961924	25968119	6195	TORK	0.9966	-	0.4463
1	25961924	25968119	6195	TORK	0.9966	-	0.4463
1	25978503	25987377	8874	TORK	0.9963	-	0.7459
1	25988403	25993672	5269	ALE	0.9995	-	0.7551
1	25992371	25997015	4644	ALE	0.9998	-	0.5966
1	25995210	26000847	5637	REINA	0.9919	-	0.6887
1	26000972	26005656	4684	ALE	0.9991	-	0.9701
1	26000972	26005656	4684	ALE	0.9991	-	0.7816
1	26009088	26014821	5733	ALE	0.9958	-	0.6216
1	26014419	26019429	5010	ALE	0.9951	-	0.6918
1	26050509	26055522	5013	BIANCA	0.9931	-	0.9909
1	26055879	26061484	5605	ALE	0.9984	-	0.5166
1	26061416	26066245	4829	ALE	0.9986	-	0.8387
1	26067438	26073342	5904	ANGELA	0.9970	-	0.8638
1	26073992	26078667	4675	ALE	0.9948	-	0.8677
1	26076913	26082343	5430	BIANCA	0.9971	-	0.4857
1	26086043	26091770	5727	BIANCA	0.9967	-	0.9877
1	26103909	26109555	5646	BIANCA	0.9980	-	0.5727
1	26109276	26114409	5133	TORK	0.9941	-	0.7204
1	26113714	26119925	6211	ALE	0.9992	-	0.9723
1	26124666	26129843	5177	REINA	0.9990	-	0.7845
1	26124666	26129843	5177	REINA	0.9990	-	0.7845
1	26128414	26132924	4510	ALE	0.9940	-	0.5923
1	26138850	26143816	4966	BIANCA	0.9993	-	0.6756
1	26145846	26151969	6123	BIANCA	0.9978	-	0.9887
1	26151070	26156819	5749	ALE	0.9996	-	0.9431
1	26154839	26159067	4228	ALE	0.9962	-	0.6206
1	26158285	26163836	5551	ALE	0.9991	-	0.9158
1	26161759	26167804	6045	BIANCA	0.9995	-	0.9076
1	26166078	26171814	5736	BIANCA	0.9967	-	0.8576
1	26161759	26167804	6045	BIANCA	0.9995	-	0.9076
1	26166078	26171814	5736	BIANCA	0.9967	-	0.8576
1	26177209	26184140	6931	REINA	0.9911	-	0.5863
1	26184459	26189950	5491	ORYCO	0.9915	-	0.8710
1	26196466	26202114	5648	ALE	0.9996	-	0.8535
1	26202396	26208226	5830	BIANCA	0.9996	-	0.7638
1	26202396	26208226	5830	BIANCA	0.9996	-	0.7638
1	26211530	26216911	5381	ALE	0.9960	-	0.9860
1	26218790	26225006	6216	BIANCA	0.9986	-	0.3714
1	26224326	26233417	9091	BIANCA	0.9901	-	0.8613
1	26232479	26239404	6925	BIANCA	0.9980	-	0.4674
1	26238181	26244276	6095	REINA	0.9999	-	0.5005
1	26249036	26253909	4873	ORYCO	0.9915	-	0.5038
1	26252997	26259104	6107	ALE	0.9920	-	0.5230
1	26257524	26264136	6612	BIANCA	0.9986	-	0.7859
1	26263285	26269591	6306	ALE	0.9911	-	0.9627
1	26267527	26273909	6382	TORK	0.9922	-	0.7897
1	26275371	26280753	5382	REINA	0.9981	-	0.2975
1	26285766	26292108	6342	ALE	0.9989	-	0.5571
1	26285766	26292108	6342	ALE	0.9989	-	0.5571
1	26299405	26304726	5321	REINA	0.9984	-	0.9879
1	26302301	26307549	5248	REINA	0.9902	-	0.9405
1	26305387	26311078	5691	REINA	0.9997	-	0.5026
1	26318906	26323797	4891	BIANCA	0.9942	-	0.6313
1	26323794	26328639	4845	ALE	0.9933	-	0.4488
1	26318906	26323797	4891	BIANCA	0.9942	-	0.9899
1	26323794	26328639	4845	ALE	0.9933	-	0.4488
1	26331319	26335689	4370	ALE	0.9973	-	0.7986
1	26341048	26347202	6154	ALE	0.9998	-	0.9858
1	26349882	26354177	4295	ALE	0.9994	-	0.7998
1	26356502	26361440	4938	ALE	0.9992	-	0.6550
1	26366788	26375380	8592	BIANCA	0.9991	-	0.6677
1	26386702	26391612	4910	REINA	0.9968	-	0.5957
1	26390245	26395823	5578	ALE	0.9963	-	0.4388
1	26418404	26424298	5894	ALE	0.9984	-	0.6395
1	26423532	26429736	6204	ALE	0.9991	-	0.9680
1	26428923	26433598	4675	BIANCA	0.9982	-	0.8221
1	26440121	26445974	5853	ALE	0.9991	-	0.9465
1	26440121	26445974	5853	ALE	0.9991	-	0.8832
1	26448282	26455506	7224	BIANCA	0.9943	-	0.9796
1	26456125	26461785	5660	REINA	0.9968	-	0.9854
1	26466607	26472223	5616	REINA	0.9989	-	0.7899
1	26485625	26491382	5757	ALE	0.9917	-	0.7781
1	26485625	26491382	5757	ALE	0.9917	-	0.7781
1	26500546	26512477	11931	ATHILA	0.9960	-	0.5193
1	26518685	26524313	5628	ALE	0.9994	-	0.7904
1	26528091	26533367	5276	REINA	0.9996	-	0.7634
1	26543527	26549932	6405	ALE	0.9919	-	0.4242
1	26562256	26567763	5507	BIANCA	0.9979	-	0.9476
1	26562256	26567763	5507	BIANCA	0.9979	-	0.9476
1	26567211	26572957	5746	BIANCA	0.9977	-	0.4170
1	26578340	26584404	6064	ALE	0.9981	-	0.6838
1	26582005	26587828	5823	REINA	0.9954	-	0.7420
1	26589437	26594300	4863	BIANCA	0.9956	-	0.4124
1	26599564	26605836	6272	BIANCA	0.9982	-	0.9944
1	26599564	26605836	6272	BIANCA	0.9982	-	0.5793
1	26612408	26618968	6560	REINA	0.9985	-	0.9261
1	26619729	26630604	10875	ANGELA	0.9991	-	0.7605
1	26632339	26637751	5412	ALE	0.9932	-	0.7930
1	26637716	26642634	4918	ALE	0.9983	-	0.9702
1	26643490	26649224	5734	BIANCA	0.9908	-	0.7343
1	26643490	26649224	5734	BIANCA	0.9908	-	0.7343
1	26655682	26661411	5729	REINA	0.9993	-	0.9774
1	26661545	26668744	7199	ALE	0.9963	-	0.5482
1	26665282	26676386	11104	DEL	0.9963	-	0.9958
1	26672265	26681159	8894	SIRE	0.9995	-	0.5493
1	26678726	26683992	5266	ALE	0.9996	-	0.8793
1	26690236	26695337	5101	BIANCA	0.9974	-	0.8457
1	26694441	26701316	6875	TORK	0.9909	-	0.7856
1	26706301	26711597	5296	ALE	0.9994	-	0.9878
1	26709839	26715524	5685	ALE	0.9988	-	0.5409
1	26716377	26722159	5782	REINA	0.9992	-	0.4359
1	26733307	26737800	4493	ALE	0.9968	-	0.9929
1	26738315	26743362	5047	ORYCO	0.9997	-	0.8687
1	26748055	26753984	5929	ALE	0.9969	-	0.8840
1	26750476	26763715	13239	SIRE	0.9990	-	0.6877
1	26774614	26780062	5448	BIANCA	0.9926	-	0.6699
1	26780401	26785400	4999	REINA	0.9982	-	0.9436
1	26784393	26790031	5638	REINA	0.9979	-	0.8077
1	26788093	26792309	4216	ALE	0.9951	-	0.8328
1	26803332	26808702	5370	ORYCO	0.9917	-	0.5209
1	26795728	26805950	10222	BIANCA	0.9969	-	0.5035
1	26803332	26808702	5370	ORYCO	0.9917	-	0.5209
1	26806782	26813465	6683	ALE	0.9960	-	0.5512
1	26810932	26816763	5831	BIANCA	0.9995	-	0.9564
1	26821586	26828311	6725	BIANCA	0.9998	-	0.8725
1	26836241	26842807	6566	ALE	0.9994	-	0.8136
1	26845850	26851415	5565	REINA	0.9993	-	0.4866
1	26845850	26851415	5565	REINA	0.9993	-	0.4866
1	26853757	26858619	4862	BIANCA	0.9989	-	0.9694
1	26862860	26867584	4724	ALE	0.9979	-	0.5338
1	26874319	26880145	5826	REINA	0.9999	-	0.9340
1	26885052	26889110	4058	ALE	0.9909	-	0.5286
1	26885052	26889110	4058	ALE	0.9909	-	0.5286
1	26888732	26898221	9489	DEL	0.9976	-	0.5995
1	26903110	26911663	8553	SIRE	0.9907	-	0.6622
1	26923138	26928718	5580	REINA	0.9984	-	0.3995
1	26923138	26928718	5580	REINA	0.9984	-	0.3995
1	26929686	26934767	5081	REINA	0.9972	-	0.4001
1	26944848	26949804	4956	ALE	0.9910	-	0.6533
1	26949148	26957156	8008	SIRE	0.9957	-	0.4534
1	26961319	26966640	5321	TORK	0.9959	-	0.7268
1	26961319	26966640	5321	TORK	0.9959	-	0.7268
1	26969768	26975215	5447	BIANCA	0.9957	-	0.7713
1	26982138	26988082	5944	REINA	0.9975	-	0.9774
1	26992043	26998711	6668	ALE	0.9954	-	0.2411
1	26998164	27008469	10305	DEL	0.9909	-	0.8793
1	26998164	27008469	10305	DEL	0.9909	-	0.9878
1	27010823	27016297	5474	REINA	0.9919	-	0.8714
1	27014788	27020529	5741	ALE	0.9946	-	0.4882
1	27020137	27026624	6487	ALE	1.0000	-	0.5052
1	27029169	27033362	4193	ALE	1.0000	-	0.3809
1	27033770	27038771	5001	ALE	0.9905	-	0.6982
1	27037577	27043263	5686	ALE	0.9988	-	0.5211
1	27042889	27048787	5898	ALE	0.9934	-	0.6123
1	27042889	27048787	5898	ALE	0.9934	-	0.6123
1	27060826	27068393	7567	BIANCA	0.9963	-	0.9138
1	27066819	27072713	5894	ALE	0.9998	-	0.6202
1	27114315	27120238	5923	ALE	0.9996	-	0.9590
1	27118267	27123214	4947	REINA	0.9969	-	0.6271
1	27123022	27129277	6255	REINA	0.9986	-	0.9643
1	27123022	27129277	6255	REINA	0.9986	-	0.9643
1	27127979	27133805	5826	BIANCA	0.9923	-	0.7102
1	27145630	27150573	4943	ALE	0.9950	-	0.4283
1	27158971	27164046	5075	ALE	0.9930	-	0.8262
1	27165112	27169495	4383	REINA	0.9928	-	0.9994
1	27158971	27164046	5075	ALE	0.9930	-	0.6399
1	27165112	27169495	4383	REINA	0.9928	-	0.9994
1	27176249	27180867	4618	BIANCA	0.9942	-	0.6947
1	27193974	27200069	6095	ALE	0.9996	-	0.8667
1	27223906	27230144	6238	ORYCO	0.9971	-	0.5778
1	27232669	27241774	9105	DEL	0.9943	-	0.8092
1	27242157	27252111	9954	SIRE	0.9923	-	0.9695
1	27242157	27252111	9954	SIRE	0.9923	-	0.9695
1	27253493	27257026	3533	ORYCO	0.9914	-	0.3677
1	27258123	27261747	3624	ALE	1.0000	-	0.7897
1	27273459	27281924	8465	SIRE	0.9941	-	0.7833
1	27283727	27287960	4233	ORYCO	0.9967	-	0.8377
1	27283727	27287960	4233	ORYCO	0.9967	-	0.8377
1	27287490	27292351	4861	TORK	0.9958	-	0.9855
1	27300218	27305444	5226	BIANCA	0.9901	-	0.8961
1	27305522	27310824	5302	ALE	0.9975	-	0.8201
1	27319508	27324443	4935	ALE	0.9946	-	0.7461
1	27323349	27334027	10678	DEL	0.9948	-	0.7620
1	27319508	27324443	4935	ALE	0.9946	-	0.6723
1	27323349	27334027	10678	DEL	0.9948	-	0.7620
1	27335107	27340742	5635	ALE	0.9973	-	0.7795
1	27343888	27348834	4946	ALE	0.9962	-	0.8863
1	27350991	27356971	5980	ALE	0.9951	-	0.3580
1	27356685	27362403	5718	REINA	0.9944	-	0.5299
1	27361846	27366861	5015	ALE	0.9997	-	0.5668
1	27361846	27366861	5015	ALE	0.9997	-	0.5668
1	27375275	27380427	5152	ORYCO	0.9992	-	0.5644
1	27386677	27392870	6193	ALE	0.9965	-	0.8986
1	27390580	27396560	5980	ALE	0.9934	-	0.9156
1	27398281	27403117	4836	ALE	0.9933	-	0.5210
1	27418065	27427101	9036	SIRE	0.9927	-	0.5099
1	27430231	27439676	9445	DEL	0.9979	-	0.5085
1	27436470	27445698	9228	DEL	0.9978	-	0.4814
1	27444026	27449243	5217	ALE	0.9966	-	0.8374
1	27444026	27449243	5217	ALE	0.9966	-	0.8374
1	27449052	27453962	4910	ALE	0.9980	-	0.6028
1	27473911	27482933	9022	DEL	0.9974	-	0.8010
1	27479858	27490860	11002	DEL	0.9944	-	0.8624
1	27479858	27490860	11002	DEL	0.9944	-	0.9613
1	27490506	27496393	5887	BIANCA	0.9953	-	0.4190
1	27497030	27503212	6182	TORK	0.9989	-	0.4125
1	27502883	27507998	5115	REINA	1.0000	-	0.6953
1	27507984	27513036	5052	ALE	0.9911	-	0.7565
1	27512900	27518408	5508	ALE	0.9945	-	0.6048
1	27521073	27531794	10721	SIRE	0.9953	-	0.6715
1	27521073	27531794	10721	SIRE	0.9953	-	0.6740
1	27539076	27544614	5538	REINA	0.9991	-	0.8987
1	27548186	27553562	5376	ALE	0.9993	-	0.5204
1	27559088	27570653	11565	ATHILA	0.9955	-	0.6652
1	27559088	27570653	11565	ATHILA	0.9955	-	0.5388
1	27576540	27582004	5464	ORYCO	0.9973	-	0.5117
1	27584697	27590552	5855	REINA	0.9951	-	0.8395
1	27593020	27597412	4392	ALE	0.9985	-	0.7762
1	27607199	27614317	7118	BIANCA	0.9964	-	0.3099
1	27616173	27621076	4903	ORYCO	0.9990	-	0.3899
1	27621855	27631732	9877	DEL	0.9997	-	0.8820
1	27633708	27638495	4787	ALE	0.9971	-	0.7519
1	27641158	27649839	8681	TORK	0.9914	-	0.9297
1	27641158	27649839	8681	TORK	0.9914	-	0.9301
1	27651307	27657629	6322	REINA	0.9982	-	0.4884
1	27656238	27661062	4824	ALE	0.9955	-	0.9156
1	27670199	27675384	5185	ALE	0.9956	-	0.7809
1	27674129	27678940	4811	ALE	0.9967	-	0.6539
1	27690418	27700622	10204	SIRE	0.9975	-	0.8080
1	27697247	27702800	5553	REINA	0.9983	-	0.4200
1	27717253	27722775	5522	ALE	0.9982	-	0.7146
1	27721456	27726650	5194	REINA	0.9964	-	0.7870
1	27721456	27726650	5194	REINA	0.9964	-	0.7870
1	27731795	27736724	4929	ALE	0.9955	-	0.9966
1	27752579	27758701	6122	BIANCA	0.9999	-	0.6057
1	27756342	27761636	5294	REINA	0.9952	-	0.3465
1	27762669	27768319	5650	ALE	0.9970	-	0.8657
1	27762669	27768319	5650	ALE	0.9970	-	0.8657
1	27769686	27775241	5555	ALE	0.9944	-	0.5373
1	27779949	27790336	10387	DEL	0.9977	-	0.4958
1	27791053	27797559	6506	BIANCA	0.9983	-	0.9382
1	27813144	27821298	8154	DEL	0.9987	-	0.4311
1	27840751	27850568	9817	BIANCA	0.9973	-	0.9060
1	27840751	27850568	9817	BIANCA	0.9973	-	0.8704
1	27873989	27879151	5162	BIANCA	0.9977	-	0.6329
1	27883090	27889427	6337	TORK	0.9987	-	0.5584
1	27883090	27889427	6337	TORK	0.9987	-	0.5584
1	27911157	27916468	5311	ORYCO	0.9978	-	0.3146
1	27918821	27924885	6064	ALE	0.9938	-	0.6401
1	27918821	27924885	6064	ALE	0.9938	-	0.5420
1	27939188	27944329	5141	ALE	0.9972	-	0.9277
1	27951771	27957444	5673	ALE	0.9901	-	0.4149
1	27972034	27976921	4887	REINA	0.9995	-	0.9350
1	27981926	27985932	4006	ALE	0.9972	-	0.9917
1	27983907	27989523	5616	ALE	0.9989	-	0.9449
1	27992102	27996735	4633	ALE	0.9996	-	0.6191
1	27996753	28002297	5544	REINA	0.9997	-	0.7531
1	28015964	28020768	4804	ALE	0.9973	-	0.7078
1	28020089	28024813	4724	ALE	0.9989	-	0.9707
1	28028262	28034661	6399	REINA	0.9983	-	0.9835
1	28034092	28040338	6246	BIANCA	0.9939	-	0.9195
1	28041718	28045647	3929	REINA	0.9999	-	0.4425
1	28046421	28050415	3994	ALE	0.9984	-	0.7846
1	28041718	28045647	3929	REINA	0.9999	-	0.4425
1	28046421	28050415	3994	ALE	0.9984	-	0.7846
1	28049933	28059853	9920	DEL	0.9933	-	0.8685
1	28081116	28086868	5752	ALE	0.9916	-	0.7219
1	28081116	28086868	5752	ALE	0.9916	-	0.7112
1	28092716	28097246	4530	BIANCA	0.9949	-	0.7007
1	28096332	28101762	5430	ALE	0.9930	-	0.8197
1	28100962	28105675	4713	REINA	0.9993	-	0.3314
1	28104598	28109743	5145	BIANCA	0.9945	-	0.3293
1	28121803	28127087	5284	ALE	0.9908	-	0.8662
1	28121803	28127087	5284	ALE	0.9908	-	0.8662
1	28129199	28135170	5971	ALE	0.9941	-	0.4298
1	28155249	28161460	6211	ORYCO	0.9996	-	0.7573
1	28161330	28166735	5405	ALE	0.9981	-	0.9320
1	28161330	28166735	5405	ALE	0.9981	-	0.9320
1	28173596	28179502	5906	BIANCA	0.9989	-	0.4568
1	28177150	28183232	6082	BIANCA	0.9950	-	0.9828
1	28188884	28194189	5305	BIANCA	0.9964	-	0.9651
1	28194630	28200272	5642	BIANCA	0.9995	-	0.5193
1	28216069	28221334	5265	ALE	0.9912	-	0.4525
1	28219484	28225499	6015	BIANCA	0.9933	-	0.7905
1	28227914	28237852	9938	ATHILA	0.9958	-	0.7357
1	28235013	28239581	4568	ALE	0.9999	-	0.7468
1	28238694	28243742	5048	ALE	0.9963	-	0.5845
1	28244644	28250545	5901	ALE	0.9930	-	0.8459
1	28244644	28250545	5901	ALE	0.9930	-	0.8459
1	28253986	28260780	6794	TORK	0.9985	-	0.5057
1	28261701	28266729	5028	ORYCO	0.9997	-	0.7017
1	28273383	28283612	10229	SIRE	0.9938	-	0.6703
1	28281821	28286646	4825	ALE	0.9999	-	0.8935
1	28281821	28286646	4825	ALE	0.9999	-	0.8935
1	28287293	28293035	5742	BIANCA	0.9970	-	0.6875
1	28296237	28306653	10416	DEL	0.9963	-	0.8606
1	28311847	28320828	8981	SIRE	0.9908	-	0.9599
1	28317559	28322980	5421	BIANCA	0.9983	-	0.4258
1	28320792	28327707	6915	ALE	0.9993	-	0.9040
1	28324801	28330551	5750	ALE	0.9990	-	0.9811
1	28320792	28327707	6915	ALE	0.9993	-	0.5389
1	28324801	28330551	5750	ALE	0.9990	-	0.9811
1	28332627	28338126	5499	REINA	0.9928	-	0.9874
1	28338426	28343955	5529	BIANCA	0.9996	-	0.8803
1	28344259	28350123	5864	BIANCA	0.9921	-	0.8270
1	28365683	28370696	5013	REINA	1.0000	-	0.4109
1	28365683	28370696	5013	REINA	1.0000	-	0.4109
1	28376031	28381897	5866	REINA	0.9988	-	0.7219
1	28383949	28390584	6635	BIANCA	0.9983	-	0.9624
1	28388939	28393924	4985	REINA	0.9989	-	0.7967
1	28397216	28402006	4790	ALE	0.9971	-	0.9902
1	28400270	28405790	5520	ALE	0.9919	-	0.9417
1	28400270	28405790	5520	ALE	0.9919	-	0.6617
1	28407107	28412217	5110	BIANCA	0.9976	-	0.5264
1	28423924	28429482	5558	REINA	0.9998	-	0.6721
1	28431503	28440848	9345	ATHILA	0.9996	-	0.8532
1	28439628	28448829	9201	BIANCA	0.9910	-	0.9693
1	28439628	28448829	9201	BIANCA	0.9910	-	0.4338
1	28446965	28452352	5387	ALE	0.9996	-	0.9608
1	28455942	28460517	4575	ALE	0.9917	-	0.8267
1	28460098	28466152	6054	ALE	0.9969	-	0.5925
1	28469523	28475641	6118	REINA	0.9965	-	0.9457
1	28474007	28479848	5841	ALE	0.9974	-	0.2934
1	28485255	28491871	6616	BIANCA	0.9963	-	0.3589
1	28485255	28491871	6616	BIANCA	0.9963	-	0.3589
1	28508324	28513409	5085	ALE	0.9956	-	0.9999
1	28515567	28521166	5599	ALE	0.9990	-	0.8667
1	28519451	28528964	9513	BIANCA	0.9964	-	0.9754
1	28519451	28528964	9513	BIANCA	0.9964	-	0.6345
1	28532091	28536734	4643	BIANCA	0.9953	-	0.6643
1	28543248	28548187	4939	ALE	0.9923	-	0.6151
1	28554948	28561392	6444	REINA	0.9989	-	0.6171
1	28561540	28567515	5975	ALE	0.9986	-	0.8528
1	28565899	28571667	5768	ALE	0.9928	-	0.5913
1	28561540	28567515	5975	ALE	0.9986	-	0.8528
1	28565899	28571667	5768	ALE	0.9928	-	0.5913
1	28581457	28590522	9065	DEL	0.9964	-	0.9729
1	28595413	28601507	6094	ALE	0.9987	-	0.9757
1	28609242	28613905	4663	ALE	0.9977	-	0.5273
1	28611808	28617909	6101	TORK	0.9950	-	0.5393
1	28627974	28633616	5642	BIANCA	0.9980	-	0.3894
1	28636518	28640887	4369	BIANCA	0.9999	-	0.9764
1	28652839	28658316	5477	BIANCA	0.9969	-	0.6751
1	28662301	28668474	6173	ALE	0.9990	-	0.8674
1	28672330	28679481	7151	BIANCA	0.9959	-	0.9964
1	28677799	28688977	11178	SIRE	0.9968	-	0.9959
1	28677799	28688977	11178	SIRE	0.9968	-	0.3669
1	28686969	28693746	6777	TORK	0.9970	-	0.4036
1	28698316	28702727	4411	BIANCA	0.9985	-	0.8874
1	28700807	28707055	6248	REINA	0.9993	-	0.8516
1	28708114	28713645	5531	REINA	0.9956	-	0.7198
1	28715892	28722535	6643	REINA	0.9999	-	0.3510
1	28731026	28735548	4522	ORYCO	0.9993	-	0.5318
1	28736292	28742625	6333	BIANCA	0.9990	-	0.4846
1	28740959	28746181	5222	ALE	0.9983	-	0.5254
1	28745172	28755333	10161	SIRE	0.9974	-	0.6212
1	28754438	28758545	4107	ALE	0.9926	-	0.9001
1	28757793	28763371	5578	REINA	0.9901	-	0.3625
1	28761090	28766077	4987	BIANCA	0.9926	-	0.9918
1	28763791	28769151	5360	ALE	0.9938	-	0.8426
1	28761090	28766077	4987	BIANCA	0.9926	-	0.9923
1	28763791	28769151	5360	ALE	0.9938	-	0.8426
1	28774515	28784672	10157	ATHILA	0.9947	-	0.3718
1	28794595	28800550	5955	ALE	0.9956	-	0.5283
1	28803795	28814626	10831	TORK	0.9996	-	0.7828
1	28815950	28821902	5952	ORYCO	1.0000	-	0.9687
1	28820601	28827530	6929	TORK	0.9990	-	0.5969
1	28824704	28830493	5789	TORK	0.9909	-	0.9653
1	28836205	28840793	4588	ORYCO	0.9906	-	0.8884
1	28843408	28848500	5092	ALE	0.9916	-	0.3657
1	28843408	28848500	5092	ALE	0.9916	-	0.3657
1	28857266	28863296	6030	ALE	0.9962	-	0.9542
1	28863312	28868047	4735	ORYCO	0.9997	-	0.8706
1	28866261	28871219	4958	ALE	0.9981	-	0.9823
1	28871059	28876712	5653	ALE	0.9901	-	0.6770
1	28873877	28883057	9180	TORK	0.9981	-	0.5811
1	28893825	28899499	5674	ALE	0.9998	-	0.4120
1	28898840	28904942	6102	BIANCA	0.9955	-	0.6147
1	28912799	28917865	5066	ALE	0.9981	-	0.6677
1	28928146	28933457	5311	ALE	0.9982	-	0.9921
1	28930953	28936951	5998	BIANCA	0.9936	-	0.9035
1	28935037	28939729	4692	ALE	0.9975	-	0.5801
1	28939425	28945252	5827	BIANCA	0.9959	-	0.8599
1	28944527	28951432	6905	ALE	0.9917	-	0.9514
1	28951595	28956970	5375	REINA	0.9987	-	0.4171
1	28956456	28963569	7113	ALE	0.9923	-	0.9925
1	28965632	28971561	5929	ORYCO	0.9950	-	0.9938
1	28965632	28971561	5929	ORYCO	0.9950	-	0.9938
1	28978813	28988016	9203	SIRE	0.9936	-	0.5540
1	28989509	28996045	6536	BIANCA	0.9910	-	0.9012
1	28995606	29001742	6136	ALE	0.9902	-	0.8991
1	29003959	29009701	5742	BIANCA	0.9983	-	0.6834
1	29003959	29009701	5742	BIANCA	0.9983	-	0.6834
1	29013013	29017839	4826	ALE	0.9974	-	0.9573
1	29024644	29029939	5295	ALE	0.9989	-	0.7378
1	29035364	29041029	5665	ALE	0.9932	-	0.5838
1	29044107	29048494	4387	ALE	0.9993	-	0.6957
1	29044107	29048494	4387	ALE	0.9993	-	0.6957
1	29057959	29063765	5806	ALE	0.9995	-	0.9600
1	29063609	29068706	5097	REINA	0.9989	-	0.9886
1	29095768	29102026	6258	REINA	0.9993	-	0.7396
1	29099854	29106383	6529	REINA	0.9980	-	0.8659
1	29108812	29118694	9882	ANGELA	0.9981	-	0.9537
1	29122571	29132597	10026	DEL	0.9921	-	0.3670
1	29122571	29132597	10026	DEL	0.9921	-	0.3670
1	29131535	29137099	5564	ALE	0.9991	-	0.6347
1	29135286	29141961	6675	BIANCA	0.9921	-	0.8869
1	29142395	29148178	5783	ALE	0.9985	-	0.4222
1	29149923	29156235	6312	ALE	0.9961	-	0.9883
1	29166412	29172395	5983	BIANCA	0.9993	-	0.6946
1	29175001	29179316	4315	ORYCO	0.9999	-	0.9504
1	29197859	29203561	5702	TORK	0.9984	-	0.9557
1	29206747	29211684	4937	ORYCO	0.9963	-	0.5945
1	29210705	29216985	6280	TORK	0.9915	-	0.7307
1	29218635	29223110	4475	ORYCO	0.9994	-	0.4732
1	29221981	29227067	5086	ALE	0.9993	-	0.9796
1	29226975	29232267	5292	ALE	0.9995	-	0.6250
1	29237770	29243056	5286	BIANCA	0.9969	-	0.3575
1	29240886	29250382	9496	ATHILA	0.9948	-	0.5436
1	29240886	29250382	9496	ATHILA	0.9948	-	0.8330
1	29250911	29255435	4524	REINA	0.9972	-	0.7724
1	29255465	29262421	6956	REINA	0.9906	-	0.5462
1	29260645	29267068	6423	BIANCA	0.9901	-	0.6039
1	29275897	29280834	4937	ORYCO	0.9943	-	0.6491
1	29278117	29285788	7671	BIANCA	0.9962	-	0.4965
1	29278117	29285788	7671	BIANCA	0.9962	-	0.9013
1	29296497	29301440	4943	ALE	0.9972	-	0.9981
1	29301513	29305634	4121	REINA	0.9999	-	0.7027
1	29303767	29310289	6522	ALE	0.9954	-	0.8653
1	29311673	29317016	5343	BIANCA	0.9905	-	0.3053
1	29322766	29329060	6294	BIANCA	0.9946	-	0.5645
1	29322766	29329060	6294	BIANCA	0.9946	-	0.5645
1	29329691	29337480	7789	DEL	0.9979	-	0.7869
1	29341823	29347381	5558	REINA	0.9981	-	0.9498
1	29354471	29359419	4948	TORK	0.9935	-	0.8658
1	29364020	29369032	5012	ALE	0.9986	-	0.3603
1	29364020	29369032	5012	ALE	0.9986	-	0.3603
1	29375090	29380875	5785	ALE	0.9973	-	0.8584
1	29381764	29387336	5572	REINA	0.9956	-	0.9796
1	29388986	29394059	5073	ORYCO	0.9918	-	0.5756
1	29404537	29409727	5190	ALE	0.9962	-	0.5923
1	29404537	29409727	5190	ALE	0.9962	-	0.5923
1	29410852	29415551	4699	ALE	0.9991	-	0.5426
1	29414093	29422511	8418	ANGELA	0.9912	-	0.8967
1	29430585	29441041	10456	DEL	0.9981	-	0.3553
1	29438651	29444704	6053	BIANCA	0.9975	-	0.9980
1	29442805	29449481	6676	ALE	0.9992	-	0.4643
1	29438651	29444704	6053	BIANCA	0.9975	-	0.8783
1	29442805	29449481	6676	ALE	0.9992	-	0.4643
1	29462964	29468472	5508	ALE	0.9925	-	0.8535
1	29476691	29482271	5580	BIANCA	0.9986	-	0.3704
1	29480033	29489293	9260	ANGELA	0.9985	-	0.3987
1	29480033	29489293	9260	ANGELA	0.9985	-	0.5598
1	29502368	29507676	5308	ORYCO	0.9989	-	0.9348
1	29506310	29511542	5232	TORK	0.9991	-	0.8313
1	29509853	29515468	5615	ALE	0.9990	-	0.5774
1	29521670	29526935	5265	ALE	0.9990	-	0.8989
1	29521670	29526935	5265	ALE	0.9990	-	0.8989
1	29540005	29544881	4876	REINA	0.9958	-	0.9020
1	29547467	29552959	5492	REINA	0.9978	-	0.5417
1	29558354	29569650	11296	ATHILA	0.9999	-	0.5728
1	29558354	29569650	11296	ATHILA	0.9999	-	0.3540
1	29589521	29594482	4961	ALE	0.9997	-	0.5666
1	29592003	29601115	9112	ATHILA	0.9966	-	0.9984
1	29611479	29615847	4368	REINA	0.9961	-	0.8583
1	29649690	29654573	4883	ALE	0.9957	-	0.9105
1	29666943	29672240	5297	BIANCA	0.9973	-	0.9999
1	29674732	29679499	4767	ALE	0.9920	-	0.5713
1	29687082	29691375	4293	ALE	0.9975	-	0.4067
1	29693963	29699835	5872	BIANCA	0.9988	-	0.7531
1	29718753	29723565	4812	BIANCA	0.9945	-	0.7013
1	29718753	29723565	4812	BIANCA	0.9945	-	0.9991
1	29735027	29739843	4816	ALE	0.9983	-	0.5606
1	29744113	29749229	5116	ALE	0.9943	-	0.4964
1	29751485	29756423	4938	BIANCA	0.9912	-	0.2977
1	29754082	29760450	6368	ALE	0.9995	-	0.9225
1	29760719	29765743	5024	ALE	0.9995	-	0.9756
1	29763393	29768640	5247	ALE	0.9986	-	0.4060
1	29760719	29765743	5024	ALE	0.9995	-	0.9867
1	29763393	29768640	5247	ALE	0.9986	-	0.4060
1	29773303	29778787	5484	REINA	0.9979	-	0.9337
1	29779576	29786234	6658	ALE	0.9992	-	0.6130
1	29784414	29789703	5289	TORK	0.9920	-	0.6277
1	29813117	29819963	6846	ALE	0.9998	-	0.9781
1	29819039	29824699	5660	TORK	0.9951	-	0.6133
1	29828152	29833487	5335	ALE	0.9901	-	0.5311
1	29838885	29845281	6396	BIANCA	0.9956	-	0.3944
1	29846705	29850624	3919	ALE	0.9956	-	0.9859
1	29838885	29845281	6396	BIANCA	0.9956	-	0.8797
1	29874458	29879596	5138	TORK	0.9960	-	0.3170
1	29883558	29892986	9428	DEL	0.9995	-	0.8658
1	29883558	29892986	9428	DEL	0.9995	-	0.8658
1	29890701	29901823	11122	BIANCA	0.9988	-	0.9649
1	29897395	29909582	12187	BIANCA	0.9960	-	0.9094
1	29905833	29911899	6066	REINA	0.9927	-	0.5534
1	29914028	29919490	5462	BIANCA	0.9952	-	0.2713
1	29928041	29933190	5149	BIANCA	0.9999	-	0.8131
1	29938532	29944545	6013	ALE	0.9999	-	0.9030
1	29949216	29957732	8516	BIANCA	0.9993	-	0.8882
1	29966209	29970551	4342	REINA	0.9972	-	0.3857
1	29966209	29970551	4342	REINA	0.9972	-	0.3857
1	29968777	29975123	6346	BIANCA	0.9923	-	0.5377
1	29974554	29979901	5347	BIANCA	0.9950	-	0.8383
1	29981137	29988086	6949	BIANCA	0.9995	-	0.7955
1	29990655	29995641	4986	BIANCA	0.9990	-	0.9835
1	29996836	30001946	5110	ALE	0.9908	-	0.5152
1	30004570	30014515	9945	BIANCA	0.9932	-	0.9372
1	30013430	30019718	6288	ALE	0.9997	-	0.7478
1	30028416	30036607	8191	DEL	0.9922	-	0.9223
1	30033251	30039918	6667	ALE	0.9996	-	0.7088
1	30054604	30060114	5510	ALE	0.9953	-	0.8101
1	30070960	30076646	5686	ALE	0.9939	-	0.5718
1	30074814	30080515	5701	BIANCA	0.9976	-	0.8097
1	30081468	30088375	6907	BIANCA	0.9978	-	0.7288
1	30081468	30088375	6907	BIANCA	0.9978	-	0.7288
1	30089397	30094495	5098	ALE	0.9998	-	0.8763
1	30094414	30099595	5181	BIANCA	0.9951	-	0.9946
1	30100268	30108063	7795	REINA	0.9969	-	0.6701
1	30110481	30122339	11858	ATHILA	0.9955	-	0.5695
1	30118576	30127746	9170	TORK	0.9994	-	0.7697
1	30118576	30127746	9170	TORK	0.9994	-	0.8818
1	30148549	30153840	5291	BIANCA	0.9934	-	0.9894
1	30173176	30177815	4639	ALE	0.9901	-	0.8943
1	30176632	30182250	5618	ALE	0.9948	-	0.9656
1	30186989	30192676	5687	ALE	0.9999	-	0.9319
1	30192505	30198367	5862	ORYCO	0.9940	-	0.3966
1	30214479	30220221	5742	ALE	0.9998	-	0.6874
1	30218709	30223019	4310	BIANCA	0.9968	-	0.4090
1	30223517	30236036	12519	TAT	0.9993	-	0.5795
1	30236591	30243160	6569	BIANCA	0.9931	-	0.4666
1	30243001	30248162	5161	ALE	0.9963	-	0.9958
1	30243001	30248162	5161	ALE	0.9963	-	0.9958
1	30251637	30256849	5212	REINA	0.9975	-	0.9469
1	30261376	30273454	12078	ATHILA	0.9950	-	0.5155
1	30302428	30307381	4953	ALE	0.9999	-	0.3345
1	30312635	30316987	4352	ALE	0.9959	-	0.4992
1	30335002	30340376	5374	BIANCA	0.9945	-	0.7627
1	30337865	30343982	6117	ALE	0.9990	-	0.8906
1	30351455	30357311	5856	ALE	0.9937	-	0.9736
1	30374603	30379321	4718	BIANCA	0.9980	-	0.4870
1	30381750	30387397	5647	BIANCA	0.9997	-	0.8976
1	30396791	30406319	9528	DEL	0.9999	-	0.8965
1	30405322	30416277	10955	SIRE	0.9996	-	0.6738
1	30415474	30420669	5195	REINA	0.9912	-	0.3612
1	30421585	30427671	6086	ATHILA	0.9955	-	0.5848
